ISO-10303-21;
HEADER;
FILE_DESCRIPTION(('KiCad electronic assembly'),'2;1');
FILE_NAME('MatrixBoard.step','2025-11-11T22:27:38',('Pcbnew'),('Kicad'),
  'Open CASCADE STEP processor 7.8','KiCad to STEP converter','Unknown'
  );
FILE_SCHEMA(('AUTOMOTIVE_DESIGN { 1 0 10303 214 1 1 1 1 }'));
ENDSEC;
DATA;
#1 = APPLICATION_PROTOCOL_DEFINITION('international standard',
  'automotive_design',2000,#2);
#2 = APPLICATION_CONTEXT(
  'core data for automotive mechanical design processes');
#3 = SHAPE_DEFINITION_REPRESENTATION(#4,#10);
#4 = PRODUCT_DEFINITION_SHAPE('','',#5);
#5 = PRODUCT_DEFINITION('design','',#6,#9);
#6 = PRODUCT_DEFINITION_FORMATION('','',#7);
#7 = PRODUCT('MatrixBoard 1','MatrixBoard 1','',(#8));
#8 = PRODUCT_CONTEXT('',#2,'mechanical');
#9 = PRODUCT_DEFINITION_CONTEXT('part definition',#2,'design');
#10 = SHAPE_REPRESENTATION('',(#11,#15,#19,#23,#27,#31,#35,#39,#43,#47,
    #51,#55,#59,#63,#67,#71,#75,#79,#83,#87,#91,#95,#99,#103,#107,#111,
    #115,#119,#123,#127,#131,#135,#139,#143,#147,#151,#155,#159,#163,
    #167,#171,#175,#179,#183,#187,#191,#195,#199,#203,#207,#211,#215,
    #219,#223,#227,#231,#235,#239,#243,#247,#251,#255,#259,#263,#267,
    #271,#275,#279,#283,#287,#291,#295,#299,#303,#307,#311,#315,#319,
    #323,#327,#331,#335,#339,#343,#347,#351,#355,#359,#363,#367,#371,
    #375,#379,#383,#387,#391,#395,#399,#403,#407,#411,#415,#419,#423,
    #427,#431,#435,#439,#443,#447,#451,#455,#459,#463,#467,#471,#475,
    #479,#483,#487,#491,#495,#499,#503,#507,#511,#515,#519,#523,#527,
    #531,#535),#539);
#11 = AXIS2_PLACEMENT_3D('',#12,#13,#14);
#12 = CARTESIAN_POINT('',(0.,0.,0.));
#13 = DIRECTION('',(0.,0.,1.));
#14 = DIRECTION('',(1.,0.,-0.));
#15 = AXIS2_PLACEMENT_3D('',#16,#17,#18);
#16 = CARTESIAN_POINT('',(154.,-90.,1.849));
#17 = DIRECTION('',(1.224646799147E-16,1.,1.110223024625E-16));
#18 = DIRECTION('',(-1.,1.224646799147E-16,0.));
#19 = AXIS2_PLACEMENT_3D('',#20,#21,#22);
#20 = CARTESIAN_POINT('',(178.,-110.,1.849));
#21 = DIRECTION('',(0.,-1.,1.110223024625E-16));
#22 = DIRECTION('',(1.,0.,0.));
#23 = AXIS2_PLACEMENT_3D('',#24,#25,#26);
#24 = CARTESIAN_POINT('',(174.,-118.,1.849));
#25 = DIRECTION('',(0.,-1.,1.110223024625E-16));
#26 = DIRECTION('',(1.,0.,0.));
#27 = AXIS2_PLACEMENT_3D('',#28,#29,#30);
#28 = CARTESIAN_POINT('',(162.,-106.,1.849));
#29 = DIRECTION('',(1.224646799147E-16,1.,1.110223024625E-16));
#30 = DIRECTION('',(-1.,1.224646799147E-16,0.));
#31 = AXIS2_PLACEMENT_3D('',#32,#33,#34);
#32 = CARTESIAN_POINT('',(166.,-118.,1.849));
#33 = DIRECTION('',(0.,-1.,1.110223024625E-16));
#34 = DIRECTION('',(1.,0.,0.));
#35 = AXIS2_PLACEMENT_3D('',#36,#37,#38);
#36 = CARTESIAN_POINT('',(174.,-98.,1.849));
#37 = DIRECTION('',(1.224646799147E-16,1.,1.110223024625E-16));
#38 = DIRECTION('',(-1.,1.224646799147E-16,0.));
#39 = AXIS2_PLACEMENT_3D('',#40,#41,#42);
#40 = CARTESIAN_POINT('',(150.,-114.,1.849));
#41 = DIRECTION('',(1.224646799147E-16,1.,1.110223024625E-16));
#42 = DIRECTION('',(-1.,1.224646799147E-16,0.));
#43 = AXIS2_PLACEMENT_3D('',#44,#45,#46);
#44 = CARTESIAN_POINT('',(162.,-110.,1.849));
#45 = DIRECTION('',(0.,-1.,1.110223024625E-16));
#46 = DIRECTION('',(1.,0.,0.));
#47 = AXIS2_PLACEMENT_3D('',#48,#49,#50);
#48 = CARTESIAN_POINT('',(178.,-90.,1.849));
#49 = DIRECTION('',(1.224646799147E-16,1.,1.110223024625E-16));
#50 = DIRECTION('',(-1.,1.224646799147E-16,0.));
#51 = AXIS2_PLACEMENT_3D('',#52,#53,#54);
#52 = CARTESIAN_POINT('',(154.,-110.,1.849));
#53 = DIRECTION('',(0.,-1.,1.110223024625E-16));
#54 = DIRECTION('',(1.,0.,0.));
#55 = AXIS2_PLACEMENT_3D('',#56,#57,#58);
#56 = CARTESIAN_POINT('',(150.,-90.,1.849));
#57 = DIRECTION('',(1.224646799147E-16,1.,1.110223024625E-16));
#58 = DIRECTION('',(-1.,1.224646799147E-16,0.));
#59 = AXIS2_PLACEMENT_3D('',#60,#61,#62);
#60 = CARTESIAN_POINT('',(170.,-118.,1.849));
#61 = DIRECTION('',(0.,-1.,1.110223024625E-16));
#62 = DIRECTION('',(1.,0.,0.));
#63 = AXIS2_PLACEMENT_3D('',#64,#65,#66);
#64 = CARTESIAN_POINT('',(162.,-94.,1.849));
#65 = DIRECTION('',(0.,-1.,1.110223024625E-16));
#66 = DIRECTION('',(1.,0.,0.));
#67 = AXIS2_PLACEMENT_3D('',#68,#69,#70);
#68 = CARTESIAN_POINT('',(158.,-98.,1.849));
#69 = DIRECTION('',(1.224646799147E-16,1.,1.110223024625E-16));
#70 = DIRECTION('',(-1.,1.224646799147E-16,0.));
#71 = AXIS2_PLACEMENT_3D('',#72,#73,#74);
#72 = CARTESIAN_POINT('',(150.,-106.,1.849));
#73 = DIRECTION('',(1.224646799147E-16,1.,1.110223024625E-16));
#74 = DIRECTION('',(-1.,1.224646799147E-16,0.));
#75 = AXIS2_PLACEMENT_3D('',#76,#77,#78);
#76 = CARTESIAN_POINT('',(162.,-98.,1.849));
#77 = DIRECTION('',(1.224646799147E-16,1.,1.110223024625E-16));
#78 = DIRECTION('',(-1.,1.224646799147E-16,0.));
#79 = AXIS2_PLACEMENT_3D('',#80,#81,#82);
#80 = CARTESIAN_POINT('',(178.,-98.,1.849));
#81 = DIRECTION('',(1.224646799147E-16,1.,1.110223024625E-16));
#82 = DIRECTION('',(-1.,1.224646799147E-16,0.));
#83 = AXIS2_PLACEMENT_3D('',#84,#85,#86);
#84 = CARTESIAN_POINT('',(158.,-90.,1.849));
#85 = DIRECTION('',(1.224646799147E-16,1.,1.110223024625E-16));
#86 = DIRECTION('',(-1.,1.224646799147E-16,0.));
#87 = AXIS2_PLACEMENT_3D('',#88,#89,#90);
#88 = CARTESIAN_POINT('',(158.,-110.,1.849));
#89 = DIRECTION('',(0.,-1.,1.110223024625E-16));
#90 = DIRECTION('',(1.,0.,0.));
#91 = AXIS2_PLACEMENT_3D('',#92,#93,#94);
#92 = CARTESIAN_POINT('',(154.,-118.,1.849));
#93 = DIRECTION('',(0.,-1.,1.110223024625E-16));
#94 = DIRECTION('',(1.,0.,0.));
#95 = AXIS2_PLACEMENT_3D('',#96,#97,#98);
#96 = CARTESIAN_POINT('',(174.,-102.,1.849));
#97 = DIRECTION('',(0.,-1.,1.110223024625E-16));
#98 = DIRECTION('',(1.,0.,0.));
#99 = AXIS2_PLACEMENT_3D('',#100,#101,#102);
#100 = CARTESIAN_POINT('',(158.,-94.,1.849));
#101 = DIRECTION('',(0.,-1.,1.110223024625E-16));
#102 = DIRECTION('',(1.,0.,0.));
#103 = AXIS2_PLACEMENT_3D('',#104,#105,#106);
#104 = CARTESIAN_POINT('',(166.,-114.,1.849));
#105 = DIRECTION('',(1.224646799147E-16,1.,1.110223024625E-16));
#106 = DIRECTION('',(-1.,1.224646799147E-16,0.));
#107 = AXIS2_PLACEMENT_3D('',#108,#109,#110);
#108 = CARTESIAN_POINT('',(178.,-114.,1.849));
#109 = DIRECTION('',(1.224646799147E-16,1.,1.110223024625E-16));
#110 = DIRECTION('',(-1.,1.224646799147E-16,0.));
#111 = AXIS2_PLACEMENT_3D('',#112,#113,#114);
#112 = CARTESIAN_POINT('',(166.,-90.,1.849));
#113 = DIRECTION('',(1.224646799147E-16,1.,1.110223024625E-16));
#114 = DIRECTION('',(-1.,1.224646799147E-16,0.));
#115 = AXIS2_PLACEMENT_3D('',#116,#117,#118);
#116 = CARTESIAN_POINT('',(154.,-114.,1.849));
#117 = DIRECTION('',(1.224646799147E-16,1.,1.110223024625E-16));
#118 = DIRECTION('',(-1.,1.224646799147E-16,0.));
#119 = AXIS2_PLACEMENT_3D('',#120,#121,#122);
#120 = CARTESIAN_POINT('',(154.,-98.,1.849));
#121 = DIRECTION('',(1.224646799147E-16,1.,1.110223024625E-16));
#122 = DIRECTION('',(-1.,1.224646799147E-16,0.));
#123 = AXIS2_PLACEMENT_3D('',#124,#125,#126);
#124 = CARTESIAN_POINT('',(170.,-102.,1.849));
#125 = DIRECTION('',(0.,-1.,1.110223024625E-16));
#126 = DIRECTION('',(1.,0.,0.));
#127 = AXIS2_PLACEMENT_3D('',#128,#129,#130);
#128 = CARTESIAN_POINT('',(174.,-94.,1.849));
#129 = DIRECTION('',(0.,-1.,1.110223024625E-16));
#130 = DIRECTION('',(1.,0.,0.));
#131 = AXIS2_PLACEMENT_3D('',#132,#133,#134);
#132 = CARTESIAN_POINT('',(158.,-102.,1.849));
#133 = DIRECTION('',(0.,-1.,1.110223024625E-16));
#134 = DIRECTION('',(1.,0.,0.));
#135 = AXIS2_PLACEMENT_3D('',#136,#137,#138);
#136 = CARTESIAN_POINT('',(150.,-110.,1.849));
#137 = DIRECTION('',(0.,-1.,1.110223024625E-16));
#138 = DIRECTION('',(1.,0.,0.));
#139 = AXIS2_PLACEMENT_3D('',#140,#141,#142);
#140 = CARTESIAN_POINT('',(158.,-106.,1.849));
#141 = DIRECTION('',(1.224646799147E-16,1.,1.110223024625E-16));
#142 = DIRECTION('',(-1.,1.224646799147E-16,0.));
#143 = AXIS2_PLACEMENT_3D('',#144,#145,#146);
#144 = CARTESIAN_POINT('',(154.,-106.,1.849));
#145 = DIRECTION('',(1.224646799147E-16,1.,1.110223024625E-16));
#146 = DIRECTION('',(-1.,1.224646799147E-16,0.));
#147 = AXIS2_PLACEMENT_3D('',#148,#149,#150);
#148 = CARTESIAN_POINT('',(166.,-106.,1.849));
#149 = DIRECTION('',(1.224646799147E-16,1.,1.110223024625E-16));
#150 = DIRECTION('',(-1.,1.224646799147E-16,0.));
#151 = AXIS2_PLACEMENT_3D('',#152,#153,#154);
#152 = CARTESIAN_POINT('',(154.,-94.,1.849));
#153 = DIRECTION('',(0.,-1.,1.110223024625E-16));
#154 = DIRECTION('',(1.,0.,0.));
#155 = AXIS2_PLACEMENT_3D('',#156,#157,#158);
#156 = CARTESIAN_POINT('',(174.,-106.,1.849));
#157 = DIRECTION('',(1.224646799147E-16,1.,1.110223024625E-16));
#158 = DIRECTION('',(-1.,1.224646799147E-16,0.));
#159 = AXIS2_PLACEMENT_3D('',#160,#161,#162);
#160 = CARTESIAN_POINT('',(162.,-114.,1.849));
#161 = DIRECTION('',(1.224646799147E-16,1.,1.110223024625E-16));
#162 = DIRECTION('',(-1.,1.224646799147E-16,0.));
#163 = AXIS2_PLACEMENT_3D('',#164,#165,#166);
#164 = CARTESIAN_POINT('',(154.,-102.,1.849));
#165 = DIRECTION('',(0.,-1.,1.110223024625E-16));
#166 = DIRECTION('',(1.,0.,0.));
#167 = AXIS2_PLACEMENT_3D('',#168,#169,#170);
#168 = CARTESIAN_POINT('',(150.,-118.,1.849));
#169 = DIRECTION('',(0.,-1.,1.110223024625E-16));
#170 = DIRECTION('',(1.,0.,0.));
#171 = AXIS2_PLACEMENT_3D('',#172,#173,#174);
#172 = CARTESIAN_POINT('',(158.,-114.,1.849));
#173 = DIRECTION('',(1.224646799147E-16,1.,1.110223024625E-16));
#174 = DIRECTION('',(-1.,1.224646799147E-16,0.));
#175 = AXIS2_PLACEMENT_3D('',#176,#177,#178);
#176 = CARTESIAN_POINT('',(174.,-114.,1.849));
#177 = DIRECTION('',(1.224646799147E-16,1.,1.110223024625E-16));
#178 = DIRECTION('',(-1.,1.224646799147E-16,0.));
#179 = AXIS2_PLACEMENT_3D('',#180,#181,#182);
#180 = CARTESIAN_POINT('',(178.,-106.,1.849));
#181 = DIRECTION('',(1.224646799147E-16,1.,1.110223024625E-16));
#182 = DIRECTION('',(-1.,1.224646799147E-16,0.));
#183 = AXIS2_PLACEMENT_3D('',#184,#185,#186);
#184 = CARTESIAN_POINT('',(170.,-90.,1.849));
#185 = DIRECTION('',(1.224646799147E-16,1.,1.110223024625E-16));
#186 = DIRECTION('',(-1.,1.224646799147E-16,0.));
#187 = AXIS2_PLACEMENT_3D('',#188,#189,#190);
#188 = CARTESIAN_POINT('',(170.,-106.,1.849));
#189 = DIRECTION('',(1.224646799147E-16,1.,1.110223024625E-16));
#190 = DIRECTION('',(-1.,1.224646799147E-16,0.));
#191 = AXIS2_PLACEMENT_3D('',#192,#193,#194);
#192 = CARTESIAN_POINT('',(150.,-102.,1.849));
#193 = DIRECTION('',(0.,-1.,1.110223024625E-16));
#194 = DIRECTION('',(1.,0.,0.));
#195 = AXIS2_PLACEMENT_3D('',#196,#197,#198);
#196 = CARTESIAN_POINT('',(166.,-102.,1.849));
#197 = DIRECTION('',(0.,-1.,1.110223024625E-16));
#198 = DIRECTION('',(1.,0.,0.));
#199 = AXIS2_PLACEMENT_3D('',#200,#201,#202);
#200 = CARTESIAN_POINT('',(178.,-118.,1.849));
#201 = DIRECTION('',(0.,-1.,1.110223024625E-16));
#202 = DIRECTION('',(1.,0.,0.));
#203 = AXIS2_PLACEMENT_3D('',#204,#205,#206);
#204 = CARTESIAN_POINT('',(174.,-110.,1.849));
#205 = DIRECTION('',(0.,-1.,1.110223024625E-16));
#206 = DIRECTION('',(1.,0.,0.));
#207 = AXIS2_PLACEMENT_3D('',#208,#209,#210);
#208 = CARTESIAN_POINT('',(150.,-98.,1.849));
#209 = DIRECTION('',(1.224646799147E-16,1.,1.110223024625E-16));
#210 = DIRECTION('',(-1.,1.224646799147E-16,0.));
#211 = AXIS2_PLACEMENT_3D('',#212,#213,#214);
#212 = CARTESIAN_POINT('',(158.,-118.,1.849));
#213 = DIRECTION('',(0.,-1.,1.110223024625E-16));
#214 = DIRECTION('',(1.,0.,0.));
#215 = AXIS2_PLACEMENT_3D('',#216,#217,#218);
#216 = CARTESIAN_POINT('',(170.,-110.,1.849));
#217 = DIRECTION('',(0.,-1.,1.110223024625E-16));
#218 = DIRECTION('',(1.,0.,0.));
#219 = AXIS2_PLACEMENT_3D('',#220,#221,#222);
#220 = CARTESIAN_POINT('',(178.,-94.,1.849));
#221 = DIRECTION('',(0.,-1.,1.110223024625E-16));
#222 = DIRECTION('',(1.,0.,0.));
#223 = AXIS2_PLACEMENT_3D('',#224,#225,#226);
#224 = CARTESIAN_POINT('',(170.,-94.,1.849));
#225 = DIRECTION('',(0.,-1.,1.110223024625E-16));
#226 = DIRECTION('',(1.,0.,0.));
#227 = AXIS2_PLACEMENT_3D('',#228,#229,#230);
#228 = CARTESIAN_POINT('',(174.,-90.,1.849));
#229 = DIRECTION('',(1.224646799147E-16,1.,1.110223024625E-16));
#230 = DIRECTION('',(-1.,1.224646799147E-16,0.));
#231 = AXIS2_PLACEMENT_3D('',#232,#233,#234);
#232 = CARTESIAN_POINT('',(170.,-98.,1.849));
#233 = DIRECTION('',(1.224646799147E-16,1.,1.110223024625E-16));
#234 = DIRECTION('',(-1.,1.224646799147E-16,0.));
#235 = AXIS2_PLACEMENT_3D('',#236,#237,#238);
#236 = CARTESIAN_POINT('',(178.,-102.,1.849));
#237 = DIRECTION('',(0.,-1.,1.110223024625E-16));
#238 = DIRECTION('',(1.,0.,0.));
#239 = AXIS2_PLACEMENT_3D('',#240,#241,#242);
#240 = CARTESIAN_POINT('',(162.,-102.,1.849));
#241 = DIRECTION('',(0.,-1.,1.110223024625E-16));
#242 = DIRECTION('',(1.,0.,0.));
#243 = AXIS2_PLACEMENT_3D('',#244,#245,#246);
#244 = CARTESIAN_POINT('',(162.,-118.,1.849));
#245 = DIRECTION('',(0.,-1.,1.110223024625E-16));
#246 = DIRECTION('',(1.,0.,0.));
#247 = AXIS2_PLACEMENT_3D('',#248,#249,#250);
#248 = CARTESIAN_POINT('',(150.,-94.,1.849));
#249 = DIRECTION('',(0.,-1.,1.110223024625E-16));
#250 = DIRECTION('',(1.,0.,0.));
#251 = AXIS2_PLACEMENT_3D('',#252,#253,#254);
#252 = CARTESIAN_POINT('',(166.,-94.,1.849));
#253 = DIRECTION('',(0.,-1.,1.110223024625E-16));
#254 = DIRECTION('',(1.,0.,0.));
#255 = AXIS2_PLACEMENT_3D('',#256,#257,#258);
#256 = CARTESIAN_POINT('',(166.,-110.,1.849));
#257 = DIRECTION('',(0.,-1.,1.110223024625E-16));
#258 = DIRECTION('',(1.,0.,0.));
#259 = AXIS2_PLACEMENT_3D('',#260,#261,#262);
#260 = CARTESIAN_POINT('',(162.,-90.,1.849));
#261 = DIRECTION('',(1.224646799147E-16,1.,1.110223024625E-16));
#262 = DIRECTION('',(-1.,1.224646799147E-16,0.));
#263 = AXIS2_PLACEMENT_3D('',#264,#265,#266);
#264 = CARTESIAN_POINT('',(170.,-114.,1.849));
#265 = DIRECTION('',(1.224646799147E-16,1.,1.110223024625E-16));
#266 = DIRECTION('',(-1.,1.224646799147E-16,0.));
#267 = AXIS2_PLACEMENT_3D('',#268,#269,#270);
#268 = CARTESIAN_POINT('',(166.,-98.,1.849));
#269 = DIRECTION('',(1.224646799147E-16,1.,1.110223024625E-16));
#270 = DIRECTION('',(-1.,1.224646799147E-16,0.));
#271 = AXIS2_PLACEMENT_3D('',#272,#273,#274);
#272 = CARTESIAN_POINT('',(170.,-90.,-8.5E-02));
#273 = DIRECTION('',(0.,-1.224646799147E-16,-1.));
#274 = DIRECTION('',(1.,0.,0.));
#275 = AXIS2_PLACEMENT_3D('',#276,#277,#278);
#276 = CARTESIAN_POINT('',(162.,-90.,-8.5E-02));
#277 = DIRECTION('',(0.,-1.224646799147E-16,-1.));
#278 = DIRECTION('',(1.,0.,0.));
#279 = AXIS2_PLACEMENT_3D('',#280,#281,#282);
#280 = CARTESIAN_POINT('',(178.,-114.,-8.5E-02));
#281 = DIRECTION('',(0.,-1.224646799147E-16,-1.));
#282 = DIRECTION('',(1.,0.,0.));
#283 = AXIS2_PLACEMENT_3D('',#284,#285,#286);
#284 = CARTESIAN_POINT('',(154.,-106.,-8.5E-02));
#285 = DIRECTION('',(0.,-1.224646799147E-16,-1.));
#286 = DIRECTION('',(1.,0.,0.));
#287 = AXIS2_PLACEMENT_3D('',#288,#289,#290);
#288 = CARTESIAN_POINT('',(150.,-90.,-8.5E-02));
#289 = DIRECTION('',(0.,-1.224646799147E-16,-1.));
#290 = DIRECTION('',(1.,0.,0.));
#291 = AXIS2_PLACEMENT_3D('',#292,#293,#294);
#292 = CARTESIAN_POINT('',(174.,-118.,-8.5E-02));
#293 = DIRECTION('',(1.499759782662E-32,1.224646799147E-16,-1.));
#294 = DIRECTION('',(-1.,1.224646799147E-16,0.));
#295 = AXIS2_PLACEMENT_3D('',#296,#297,#298);
#296 = CARTESIAN_POINT('',(166.,-110.,-8.5E-02));
#297 = DIRECTION('',(1.499759782662E-32,1.224646799147E-16,-1.));
#298 = DIRECTION('',(-1.,1.224646799147E-16,0.));
#299 = AXIS2_PLACEMENT_3D('',#300,#301,#302);
#300 = CARTESIAN_POINT('',(162.,-114.,-8.5E-02));
#301 = DIRECTION('',(0.,-1.224646799147E-16,-1.));
#302 = DIRECTION('',(1.,0.,0.));
#303 = AXIS2_PLACEMENT_3D('',#304,#305,#306);
#304 = CARTESIAN_POINT('',(174.,-110.,-8.5E-02));
#305 = DIRECTION('',(1.499759782662E-32,1.224646799147E-16,-1.));
#306 = DIRECTION('',(-1.,1.224646799147E-16,0.));
#307 = AXIS2_PLACEMENT_3D('',#308,#309,#310);
#308 = CARTESIAN_POINT('',(150.,-118.,-8.5E-02));
#309 = DIRECTION('',(1.499759782662E-32,1.224646799147E-16,-1.));
#310 = DIRECTION('',(-1.,1.224646799147E-16,0.));
#311 = AXIS2_PLACEMENT_3D('',#312,#313,#314);
#312 = CARTESIAN_POINT('',(162.,-94.,-8.5E-02));
#313 = DIRECTION('',(1.499759782662E-32,1.224646799147E-16,-1.));
#314 = DIRECTION('',(-1.,1.224646799147E-16,0.));
#315 = AXIS2_PLACEMENT_3D('',#316,#317,#318);
#316 = CARTESIAN_POINT('',(150.,-98.,-8.5E-02));
#317 = DIRECTION('',(0.,-1.224646799147E-16,-1.));
#318 = DIRECTION('',(1.,0.,0.));
#319 = AXIS2_PLACEMENT_3D('',#320,#321,#322);
#320 = CARTESIAN_POINT('',(174.,-106.,-8.5E-02));
#321 = DIRECTION('',(0.,-1.224646799147E-16,-1.));
#322 = DIRECTION('',(1.,0.,0.));
#323 = AXIS2_PLACEMENT_3D('',#324,#325,#326);
#324 = CARTESIAN_POINT('',(174.,-98.,-8.5E-02));
#325 = DIRECTION('',(0.,-1.224646799147E-16,-1.));
#326 = DIRECTION('',(1.,0.,0.));
#327 = AXIS2_PLACEMENT_3D('',#328,#329,#330);
#328 = CARTESIAN_POINT('',(158.,-106.,-8.5E-02));
#329 = DIRECTION('',(0.,-1.224646799147E-16,-1.));
#330 = DIRECTION('',(1.,0.,0.));
#331 = AXIS2_PLACEMENT_3D('',#332,#333,#334);
#332 = CARTESIAN_POINT('',(150.,-110.,-8.5E-02));
#333 = DIRECTION('',(1.499759782662E-32,1.224646799147E-16,-1.));
#334 = DIRECTION('',(-1.,1.224646799147E-16,0.));
#335 = AXIS2_PLACEMENT_3D('',#336,#337,#338);
#336 = CARTESIAN_POINT('',(162.,-110.,-8.5E-02));
#337 = DIRECTION('',(1.499759782662E-32,1.224646799147E-16,-1.));
#338 = DIRECTION('',(-1.,1.224646799147E-16,0.));
#339 = AXIS2_PLACEMENT_3D('',#340,#341,#342);
#340 = CARTESIAN_POINT('',(158.,-94.,-8.5E-02));
#341 = DIRECTION('',(1.499759782662E-32,1.224646799147E-16,-1.));
#342 = DIRECTION('',(-1.,1.224646799147E-16,0.));
#343 = AXIS2_PLACEMENT_3D('',#344,#345,#346);
#344 = CARTESIAN_POINT('',(170.,-106.,-8.5E-02));
#345 = DIRECTION('',(0.,-1.224646799147E-16,-1.));
#346 = DIRECTION('',(1.,0.,0.));
#347 = AXIS2_PLACEMENT_3D('',#348,#349,#350);
#348 = CARTESIAN_POINT('',(174.,-102.,-8.5E-02));
#349 = DIRECTION('',(1.499759782662E-32,1.224646799147E-16,-1.));
#350 = DIRECTION('',(-1.,1.224646799147E-16,0.));
#351 = AXIS2_PLACEMENT_3D('',#352,#353,#354);
#352 = CARTESIAN_POINT('',(166.,-118.,-8.5E-02));
#353 = DIRECTION('',(1.499759782662E-32,1.224646799147E-16,-1.));
#354 = DIRECTION('',(-1.,1.224646799147E-16,0.));
#355 = AXIS2_PLACEMENT_3D('',#356,#357,#358);
#356 = CARTESIAN_POINT('',(150.,-114.,-8.5E-02));
#357 = DIRECTION('',(0.,-1.224646799147E-16,-1.));
#358 = DIRECTION('',(1.,0.,0.));
#359 = AXIS2_PLACEMENT_3D('',#360,#361,#362);
#360 = CARTESIAN_POINT('',(150.,-102.,-8.5E-02));
#361 = DIRECTION('',(1.499759782662E-32,1.224646799147E-16,-1.));
#362 = DIRECTION('',(-1.,1.224646799147E-16,0.));
#363 = AXIS2_PLACEMENT_3D('',#364,#365,#366);
#364 = CARTESIAN_POINT('',(166.,-90.,-8.5E-02));
#365 = DIRECTION('',(0.,-1.224646799147E-16,-1.));
#366 = DIRECTION('',(1.,0.,0.));
#367 = AXIS2_PLACEMENT_3D('',#368,#369,#370);
#368 = CARTESIAN_POINT('',(154.,-110.,-8.5E-02));
#369 = DIRECTION('',(1.499759782662E-32,1.224646799147E-16,-1.));
#370 = DIRECTION('',(-1.,1.224646799147E-16,0.));
#371 = AXIS2_PLACEMENT_3D('',#372,#373,#374);
#372 = CARTESIAN_POINT('',(158.,-118.,-8.5E-02));
#373 = DIRECTION('',(1.499759782662E-32,1.224646799147E-16,-1.));
#374 = DIRECTION('',(-1.,1.224646799147E-16,0.));
#375 = AXIS2_PLACEMENT_3D('',#376,#377,#378);
#376 = CARTESIAN_POINT('',(166.,-98.,-8.5E-02));
#377 = DIRECTION('',(0.,-1.224646799147E-16,-1.));
#378 = DIRECTION('',(1.,0.,0.));
#379 = AXIS2_PLACEMENT_3D('',#380,#381,#382);
#380 = CARTESIAN_POINT('',(150.,-106.,-8.5E-02));
#381 = DIRECTION('',(0.,-1.224646799147E-16,-1.));
#382 = DIRECTION('',(1.,0.,0.));
#383 = AXIS2_PLACEMENT_3D('',#384,#385,#386);
#384 = CARTESIAN_POINT('',(170.,-102.,-8.5E-02));
#385 = DIRECTION('',(1.499759782662E-32,1.224646799147E-16,-1.));
#386 = DIRECTION('',(-1.,1.224646799147E-16,0.));
#387 = AXIS2_PLACEMENT_3D('',#388,#389,#390);
#388 = CARTESIAN_POINT('',(178.,-106.,-8.5E-02));
#389 = DIRECTION('',(0.,-1.224646799147E-16,-1.));
#390 = DIRECTION('',(1.,0.,0.));
#391 = AXIS2_PLACEMENT_3D('',#392,#393,#394);
#392 = CARTESIAN_POINT('',(170.,-110.,-8.5E-02));
#393 = DIRECTION('',(1.499759782662E-32,1.224646799147E-16,-1.));
#394 = DIRECTION('',(-1.,1.224646799147E-16,0.));
#395 = AXIS2_PLACEMENT_3D('',#396,#397,#398);
#396 = CARTESIAN_POINT('',(154.,-94.,-8.5E-02));
#397 = DIRECTION('',(1.499759782662E-32,1.224646799147E-16,-1.));
#398 = DIRECTION('',(-1.,1.224646799147E-16,0.));
#399 = AXIS2_PLACEMENT_3D('',#400,#401,#402);
#400 = CARTESIAN_POINT('',(166.,-106.,-8.5E-02));
#401 = DIRECTION('',(0.,-1.224646799147E-16,-1.));
#402 = DIRECTION('',(1.,0.,0.));
#403 = AXIS2_PLACEMENT_3D('',#404,#405,#406);
#404 = CARTESIAN_POINT('',(154.,-114.,-8.5E-02));
#405 = DIRECTION('',(0.,-1.224646799147E-16,-1.));
#406 = DIRECTION('',(1.,0.,0.));
#407 = AXIS2_PLACEMENT_3D('',#408,#409,#410);
#408 = CARTESIAN_POINT('',(162.,-106.,-8.5E-02));
#409 = DIRECTION('',(0.,-1.224646799147E-16,-1.));
#410 = DIRECTION('',(1.,0.,0.));
#411 = AXIS2_PLACEMENT_3D('',#412,#413,#414);
#412 = CARTESIAN_POINT('',(146.5,-106.54,-8.5E-02));
#413 = DIRECTION('',(0.,-1.224646799147E-16,-1.));
#414 = DIRECTION('',(1.,0.,0.));
#415 = AXIS2_PLACEMENT_3D('',#416,#417,#418);
#416 = CARTESIAN_POINT('',(158.,-110.,-8.5E-02));
#417 = DIRECTION('',(1.499759782662E-32,1.224646799147E-16,-1.));
#418 = DIRECTION('',(-1.,1.224646799147E-16,0.));
#419 = AXIS2_PLACEMENT_3D('',#420,#421,#422);
#420 = CARTESIAN_POINT('',(162.,-102.,-8.5E-02));
#421 = DIRECTION('',(1.499759782662E-32,1.224646799147E-16,-1.));
#422 = DIRECTION('',(-1.,1.224646799147E-16,0.));
#423 = AXIS2_PLACEMENT_3D('',#424,#425,#426);
#424 = CARTESIAN_POINT('',(150.,-94.,-8.5E-02));
#425 = DIRECTION('',(1.499759782662E-32,1.224646799147E-16,-1.));
#426 = DIRECTION('',(-1.,1.224646799147E-16,0.));
#427 = AXIS2_PLACEMENT_3D('',#428,#429,#430);
#428 = CARTESIAN_POINT('',(166.,-114.,-8.5E-02));
#429 = DIRECTION('',(0.,-1.224646799147E-16,-1.));
#430 = DIRECTION('',(1.,0.,0.));
#431 = AXIS2_PLACEMENT_3D('',#432,#433,#434);
#432 = CARTESIAN_POINT('',(158.,-102.,-8.5E-02));
#433 = DIRECTION('',(1.499759782662E-32,1.224646799147E-16,-1.));
#434 = DIRECTION('',(-1.,1.224646799147E-16,0.));
#435 = AXIS2_PLACEMENT_3D('',#436,#437,#438);
#436 = CARTESIAN_POINT('',(174.,-94.,-8.5E-02));
#437 = DIRECTION('',(1.499759782662E-32,1.224646799147E-16,-1.));
#438 = DIRECTION('',(-1.,1.224646799147E-16,0.));
#439 = AXIS2_PLACEMENT_3D('',#440,#441,#442);
#440 = CARTESIAN_POINT('',(178.,-90.,-8.5E-02));
#441 = DIRECTION('',(0.,-1.224646799147E-16,-1.));
#442 = DIRECTION('',(1.,0.,0.));
#443 = AXIS2_PLACEMENT_3D('',#444,#445,#446);
#444 = CARTESIAN_POINT('',(178.,-98.,-8.5E-02));
#445 = DIRECTION('',(0.,-1.224646799147E-16,-1.));
#446 = DIRECTION('',(1.,0.,0.));
#447 = AXIS2_PLACEMENT_3D('',#448,#449,#450);
#448 = CARTESIAN_POINT('',(158.,-114.,-8.5E-02));
#449 = DIRECTION('',(0.,-1.224646799147E-16,-1.));
#450 = DIRECTION('',(1.,0.,0.));
#451 = AXIS2_PLACEMENT_3D('',#452,#453,#454);
#452 = CARTESIAN_POINT('',(162.,-118.,-8.5E-02));
#453 = DIRECTION('',(1.499759782662E-32,1.224646799147E-16,-1.));
#454 = DIRECTION('',(-1.,1.224646799147E-16,0.));
#455 = AXIS2_PLACEMENT_3D('',#456,#457,#458);
#456 = CARTESIAN_POINT('',(162.,-98.,-8.5E-02));
#457 = DIRECTION('',(0.,-1.224646799147E-16,-1.));
#458 = DIRECTION('',(1.,0.,0.));
#459 = AXIS2_PLACEMENT_3D('',#460,#461,#462);
#460 = CARTESIAN_POINT('',(178.,-118.,-8.5E-02));
#461 = DIRECTION('',(1.499759782662E-32,1.224646799147E-16,-1.));
#462 = DIRECTION('',(-1.,1.224646799147E-16,0.));
#463 = AXIS2_PLACEMENT_3D('',#464,#465,#466);
#464 = CARTESIAN_POINT('',(158.,-98.,-8.5E-02));
#465 = DIRECTION('',(0.,-1.224646799147E-16,-1.));
#466 = DIRECTION('',(1.,0.,0.));
#467 = AXIS2_PLACEMENT_3D('',#468,#469,#470);
#468 = CARTESIAN_POINT('',(170.,-118.,-8.5E-02));
#469 = DIRECTION('',(1.499759782662E-32,1.224646799147E-16,-1.));
#470 = DIRECTION('',(-1.,1.224646799147E-16,0.));
#471 = AXIS2_PLACEMENT_3D('',#472,#473,#474);
#472 = CARTESIAN_POINT('',(178.,-110.,-8.5E-02));
#473 = DIRECTION('',(1.499759782662E-32,1.224646799147E-16,-1.));
#474 = DIRECTION('',(-1.,1.224646799147E-16,0.));
#475 = AXIS2_PLACEMENT_3D('',#476,#477,#478);
#476 = CARTESIAN_POINT('',(154.,-98.,-8.5E-02));
#477 = DIRECTION('',(0.,-1.224646799147E-16,-1.));
#478 = DIRECTION('',(1.,0.,0.));
#479 = AXIS2_PLACEMENT_3D('',#480,#481,#482);
#480 = CARTESIAN_POINT('',(174.,-114.,-8.5E-02));
#481 = DIRECTION('',(0.,-1.224646799147E-16,-1.));
#482 = DIRECTION('',(1.,0.,0.));
#483 = AXIS2_PLACEMENT_3D('',#484,#485,#486);
#484 = CARTESIAN_POINT('',(154.,-90.,-8.5E-02));
#485 = DIRECTION('',(0.,-1.224646799147E-16,-1.));
#486 = DIRECTION('',(1.,0.,0.));
#487 = AXIS2_PLACEMENT_3D('',#488,#489,#490);
#488 = CARTESIAN_POINT('',(166.,-94.,-8.5E-02));
#489 = DIRECTION('',(1.499759782662E-32,1.224646799147E-16,-1.));
#490 = DIRECTION('',(-1.,1.224646799147E-16,0.));
#491 = AXIS2_PLACEMENT_3D('',#492,#493,#494);
#492 = CARTESIAN_POINT('',(181.5,-101.46,-8.5E-02));
#493 = DIRECTION('',(1.499759782662E-32,1.224646799147E-16,-1.));
#494 = DIRECTION('',(-1.,1.224646799147E-16,0.));
#495 = AXIS2_PLACEMENT_3D('',#496,#497,#498);
#496 = CARTESIAN_POINT('',(154.,-102.,-8.5E-02));
#497 = DIRECTION('',(1.499759782662E-32,1.224646799147E-16,-1.));
#498 = DIRECTION('',(-1.,1.224646799147E-16,0.));
#499 = AXIS2_PLACEMENT_3D('',#500,#501,#502);
#500 = CARTESIAN_POINT('',(170.,-114.,-8.5E-02));
#501 = DIRECTION('',(0.,-1.224646799147E-16,-1.));
#502 = DIRECTION('',(1.,0.,0.));
#503 = AXIS2_PLACEMENT_3D('',#504,#505,#506);
#504 = CARTESIAN_POINT('',(174.,-90.,-8.5E-02));
#505 = DIRECTION('',(0.,-1.224646799147E-16,-1.));
#506 = DIRECTION('',(1.,0.,0.));
#507 = AXIS2_PLACEMENT_3D('',#508,#509,#510);
#508 = CARTESIAN_POINT('',(154.,-118.,-8.5E-02));
#509 = DIRECTION('',(1.499759782662E-32,1.224646799147E-16,-1.));
#510 = DIRECTION('',(-1.,1.224646799147E-16,0.));
#511 = AXIS2_PLACEMENT_3D('',#512,#513,#514);
#512 = CARTESIAN_POINT('',(170.,-94.,-8.5E-02));
#513 = DIRECTION('',(1.499759782662E-32,1.224646799147E-16,-1.));
#514 = DIRECTION('',(-1.,1.224646799147E-16,0.));
#515 = AXIS2_PLACEMENT_3D('',#516,#517,#518);
#516 = CARTESIAN_POINT('',(158.,-90.,-8.5E-02));
#517 = DIRECTION('',(0.,-1.224646799147E-16,-1.));
#518 = DIRECTION('',(1.,0.,0.));
#519 = AXIS2_PLACEMENT_3D('',#520,#521,#522);
#520 = CARTESIAN_POINT('',(178.,-94.,-8.5E-02));
#521 = DIRECTION('',(1.499759782662E-32,1.224646799147E-16,-1.));
#522 = DIRECTION('',(-1.,1.224646799147E-16,0.));
#523 = AXIS2_PLACEMENT_3D('',#524,#525,#526);
#524 = CARTESIAN_POINT('',(166.,-102.,-8.5E-02));
#525 = DIRECTION('',(1.499759782662E-32,1.224646799147E-16,-1.));
#526 = DIRECTION('',(-1.,1.224646799147E-16,0.));
#527 = AXIS2_PLACEMENT_3D('',#528,#529,#530);
#528 = CARTESIAN_POINT('',(170.,-98.,-8.5E-02));
#529 = DIRECTION('',(0.,-1.224646799147E-16,-1.));
#530 = DIRECTION('',(1.,0.,0.));
#531 = AXIS2_PLACEMENT_3D('',#532,#533,#534);
#532 = CARTESIAN_POINT('',(178.,-102.,-8.5E-02));
#533 = DIRECTION('',(1.499759782662E-32,1.224646799147E-16,-1.));
#534 = DIRECTION('',(-1.,1.224646799147E-16,0.));
#535 = AXIS2_PLACEMENT_3D('',#536,#537,#538);
#536 = CARTESIAN_POINT('',(0.,0.,0.));
#537 = DIRECTION('',(0.,0.,1.));
#538 = DIRECTION('',(1.,0.,-0.));
#539 = ( GEOMETRIC_REPRESENTATION_CONTEXT(3) 
GLOBAL_UNCERTAINTY_ASSIGNED_CONTEXT((#543)) GLOBAL_UNIT_ASSIGNED_CONTEXT
((#540,#541,#542)) REPRESENTATION_CONTEXT('Context #1',
  '3D Context with UNIT and UNCERTAINTY') );
#540 = ( LENGTH_UNIT() NAMED_UNIT(*) SI_UNIT(.MILLI.,.METRE.) );
#541 = ( NAMED_UNIT(*) PLANE_ANGLE_UNIT() SI_UNIT($,.RADIAN.) );
#542 = ( NAMED_UNIT(*) SI_UNIT($,.STERADIAN.) SOLID_ANGLE_UNIT() );
#543 = UNCERTAINTY_MEASURE_WITH_UNIT(LENGTH_MEASURE(1.E-07),#540,
  'distance_accuracy_value','confusion accuracy');
#544 = PRODUCT_RELATED_PRODUCT_CATEGORY('part',$,(#7));
#545 = SHAPE_DEFINITION_REPRESENTATION(#546,#552);
#546 = PRODUCT_DEFINITION_SHAPE('','',#547);
#547 = PRODUCT_DEFINITION('design','',#548,#551);
#548 = PRODUCT_DEFINITION_FORMATION('','',#549);
#549 = PRODUCT('WS2812-2020','WS2812-2020','',(#550));
#550 = PRODUCT_CONTEXT('',#2,'mechanical');
#551 = PRODUCT_DEFINITION_CONTEXT('part definition',#2,'design');
#552 = ADVANCED_BREP_SHAPE_REPRESENTATION('',(#11,#553),#2609);
#553 = MANIFOLD_SOLID_BREP('',#554);
#554 = CLOSED_SHELL('',(#555,#597,#800,#862,#1042,#1073,#1097,#1121,
    #1138,#1160,#1182,#1222,#1268,#1314,#1360,#1406,#1452,#1498,#1538,
    #1562,#1593,#1617,#1641,#1655,#1679,#1716,#1740,#1770,#1784,#1808,
    #1839,#1863,#1887,#1901,#1925,#1956,#1980,#2004,#2018,#2030,#2042,
    #2054,#2066,#2078,#2090,#2102,#2120,#2132,#2150,#2162,#2180,#2192,
    #2206,#2246,#2277,#2308,#2330,#2342,#2382,#2413,#2437,#2468,#2485,
    #2505,#2530,#2554,#2579,#2596));
#555 = ADVANCED_FACE('',(#556),#592,.T.);
#556 = FACE_BOUND('',#557,.T.);
#557 = EDGE_LOOP('',(#558,#569,#577,#586));
#558 = ORIENTED_EDGE('',*,*,#559,.F.);
#559 = EDGE_CURVE('',#560,#562,#564,.T.);
#560 = VERTEX_POINT('',#561);
#561 = CARTESIAN_POINT('',(0.315,-0.3,0.875));
#562 = VERTEX_POINT('',#563);
#563 = CARTESIAN_POINT('',(0.115,-0.3,0.675));
#564 = CIRCLE('',#565,0.2);
#565 = AXIS2_PLACEMENT_3D('',#566,#567,#568);
#566 = CARTESIAN_POINT('',(0.315,-0.3,0.675));
#567 = DIRECTION('',(0.,-1.,-1.466535226591E-13));
#568 = DIRECTION('',(0.,1.466535226591E-13,-1.));
#569 = ORIENTED_EDGE('',*,*,#570,.T.);
#570 = EDGE_CURVE('',#560,#571,#573,.T.);
#571 = VERTEX_POINT('',#572);
#572 = CARTESIAN_POINT('',(0.315,-0.28,0.875));
#573 = LINE('',#574,#575);
#574 = CARTESIAN_POINT('',(0.315,-0.3,0.875));
#575 = VECTOR('',#576,1.);
#576 = DIRECTION('',(-0.,1.,1.466535226591E-13));
#577 = ORIENTED_EDGE('',*,*,#578,.T.);
#578 = EDGE_CURVE('',#571,#579,#581,.T.);
#579 = VERTEX_POINT('',#580);
#580 = CARTESIAN_POINT('',(0.115,-0.28,0.675));
#581 = CIRCLE('',#582,0.2);
#582 = AXIS2_PLACEMENT_3D('',#583,#584,#585);
#583 = CARTESIAN_POINT('',(0.315,-0.28,0.675));
#584 = DIRECTION('',(0.,-1.,-1.466535226591E-13));
#585 = DIRECTION('',(0.,1.466535226591E-13,-1.));
#586 = ORIENTED_EDGE('',*,*,#587,.F.);
#587 = EDGE_CURVE('',#562,#579,#588,.T.);
#588 = LINE('',#589,#590);
#589 = CARTESIAN_POINT('',(0.115,-0.3,0.675));
#590 = VECTOR('',#591,1.);
#591 = DIRECTION('',(-0.,1.,1.466535226591E-13));
#592 = CYLINDRICAL_SURFACE('',#593,0.2);
#593 = AXIS2_PLACEMENT_3D('',#594,#595,#596);
#594 = CARTESIAN_POINT('',(0.315,-0.3,0.675));
#595 = DIRECTION('',(-0.,1.,1.466535226591E-13));
#596 = DIRECTION('',(0.,-1.466535226591E-13,1.));
#597 = ADVANCED_FACE('',(#598,#760),#795,.F.);
#598 = FACE_BOUND('',#599,.T.);
#599 = EDGE_LOOP('',(#600,#610,#618,#626,#634,#642,#650,#658,#666,#674,
    #682,#690,#698,#706,#714,#722,#730,#738,#746,#754));
#600 = ORIENTED_EDGE('',*,*,#601,.F.);
#601 = EDGE_CURVE('',#602,#604,#606,.T.);
#602 = VERTEX_POINT('',#603);
#603 = CARTESIAN_POINT('',(1.09,-0.28,-0.875));
#604 = VERTEX_POINT('',#605);
#605 = CARTESIAN_POINT('',(1.09,-0.28,-1.));
#606 = LINE('',#607,#608);
#607 = CARTESIAN_POINT('',(1.09,-0.28,-4.078690445041E-14));
#608 = VECTOR('',#609,1.);
#609 = DIRECTION('',(2.529548167981E-16,1.466535226591E-13,-1.));
#610 = ORIENTED_EDGE('',*,*,#611,.T.);
#611 = EDGE_CURVE('',#602,#612,#614,.T.);
#612 = VERTEX_POINT('',#613);
#613 = CARTESIAN_POINT('',(0.565,-0.28,-0.875));
#614 = LINE('',#615,#616);
#615 = CARTESIAN_POINT('',(0.,-0.28,-0.875));
#616 = VECTOR('',#617,1.);
#617 = DIRECTION('',(-1.,0.,-0.));
#618 = ORIENTED_EDGE('',*,*,#619,.T.);
#619 = EDGE_CURVE('',#612,#620,#622,.T.);
#620 = VERTEX_POINT('',#621);
#621 = CARTESIAN_POINT('',(0.565,-0.28,-0.125));
#622 = LINE('',#623,#624);
#623 = CARTESIAN_POINT('',(0.565,-0.28,-4.106298634454E-14));
#624 = VECTOR('',#625,1.);
#625 = DIRECTION('',(0.,-1.466535226591E-13,1.));
#626 = ORIENTED_EDGE('',*,*,#627,.F.);
#627 = EDGE_CURVE('',#628,#620,#630,.T.);
#628 = VERTEX_POINT('',#629);
#629 = CARTESIAN_POINT('',(1.09,-0.28,-0.125));
#630 = LINE('',#631,#632);
#631 = CARTESIAN_POINT('',(0.,-0.28,-0.125));
#632 = VECTOR('',#633,1.);
#633 = DIRECTION('',(-1.,0.,-0.));
#634 = ORIENTED_EDGE('',*,*,#635,.F.);
#635 = EDGE_CURVE('',#636,#628,#638,.T.);
#636 = VERTEX_POINT('',#637);
#637 = CARTESIAN_POINT('',(1.09,-0.28,0.125));
#638 = LINE('',#639,#640);
#639 = CARTESIAN_POINT('',(1.09,-0.28,-4.078690445041E-14));
#640 = VECTOR('',#641,1.);
#641 = DIRECTION('',(2.529548167981E-16,1.466535226591E-13,-1.));
#642 = ORIENTED_EDGE('',*,*,#643,.T.);
#643 = EDGE_CURVE('',#636,#644,#646,.T.);
#644 = VERTEX_POINT('',#645);
#645 = CARTESIAN_POINT('',(0.565,-0.28,0.125));
#646 = LINE('',#647,#648);
#647 = CARTESIAN_POINT('',(0.,-0.28,0.125));
#648 = VECTOR('',#649,1.);
#649 = DIRECTION('',(-1.,0.,-0.));
#650 = ORIENTED_EDGE('',*,*,#651,.F.);
#651 = EDGE_CURVE('',#652,#644,#654,.T.);
#652 = VERTEX_POINT('',#653);
#653 = CARTESIAN_POINT('',(0.565,-0.28,0.875));
#654 = LINE('',#655,#656);
#655 = CARTESIAN_POINT('',(0.565,-0.28,-4.106298634454E-14));
#656 = VECTOR('',#657,1.);
#657 = DIRECTION('',(0.,1.466535226591E-13,-1.));
#658 = ORIENTED_EDGE('',*,*,#659,.F.);
#659 = EDGE_CURVE('',#660,#652,#662,.T.);
#660 = VERTEX_POINT('',#661);
#661 = CARTESIAN_POINT('',(1.09,-0.28,0.875));
#662 = LINE('',#663,#664);
#663 = CARTESIAN_POINT('',(0.,-0.28,0.875));
#664 = VECTOR('',#665,1.);
#665 = DIRECTION('',(-1.,0.,-0.));
#666 = ORIENTED_EDGE('',*,*,#667,.F.);
#667 = EDGE_CURVE('',#668,#660,#670,.T.);
#668 = VERTEX_POINT('',#669);
#669 = CARTESIAN_POINT('',(1.09,-0.28,1.));
#670 = LINE('',#671,#672);
#671 = CARTESIAN_POINT('',(1.09,-0.28,-4.078690445041E-14));
#672 = VECTOR('',#673,1.);
#673 = DIRECTION('',(2.529548167981E-16,1.466535226591E-13,-1.));
#674 = ORIENTED_EDGE('',*,*,#675,.T.);
#675 = EDGE_CURVE('',#668,#676,#678,.T.);
#676 = VERTEX_POINT('',#677);
#677 = CARTESIAN_POINT('',(-1.09,-0.28,1.));
#678 = LINE('',#679,#680);
#679 = CARTESIAN_POINT('',(1.1,-0.28,1.));
#680 = VECTOR('',#681,1.);
#681 = DIRECTION('',(-1.,2.890946688539E-29,-1.971276677246E-16));
#682 = ORIENTED_EDGE('',*,*,#683,.F.);
#683 = EDGE_CURVE('',#684,#676,#686,.T.);
#684 = VERTEX_POINT('',#685);
#685 = CARTESIAN_POINT('',(-1.09,-0.28,0.875));
#686 = LINE('',#687,#688);
#687 = CARTESIAN_POINT('',(-1.09,-0.28,-4.120102729161E-14));
#688 = VECTOR('',#689,1.);
#689 = DIRECTION('',(-1.26477408399E-16,-1.466535226591E-13,1.));
#690 = ORIENTED_EDGE('',*,*,#691,.T.);
#691 = EDGE_CURVE('',#684,#692,#694,.T.);
#692 = VERTEX_POINT('',#693);
#693 = CARTESIAN_POINT('',(-0.565,-0.28,0.875));
#694 = LINE('',#695,#696);
#695 = CARTESIAN_POINT('',(0.,-0.28,0.875));
#696 = VECTOR('',#697,1.);
#697 = DIRECTION('',(1.,0.,0.));
#698 = ORIENTED_EDGE('',*,*,#699,.T.);
#699 = EDGE_CURVE('',#692,#700,#702,.T.);
#700 = VERTEX_POINT('',#701);
#701 = CARTESIAN_POINT('',(-0.565,-0.28,0.125));
#702 = LINE('',#703,#704);
#703 = CARTESIAN_POINT('',(-0.565,-0.28,-4.106298634454E-14));
#704 = VECTOR('',#705,1.);
#705 = DIRECTION('',(0.,1.466535226591E-13,-1.));
#706 = ORIENTED_EDGE('',*,*,#707,.F.);
#707 = EDGE_CURVE('',#708,#700,#710,.T.);
#708 = VERTEX_POINT('',#709);
#709 = CARTESIAN_POINT('',(-1.09,-0.28,0.125));
#710 = LINE('',#711,#712);
#711 = CARTESIAN_POINT('',(0.,-0.28,0.125));
#712 = VECTOR('',#713,1.);
#713 = DIRECTION('',(1.,0.,0.));
#714 = ORIENTED_EDGE('',*,*,#715,.F.);
#715 = EDGE_CURVE('',#716,#708,#718,.T.);
#716 = VERTEX_POINT('',#717);
#717 = CARTESIAN_POINT('',(-1.09,-0.28,-0.125));
#718 = LINE('',#719,#720);
#719 = CARTESIAN_POINT('',(-1.09,-0.28,-4.120102729161E-14));
#720 = VECTOR('',#721,1.);
#721 = DIRECTION('',(-1.26477408399E-16,-1.466535226591E-13,1.));
#722 = ORIENTED_EDGE('',*,*,#723,.T.);
#723 = EDGE_CURVE('',#716,#724,#726,.T.);
#724 = VERTEX_POINT('',#725);
#725 = CARTESIAN_POINT('',(-0.565,-0.28,-0.125));
#726 = LINE('',#727,#728);
#727 = CARTESIAN_POINT('',(0.,-0.28,-0.125));
#728 = VECTOR('',#729,1.);
#729 = DIRECTION('',(1.,0.,0.));
#730 = ORIENTED_EDGE('',*,*,#731,.F.);
#731 = EDGE_CURVE('',#732,#724,#734,.T.);
#732 = VERTEX_POINT('',#733);
#733 = CARTESIAN_POINT('',(-0.565,-0.28,-0.875));
#734 = LINE('',#735,#736);
#735 = CARTESIAN_POINT('',(-0.565,-0.28,-4.106298634454E-14));
#736 = VECTOR('',#737,1.);
#737 = DIRECTION('',(0.,-1.466535226591E-13,1.));
#738 = ORIENTED_EDGE('',*,*,#739,.F.);
#739 = EDGE_CURVE('',#740,#732,#742,.T.);
#740 = VERTEX_POINT('',#741);
#741 = CARTESIAN_POINT('',(-1.09,-0.28,-0.875));
#742 = LINE('',#743,#744);
#743 = CARTESIAN_POINT('',(0.,-0.28,-0.875));
#744 = VECTOR('',#745,1.);
#745 = DIRECTION('',(1.,0.,0.));
#746 = ORIENTED_EDGE('',*,*,#747,.F.);
#747 = EDGE_CURVE('',#748,#740,#750,.T.);
#748 = VERTEX_POINT('',#749);
#749 = CARTESIAN_POINT('',(-1.09,-0.28,-1.));
#750 = LINE('',#751,#752);
#751 = CARTESIAN_POINT('',(-1.09,-0.28,-4.120102729161E-14));
#752 = VECTOR('',#753,1.);
#753 = DIRECTION('',(-1.26477408399E-16,-1.466535226591E-13,1.));
#754 = ORIENTED_EDGE('',*,*,#755,.T.);
#755 = EDGE_CURVE('',#748,#604,#756,.T.);
#756 = LINE('',#757,#758);
#757 = CARTESIAN_POINT('',(1.1,-0.28,-1.));
#758 = VECTOR('',#759,1.);
#759 = DIRECTION('',(1.,-2.890946688539E-29,1.971276677246E-16));
#760 = FACE_BOUND('',#761,.T.);
#761 = EDGE_LOOP('',(#762,#771,#779,#788,#794));
#762 = ORIENTED_EDGE('',*,*,#763,.F.);
#763 = EDGE_CURVE('',#764,#571,#766,.T.);
#764 = VERTEX_POINT('',#765);
#765 = CARTESIAN_POINT('',(0.515,-0.28,0.675));
#766 = CIRCLE('',#767,0.2);
#767 = AXIS2_PLACEMENT_3D('',#768,#769,#770);
#768 = CARTESIAN_POINT('',(0.315,-0.28,0.675));
#769 = DIRECTION('',(0.,-1.,-1.466535226591E-13));
#770 = DIRECTION('',(0.,1.466535226591E-13,-1.));
#771 = ORIENTED_EDGE('',*,*,#772,.F.);
#772 = EDGE_CURVE('',#773,#764,#775,.T.);
#773 = VERTEX_POINT('',#774);
#774 = CARTESIAN_POINT('',(0.515,-0.28,-0.675));
#775 = LINE('',#776,#777);
#776 = CARTESIAN_POINT('',(0.515,-0.28,0.675));
#777 = VECTOR('',#778,1.);
#778 = DIRECTION('',(-1.606225440719E-16,-1.466535226591E-13,1.));
#779 = ORIENTED_EDGE('',*,*,#780,.F.);
#780 = EDGE_CURVE('',#781,#773,#783,.T.);
#781 = VERTEX_POINT('',#782);
#782 = CARTESIAN_POINT('',(0.115,-0.28,-0.675));
#783 = CIRCLE('',#784,0.2);
#784 = AXIS2_PLACEMENT_3D('',#785,#786,#787);
#785 = CARTESIAN_POINT('',(0.315,-0.28,-0.675));
#786 = DIRECTION('',(0.,-1.,-1.466535226591E-13));
#787 = DIRECTION('',(0.,1.466535226591E-13,-1.));
#788 = ORIENTED_EDGE('',*,*,#789,.F.);
#789 = EDGE_CURVE('',#579,#781,#790,.T.);
#790 = LINE('',#791,#792);
#791 = CARTESIAN_POINT('',(0.115,-0.28,0.675));
#792 = VECTOR('',#793,1.);
#793 = DIRECTION('',(1.204669080539E-16,1.466535226591E-13,-1.));
#794 = ORIENTED_EDGE('',*,*,#578,.F.);
#795 = PLANE('',#796);
#796 = AXIS2_PLACEMENT_3D('',#797,#798,#799);
#797 = CARTESIAN_POINT('',(0.,-0.28,-4.106298634454E-14));
#798 = DIRECTION('',(0.,1.,1.466535226591E-13));
#799 = DIRECTION('',(0.,-1.466535226591E-13,1.));
#800 = ADVANCED_FACE('',(#801,#837),#857,.T.);
#801 = FACE_BOUND('',#802,.T.);
#802 = EDGE_LOOP('',(#803,#814,#822,#831));
#803 = ORIENTED_EDGE('',*,*,#804,.T.);
#804 = EDGE_CURVE('',#805,#807,#809,.T.);
#805 = VERTEX_POINT('',#806);
#806 = CARTESIAN_POINT('',(1.09,-1.833169033238E-14,0.125));
#807 = VERTEX_POINT('',#808);
#808 = CARTESIAN_POINT('',(1.09,-1.283218323267E-13,0.875));
#809 = CIRCLE('',#810,0.375133309638);
#810 = AXIS2_PLACEMENT_3D('',#811,#812,#813);
#811 = CARTESIAN_POINT('',(1.1,-7.332676132954E-14,0.5));
#812 = DIRECTION('',(0.,1.,1.466535226591E-13));
#813 = DIRECTION('',(0.,-1.466535226591E-13,1.));
#814 = ORIENTED_EDGE('',*,*,#815,.F.);
#815 = EDGE_CURVE('',#816,#807,#818,.T.);
#816 = VERTEX_POINT('',#817);
#817 = CARTESIAN_POINT('',(1.09,1.999999999987E-02,0.875));
#818 = LINE('',#819,#820);
#819 = CARTESIAN_POINT('',(1.09,1.999999999987E-02,0.875));
#820 = VECTOR('',#821,1.);
#821 = DIRECTION('',(0.,-1.,-1.466535226591E-13));
#822 = ORIENTED_EDGE('',*,*,#823,.F.);
#823 = EDGE_CURVE('',#824,#816,#826,.T.);
#824 = VERTEX_POINT('',#825);
#825 = CARTESIAN_POINT('',(1.09,1.999999999998E-02,0.125));
#826 = CIRCLE('',#827,0.375133309638);
#827 = AXIS2_PLACEMENT_3D('',#828,#829,#830);
#828 = CARTESIAN_POINT('',(1.1,1.999999999993E-02,0.5));
#829 = DIRECTION('',(0.,1.,1.466535226591E-13));
#830 = DIRECTION('',(0.,-1.466535226591E-13,1.));
#831 = ORIENTED_EDGE('',*,*,#832,.T.);
#832 = EDGE_CURVE('',#824,#805,#833,.T.);
#833 = LINE('',#834,#835);
#834 = CARTESIAN_POINT('',(1.09,1.999999999998E-02,0.125));
#835 = VECTOR('',#836,1.);
#836 = DIRECTION('',(0.,-1.,-1.466535226591E-13));
#837 = FACE_BOUND('',#838,.T.);
#838 = EDGE_LOOP('',(#839,#850));
#839 = ORIENTED_EDGE('',*,*,#840,.F.);
#840 = EDGE_CURVE('',#841,#843,#845,.T.);
#841 = VERTEX_POINT('',#842);
#842 = CARTESIAN_POINT('',(0.724912511336,9.999999999258E-04,
    0.505863092025));
#843 = VERTEX_POINT('',#844);
#844 = CARTESIAN_POINT('',(0.724912511336,9.999999999275E-04,
    0.494136907975));
#845 = ( BOUNDED_CURVE() B_SPLINE_CURVE(3,(#846,#847,#848,#849),
.UNSPECIFIED.,.F.,.F.) B_SPLINE_CURVE_WITH_KNOTS((4,4),(3.125962661256,
3.157222645923),.PIECEWISE_BEZIER_KNOTS.) CURVE() 
GEOMETRIC_REPRESENTATION_ITEM() RATIONAL_B_SPLINE_CURVE((1.,
0.999918569438,0.999918569438,1.)) REPRESENTATION_ITEM('') );
#846 = CARTESIAN_POINT('',(0.724912511336,9.999999999258E-04,
    0.505863092025));
#847 = CARTESIAN_POINT('',(0.72485141546,1.698329064353E-03,
    0.501954523166));
#848 = CARTESIAN_POINT('',(0.72485141546,1.698329064354E-03,
    0.498045476834));
#849 = CARTESIAN_POINT('',(0.724912511336,9.999999999275E-04,
    0.494136907975));
#850 = ORIENTED_EDGE('',*,*,#851,.F.);
#851 = EDGE_CURVE('',#843,#841,#852,.T.);
#852 = CIRCLE('',#853,0.375133309638);
#853 = AXIS2_PLACEMENT_3D('',#854,#855,#856);
#854 = CARTESIAN_POINT('',(1.1,9.999999999267E-04,0.5));
#855 = DIRECTION('',(0.,1.,1.466535226591E-13));
#856 = DIRECTION('',(0.,-1.466535226591E-13,1.));
#857 = CYLINDRICAL_SURFACE('',#858,0.375133309638);
#858 = AXIS2_PLACEMENT_3D('',#859,#860,#861);
#859 = CARTESIAN_POINT('',(1.1,1.999999999993E-02,0.5));
#860 = DIRECTION('',(0.,-1.,-1.466535226591E-13));
#861 = DIRECTION('',(0.,1.466535226591E-13,-1.));
#862 = ADVANCED_FACE('',(#863,#897),#1037,.T.);
#863 = FACE_BOUND('',#864,.T.);
#864 = EDGE_LOOP('',(#865,#875,#883,#891));
#865 = ORIENTED_EDGE('',*,*,#866,.F.);
#866 = EDGE_CURVE('',#867,#869,#871,.T.);
#867 = VERTEX_POINT('',#868);
#868 = CARTESIAN_POINT('',(-0.3,-5.866140906363E-15,4.E-02));
#869 = VERTEX_POINT('',#870);
#870 = CARTESIAN_POINT('',(0.39,-5.866140906363E-15,4.E-02));
#871 = LINE('',#872,#873);
#872 = CARTESIAN_POINT('',(-0.3,-5.866140906363E-15,4.E-02));
#873 = VECTOR('',#874,1.);
#874 = DIRECTION('',(1.,0.,0.));
#875 = ORIENTED_EDGE('',*,*,#876,.F.);
#876 = EDGE_CURVE('',#877,#867,#879,.T.);
#877 = VERTEX_POINT('',#878);
#878 = CARTESIAN_POINT('',(-0.3,7.332676132954E-14,-0.5));
#879 = LINE('',#880,#881);
#880 = CARTESIAN_POINT('',(-0.3,-5.866140906363E-15,4.E-02));
#881 = VECTOR('',#882,1.);
#882 = DIRECTION('',(-0.,-1.466535226591E-13,1.));
#883 = ORIENTED_EDGE('',*,*,#884,.F.);
#884 = EDGE_CURVE('',#885,#877,#887,.T.);
#885 = VERTEX_POINT('',#886);
#886 = CARTESIAN_POINT('',(0.39,7.332676132954E-14,-0.5));
#887 = LINE('',#888,#889);
#888 = CARTESIAN_POINT('',(-0.3,7.332676132954E-14,-0.5));
#889 = VECTOR('',#890,1.);
#890 = DIRECTION('',(-1.,0.,0.));
#891 = ORIENTED_EDGE('',*,*,#892,.F.);
#892 = EDGE_CURVE('',#869,#885,#893,.T.);
#893 = LINE('',#894,#895);
#894 = CARTESIAN_POINT('',(0.39,-5.866140906363E-15,4.E-02));
#895 = VECTOR('',#896,1.);
#896 = DIRECTION('',(0.,1.466535226591E-13,-1.));
#897 = FACE_BOUND('',#898,.T.);
#898 = EDGE_LOOP('',(#899,#907,#908,#916,#924,#933,#941,#949,#957,#965,
    #973,#982,#990,#998,#1006,#1015,#1023,#1031));
#899 = ORIENTED_EDGE('',*,*,#900,.F.);
#900 = EDGE_CURVE('',#807,#901,#903,.T.);
#901 = VERTEX_POINT('',#902);
#902 = CARTESIAN_POINT('',(1.09,-1.466535226591E-13,1.));
#903 = LINE('',#904,#905);
#904 = CARTESIAN_POINT('',(1.09,-4.048838231698E-29,2.760818941329E-16)
  );
#905 = VECTOR('',#906,1.);
#906 = DIRECTION('',(-2.529548167981E-16,-1.466535226591E-13,1.));
#907 = ORIENTED_EDGE('',*,*,#804,.F.);
#908 = ORIENTED_EDGE('',*,*,#909,.F.);
#909 = EDGE_CURVE('',#910,#805,#912,.T.);
#910 = VERTEX_POINT('',#911);
#911 = CARTESIAN_POINT('',(1.09,1.833169033238E-14,-0.125));
#912 = LINE('',#913,#914);
#913 = CARTESIAN_POINT('',(1.09,-4.048838231698E-29,2.760818941329E-16)
  );
#914 = VECTOR('',#915,1.);
#915 = DIRECTION('',(-2.529548167981E-16,-1.466535226591E-13,1.));
#916 = ORIENTED_EDGE('',*,*,#917,.T.);
#917 = EDGE_CURVE('',#910,#918,#920,.T.);
#918 = VERTEX_POINT('',#919);
#919 = CARTESIAN_POINT('',(1.1,1.833169033238E-14,-0.125));
#920 = LINE('',#921,#922);
#921 = CARTESIAN_POINT('',(1.09,1.833169033238E-14,-0.125));
#922 = VECTOR('',#923,1.);
#923 = DIRECTION('',(1.,-3.180041357393E-29,2.168404344971E-16));
#924 = ORIENTED_EDGE('',*,*,#925,.F.);
#925 = EDGE_CURVE('',#926,#918,#928,.T.);
#926 = VERTEX_POINT('',#927);
#927 = CARTESIAN_POINT('',(1.1,1.283218323267E-13,-0.875));
#928 = CIRCLE('',#929,0.375);
#929 = AXIS2_PLACEMENT_3D('',#930,#931,#932);
#930 = CARTESIAN_POINT('',(1.1,7.332676132954E-14,-0.5));
#931 = DIRECTION('',(0.,1.,1.466535226591E-13));
#932 = DIRECTION('',(0.,-1.466535226591E-13,1.));
#933 = ORIENTED_EDGE('',*,*,#934,.F.);
#934 = EDGE_CURVE('',#935,#926,#937,.T.);
#935 = VERTEX_POINT('',#936);
#936 = CARTESIAN_POINT('',(1.09,1.283218323267E-13,-0.875));
#937 = LINE('',#938,#939);
#938 = CARTESIAN_POINT('',(1.09,1.283218323267E-13,-0.875));
#939 = VECTOR('',#940,1.);
#940 = DIRECTION('',(1.,-3.180041357393E-29,2.168404344971E-16));
#941 = ORIENTED_EDGE('',*,*,#942,.F.);
#942 = EDGE_CURVE('',#943,#935,#945,.T.);
#943 = VERTEX_POINT('',#944);
#944 = CARTESIAN_POINT('',(1.09,1.466535226591E-13,-1.));
#945 = LINE('',#946,#947);
#946 = CARTESIAN_POINT('',(1.09,-4.048838231698E-29,2.760818941329E-16)
  );
#947 = VECTOR('',#948,1.);
#948 = DIRECTION('',(-2.529548167981E-16,-1.466535226591E-13,1.));
#949 = ORIENTED_EDGE('',*,*,#950,.F.);
#950 = EDGE_CURVE('',#951,#943,#953,.T.);
#951 = VERTEX_POINT('',#952);
#952 = CARTESIAN_POINT('',(-1.09,1.466535226591E-13,-1.));
#953 = LINE('',#954,#955);
#954 = CARTESIAN_POINT('',(1.1,1.466535226591E-13,-1.));
#955 = VECTOR('',#956,1.);
#956 = DIRECTION('',(1.,-2.890946688539E-29,1.971276677246E-16));
#957 = ORIENTED_EDGE('',*,*,#958,.F.);
#958 = EDGE_CURVE('',#959,#951,#961,.T.);
#959 = VERTEX_POINT('',#960);
#960 = CARTESIAN_POINT('',(-1.09,1.283218323267E-13,-0.875));
#961 = LINE('',#962,#963);
#962 = CARTESIAN_POINT('',(-1.09,2.024419115849E-29,-1.380409470665E-16)
  );
#963 = VECTOR('',#964,1.);
#964 = DIRECTION('',(1.26477408399E-16,1.466535226591E-13,-1.));
#965 = ORIENTED_EDGE('',*,*,#966,.T.);
#966 = EDGE_CURVE('',#959,#967,#969,.T.);
#967 = VERTEX_POINT('',#968);
#968 = CARTESIAN_POINT('',(-1.1,1.283218323267E-13,-0.875));
#969 = LINE('',#970,#971);
#970 = CARTESIAN_POINT('',(-1.09,1.283218323267E-13,-0.875));
#971 = VECTOR('',#972,1.);
#972 = DIRECTION('',(-1.,1.590020678696E-29,-1.084202172486E-16));
#973 = ORIENTED_EDGE('',*,*,#974,.F.);
#974 = EDGE_CURVE('',#975,#967,#977,.T.);
#975 = VERTEX_POINT('',#976);
#976 = CARTESIAN_POINT('',(-1.1,1.833169033238E-14,-0.125));
#977 = CIRCLE('',#978,0.375);
#978 = AXIS2_PLACEMENT_3D('',#979,#980,#981);
#979 = CARTESIAN_POINT('',(-1.1,7.332676132954E-14,-0.5));
#980 = DIRECTION('',(0.,1.,1.466535226591E-13));
#981 = DIRECTION('',(0.,-1.466535226591E-13,1.));
#982 = ORIENTED_EDGE('',*,*,#983,.F.);
#983 = EDGE_CURVE('',#984,#975,#986,.T.);
#984 = VERTEX_POINT('',#985);
#985 = CARTESIAN_POINT('',(-1.09,1.833169033238E-14,-0.125));
#986 = LINE('',#987,#988);
#987 = CARTESIAN_POINT('',(-1.09,1.833169033238E-14,-0.125));
#988 = VECTOR('',#989,1.);
#989 = DIRECTION('',(-1.,1.590020678696E-29,-1.084202172486E-16));
#990 = ORIENTED_EDGE('',*,*,#991,.F.);
#991 = EDGE_CURVE('',#992,#984,#994,.T.);
#992 = VERTEX_POINT('',#993);
#993 = CARTESIAN_POINT('',(-1.09,-1.833169033238E-14,0.125));
#994 = LINE('',#995,#996);
#995 = CARTESIAN_POINT('',(-1.09,2.024419115849E-29,-1.380409470665E-16)
  );
#996 = VECTOR('',#997,1.);
#997 = DIRECTION('',(1.26477408399E-16,1.466535226591E-13,-1.));
#998 = ORIENTED_EDGE('',*,*,#999,.T.);
#999 = EDGE_CURVE('',#992,#1000,#1002,.T.);
#1000 = VERTEX_POINT('',#1001);
#1001 = CARTESIAN_POINT('',(-1.1,-1.833169033238E-14,0.125));
#1002 = LINE('',#1003,#1004);
#1003 = CARTESIAN_POINT('',(-1.09,-1.833169033238E-14,0.125));
#1004 = VECTOR('',#1005,1.);
#1005 = DIRECTION('',(-1.,1.590020678696E-29,-1.084202172486E-16));
#1006 = ORIENTED_EDGE('',*,*,#1007,.F.);
#1007 = EDGE_CURVE('',#1008,#1000,#1010,.T.);
#1008 = VERTEX_POINT('',#1009);
#1009 = CARTESIAN_POINT('',(-1.1,-1.283218323267E-13,0.875));
#1010 = CIRCLE('',#1011,0.375);
#1011 = AXIS2_PLACEMENT_3D('',#1012,#1013,#1014);
#1012 = CARTESIAN_POINT('',(-1.1,-7.332676132954E-14,0.5));
#1013 = DIRECTION('',(0.,1.,1.466535226591E-13));
#1014 = DIRECTION('',(0.,-1.466535226591E-13,1.));
#1015 = ORIENTED_EDGE('',*,*,#1016,.F.);
#1016 = EDGE_CURVE('',#1017,#1008,#1019,.T.);
#1017 = VERTEX_POINT('',#1018);
#1018 = CARTESIAN_POINT('',(-1.09,-1.283218323267E-13,0.875));
#1019 = LINE('',#1020,#1021);
#1020 = CARTESIAN_POINT('',(-1.09,-1.283218323267E-13,0.875));
#1021 = VECTOR('',#1022,1.);
#1022 = DIRECTION('',(-1.,1.590020678696E-29,-1.084202172486E-16));
#1023 = ORIENTED_EDGE('',*,*,#1024,.F.);
#1024 = EDGE_CURVE('',#1025,#1017,#1027,.T.);
#1025 = VERTEX_POINT('',#1026);
#1026 = CARTESIAN_POINT('',(-1.09,-1.466535226591E-13,1.));
#1027 = LINE('',#1028,#1029);
#1028 = CARTESIAN_POINT('',(-1.09,2.024419115849E-29,-1.380409470665E-16
    ));
#1029 = VECTOR('',#1030,1.);
#1030 = DIRECTION('',(1.26477408399E-16,1.466535226591E-13,-1.));
#1031 = ORIENTED_EDGE('',*,*,#1032,.F.);
#1032 = EDGE_CURVE('',#901,#1025,#1033,.T.);
#1033 = LINE('',#1034,#1035);
#1034 = CARTESIAN_POINT('',(1.1,-1.466535226591E-13,1.));
#1035 = VECTOR('',#1036,1.);
#1036 = DIRECTION('',(-1.,2.890946688539E-29,-1.971276677246E-16));
#1037 = PLANE('',#1038);
#1038 = AXIS2_PLACEMENT_3D('',#1039,#1040,#1041);
#1039 = CARTESIAN_POINT('',(0.,0.,0.));
#1040 = DIRECTION('',(0.,1.,1.466535226591E-13));
#1041 = DIRECTION('',(0.,-1.466535226591E-13,1.));
#1042 = ADVANCED_FACE('',(#1043),#1068,.F.);
#1043 = FACE_BOUND('',#1044,.T.);
#1044 = EDGE_LOOP('',(#1045,#1055,#1061,#1062));
#1045 = ORIENTED_EDGE('',*,*,#1046,.F.);
#1046 = EDGE_CURVE('',#1047,#1049,#1051,.T.);
#1047 = VERTEX_POINT('',#1048);
#1048 = CARTESIAN_POINT('',(-0.3,1.000000000073E-03,-0.5));
#1049 = VERTEX_POINT('',#1050);
#1050 = CARTESIAN_POINT('',(-0.3,9.999999999941E-04,4.E-02));
#1051 = LINE('',#1052,#1053);
#1052 = CARTESIAN_POINT('',(-0.3,9.999999999941E-04,4.E-02));
#1053 = VECTOR('',#1054,1.);
#1054 = DIRECTION('',(0.,-1.466535226591E-13,1.));
#1055 = ORIENTED_EDGE('',*,*,#1056,.T.);
#1056 = EDGE_CURVE('',#1047,#877,#1057,.T.);
#1057 = LINE('',#1058,#1059);
#1058 = CARTESIAN_POINT('',(-0.3,0.2,-0.5));
#1059 = VECTOR('',#1060,1.);
#1060 = DIRECTION('',(0.,-1.,-1.466535226591E-13));
#1061 = ORIENTED_EDGE('',*,*,#876,.T.);
#1062 = ORIENTED_EDGE('',*,*,#1063,.F.);
#1063 = EDGE_CURVE('',#1049,#867,#1064,.T.);
#1064 = LINE('',#1065,#1066);
#1065 = CARTESIAN_POINT('',(-0.3,0.2,4.000000000003E-02));
#1066 = VECTOR('',#1067,1.);
#1067 = DIRECTION('',(0.,-1.,-1.466535226591E-13));
#1068 = PLANE('',#1069);
#1069 = AXIS2_PLACEMENT_3D('',#1070,#1071,#1072);
#1070 = CARTESIAN_POINT('',(-0.3,0.2,4.000000000003E-02));
#1071 = DIRECTION('',(1.,0.,0.));
#1072 = DIRECTION('',(0.,-1.466535226591E-13,1.));
#1073 = ADVANCED_FACE('',(#1074),#1092,.F.);
#1074 = FACE_BOUND('',#1075,.T.);
#1075 = EDGE_LOOP('',(#1076,#1084,#1085,#1086));
#1076 = ORIENTED_EDGE('',*,*,#1077,.F.);
#1077 = EDGE_CURVE('',#1049,#1078,#1080,.T.);
#1078 = VERTEX_POINT('',#1079);
#1079 = CARTESIAN_POINT('',(0.39,9.999999999941E-04,4.E-02));
#1080 = LINE('',#1081,#1082);
#1081 = CARTESIAN_POINT('',(-0.3,9.999999999941E-04,4.E-02));
#1082 = VECTOR('',#1083,1.);
#1083 = DIRECTION('',(1.,0.,0.));
#1084 = ORIENTED_EDGE('',*,*,#1063,.T.);
#1085 = ORIENTED_EDGE('',*,*,#866,.T.);
#1086 = ORIENTED_EDGE('',*,*,#1087,.F.);
#1087 = EDGE_CURVE('',#1078,#869,#1088,.T.);
#1088 = LINE('',#1089,#1090);
#1089 = CARTESIAN_POINT('',(0.39,0.2,4.000000000003E-02));
#1090 = VECTOR('',#1091,1.);
#1091 = DIRECTION('',(0.,-1.,-1.466535226591E-13));
#1092 = PLANE('',#1093);
#1093 = AXIS2_PLACEMENT_3D('',#1094,#1095,#1096);
#1094 = CARTESIAN_POINT('',(-0.3,0.2,4.000000000003E-02));
#1095 = DIRECTION('',(0.,1.466535226591E-13,-1.));
#1096 = DIRECTION('',(1.,0.,0.));
#1097 = ADVANCED_FACE('',(#1098),#1116,.F.);
#1098 = FACE_BOUND('',#1099,.T.);
#1099 = EDGE_LOOP('',(#1100,#1108,#1109,#1110));
#1100 = ORIENTED_EDGE('',*,*,#1101,.F.);
#1101 = EDGE_CURVE('',#1078,#1102,#1104,.T.);
#1102 = VERTEX_POINT('',#1103);
#1103 = CARTESIAN_POINT('',(0.39,1.000000000073E-03,-0.5));
#1104 = LINE('',#1105,#1106);
#1105 = CARTESIAN_POINT('',(0.39,9.999999999941E-04,4.E-02));
#1106 = VECTOR('',#1107,1.);
#1107 = DIRECTION('',(0.,1.466535226591E-13,-1.));
#1108 = ORIENTED_EDGE('',*,*,#1087,.T.);
#1109 = ORIENTED_EDGE('',*,*,#892,.T.);
#1110 = ORIENTED_EDGE('',*,*,#1111,.F.);
#1111 = EDGE_CURVE('',#1102,#885,#1112,.T.);
#1112 = LINE('',#1113,#1114);
#1113 = CARTESIAN_POINT('',(0.39,0.2,-0.5));
#1114 = VECTOR('',#1115,1.);
#1115 = DIRECTION('',(0.,-1.,-1.466535226591E-13));
#1116 = PLANE('',#1117);
#1117 = AXIS2_PLACEMENT_3D('',#1118,#1119,#1120);
#1118 = CARTESIAN_POINT('',(0.39,0.2,4.000000000003E-02));
#1119 = DIRECTION('',(-1.,0.,-0.));
#1120 = DIRECTION('',(0.,1.466535226591E-13,-1.));
#1121 = ADVANCED_FACE('',(#1122),#1133,.F.);
#1122 = FACE_BOUND('',#1123,.T.);
#1123 = EDGE_LOOP('',(#1124,#1130,#1131,#1132));
#1124 = ORIENTED_EDGE('',*,*,#1125,.F.);
#1125 = EDGE_CURVE('',#1102,#1047,#1126,.T.);
#1126 = LINE('',#1127,#1128);
#1127 = CARTESIAN_POINT('',(-0.3,1.000000000073E-03,-0.5));
#1128 = VECTOR('',#1129,1.);
#1129 = DIRECTION('',(-1.,0.,-0.));
#1130 = ORIENTED_EDGE('',*,*,#1111,.T.);
#1131 = ORIENTED_EDGE('',*,*,#884,.T.);
#1132 = ORIENTED_EDGE('',*,*,#1056,.F.);
#1133 = PLANE('',#1134);
#1134 = AXIS2_PLACEMENT_3D('',#1135,#1136,#1137);
#1135 = CARTESIAN_POINT('',(-0.3,0.2,-0.5));
#1136 = DIRECTION('',(0.,-1.466535226591E-13,1.));
#1137 = DIRECTION('',(-1.,0.,0.));
#1138 = ADVANCED_FACE('',(#1139),#1155,.F.);
#1139 = FACE_BOUND('',#1140,.T.);
#1140 = EDGE_LOOP('',(#1141,#1147,#1148,#1154));
#1141 = ORIENTED_EDGE('',*,*,#1142,.F.);
#1142 = EDGE_CURVE('',#604,#943,#1143,.T.);
#1143 = LINE('',#1144,#1145);
#1144 = CARTESIAN_POINT('',(1.09,1.466535226591E-13,-1.));
#1145 = VECTOR('',#1146,1.);
#1146 = DIRECTION('',(0.,1.,1.466535226591E-13));
#1147 = ORIENTED_EDGE('',*,*,#755,.F.);
#1148 = ORIENTED_EDGE('',*,*,#1149,.F.);
#1149 = EDGE_CURVE('',#951,#748,#1150,.T.);
#1150 = LINE('',#1151,#1152);
#1151 = CARTESIAN_POINT('',(-1.09,1.466535226591E-13,-1.));
#1152 = VECTOR('',#1153,1.);
#1153 = DIRECTION('',(0.,-1.,-1.466535226591E-13));
#1154 = ORIENTED_EDGE('',*,*,#950,.T.);
#1155 = PLANE('',#1156);
#1156 = AXIS2_PLACEMENT_3D('',#1157,#1158,#1159);
#1157 = CARTESIAN_POINT('',(1.1,-0.28,-1.));
#1158 = DIRECTION('',(-1.971276677246E-16,-1.466535226591E-13,1.));
#1159 = DIRECTION('',(-1.,2.890946688539E-29,-1.971276677246E-16));
#1160 = ADVANCED_FACE('',(#1161),#1177,.F.);
#1161 = FACE_BOUND('',#1162,.T.);
#1162 = EDGE_LOOP('',(#1163,#1169,#1170,#1176));
#1163 = ORIENTED_EDGE('',*,*,#1164,.F.);
#1164 = EDGE_CURVE('',#901,#668,#1165,.T.);
#1165 = LINE('',#1166,#1167);
#1166 = CARTESIAN_POINT('',(1.09,-1.466535226591E-13,1.));
#1167 = VECTOR('',#1168,1.);
#1168 = DIRECTION('',(0.,-1.,-1.466535226591E-13));
#1169 = ORIENTED_EDGE('',*,*,#1032,.T.);
#1170 = ORIENTED_EDGE('',*,*,#1171,.F.);
#1171 = EDGE_CURVE('',#676,#1025,#1172,.T.);
#1172 = LINE('',#1173,#1174);
#1173 = CARTESIAN_POINT('',(-1.09,-1.466535226591E-13,1.));
#1174 = VECTOR('',#1175,1.);
#1175 = DIRECTION('',(0.,1.,1.466535226591E-13));
#1176 = ORIENTED_EDGE('',*,*,#675,.F.);
#1177 = PLANE('',#1178);
#1178 = AXIS2_PLACEMENT_3D('',#1179,#1180,#1181);
#1179 = CARTESIAN_POINT('',(1.1,-0.28,1.));
#1180 = DIRECTION('',(1.971276677246E-16,1.466535226591E-13,-1.));
#1181 = DIRECTION('',(1.,-2.890946688539E-29,1.971276677246E-16));
#1182 = ADVANCED_FACE('',(#1183),#1217,.F.);
#1183 = FACE_BOUND('',#1184,.T.);
#1184 = EDGE_LOOP('',(#1185,#1195,#1203,#1211));
#1185 = ORIENTED_EDGE('',*,*,#1186,.T.);
#1186 = EDGE_CURVE('',#1187,#1189,#1191,.T.);
#1187 = VERTEX_POINT('',#1188);
#1188 = CARTESIAN_POINT('',(1.1,-0.3,0.125));
#1189 = VERTEX_POINT('',#1190);
#1190 = CARTESIAN_POINT('',(1.1,1.999999999998E-02,0.125));
#1191 = LINE('',#1192,#1193);
#1192 = CARTESIAN_POINT('',(1.1,-0.3,0.125));
#1193 = VECTOR('',#1194,1.);
#1194 = DIRECTION('',(-0.,1.,1.466535226591E-13));
#1195 = ORIENTED_EDGE('',*,*,#1196,.F.);
#1196 = EDGE_CURVE('',#1197,#1189,#1199,.T.);
#1197 = VERTEX_POINT('',#1198);
#1198 = CARTESIAN_POINT('',(1.1,1.999999999996E-02,0.25));
#1199 = LINE('',#1200,#1201);
#1200 = CARTESIAN_POINT('',(1.1,2.E-02,3.171594931128E-15));
#1201 = VECTOR('',#1202,1.);
#1202 = DIRECTION('',(2.168404344971E-16,1.466535226591E-13,-1.));
#1203 = ORIENTED_EDGE('',*,*,#1204,.F.);
#1204 = EDGE_CURVE('',#1205,#1197,#1207,.T.);
#1205 = VERTEX_POINT('',#1206);
#1206 = CARTESIAN_POINT('',(1.1,-0.3,0.25));
#1207 = LINE('',#1208,#1209);
#1208 = CARTESIAN_POINT('',(1.1,-0.3,0.25));
#1209 = VECTOR('',#1210,1.);
#1210 = DIRECTION('',(-0.,1.,1.466535226591E-13));
#1211 = ORIENTED_EDGE('',*,*,#1212,.F.);
#1212 = EDGE_CURVE('',#1187,#1205,#1213,.T.);
#1213 = LINE('',#1214,#1215);
#1214 = CARTESIAN_POINT('',(1.1,-0.3,-4.375753231978E-14));
#1215 = VECTOR('',#1216,1.);
#1216 = DIRECTION('',(-2.168404344971E-16,-1.466535226591E-13,1.));
#1217 = PLANE('',#1218);
#1218 = AXIS2_PLACEMENT_3D('',#1219,#1220,#1221);
#1219 = CARTESIAN_POINT('',(1.1,-0.28,1.));
#1220 = DIRECTION('',(-1.,3.180041357393E-29,-2.168404344971E-16));
#1221 = DIRECTION('',(2.168404344971E-16,1.466535226591E-13,-1.));
#1222 = ADVANCED_FACE('',(#1223),#1263,.F.);
#1223 = FACE_BOUND('',#1224,.T.);
#1224 = EDGE_LOOP('',(#1225,#1233,#1241,#1249,#1257));
#1225 = ORIENTED_EDGE('',*,*,#1226,.T.);
#1226 = EDGE_CURVE('',#1227,#926,#1229,.T.);
#1227 = VERTEX_POINT('',#1228);
#1228 = CARTESIAN_POINT('',(1.1,-0.3,-0.875));
#1229 = LINE('',#1230,#1231);
#1230 = CARTESIAN_POINT('',(1.1,-0.3,-0.875));
#1231 = VECTOR('',#1232,1.);
#1232 = DIRECTION('',(-0.,1.,1.466535226591E-13));
#1233 = ORIENTED_EDGE('',*,*,#1234,.F.);
#1234 = EDGE_CURVE('',#1235,#926,#1237,.T.);
#1235 = VERTEX_POINT('',#1236);
#1236 = CARTESIAN_POINT('',(1.1,2.000000000013E-02,-0.875));
#1237 = LINE('',#1238,#1239);
#1238 = CARTESIAN_POINT('',(1.1,2.000000000013E-02,-0.875));
#1239 = VECTOR('',#1240,1.);
#1240 = DIRECTION('',(0.,-1.,-1.466535226591E-13));
#1241 = ORIENTED_EDGE('',*,*,#1242,.F.);
#1242 = EDGE_CURVE('',#1243,#1235,#1245,.T.);
#1243 = VERTEX_POINT('',#1244);
#1244 = CARTESIAN_POINT('',(1.1,2.000000000011E-02,-0.75));
#1245 = LINE('',#1246,#1247);
#1246 = CARTESIAN_POINT('',(1.1,2.E-02,3.171594931128E-15));
#1247 = VECTOR('',#1248,1.);
#1248 = DIRECTION('',(2.168404344971E-16,1.466535226591E-13,-1.));
#1249 = ORIENTED_EDGE('',*,*,#1250,.F.);
#1250 = EDGE_CURVE('',#1251,#1243,#1253,.T.);
#1251 = VERTEX_POINT('',#1252);
#1252 = CARTESIAN_POINT('',(1.1,-0.3,-0.75));
#1253 = LINE('',#1254,#1255);
#1254 = CARTESIAN_POINT('',(1.1,-0.3,-0.75));
#1255 = VECTOR('',#1256,1.);
#1256 = DIRECTION('',(-0.,1.,1.466535226591E-13));
#1257 = ORIENTED_EDGE('',*,*,#1258,.F.);
#1258 = EDGE_CURVE('',#1227,#1251,#1259,.T.);
#1259 = LINE('',#1260,#1261);
#1260 = CARTESIAN_POINT('',(1.1,-0.3,-4.375753231978E-14));
#1261 = VECTOR('',#1262,1.);
#1262 = DIRECTION('',(-2.168404344971E-16,-1.466535226591E-13,1.));
#1263 = PLANE('',#1264);
#1264 = AXIS2_PLACEMENT_3D('',#1265,#1266,#1267);
#1265 = CARTESIAN_POINT('',(1.1,-0.28,1.));
#1266 = DIRECTION('',(-1.,3.180041357393E-29,-2.168404344971E-16));
#1267 = DIRECTION('',(2.168404344971E-16,1.466535226591E-13,-1.));
#1268 = ADVANCED_FACE('',(#1269),#1309,.F.);
#1269 = FACE_BOUND('',#1270,.T.);
#1270 = EDGE_LOOP('',(#1271,#1279,#1287,#1295,#1303));
#1271 = ORIENTED_EDGE('',*,*,#1272,.T.);
#1272 = EDGE_CURVE('',#1273,#975,#1275,.T.);
#1273 = VERTEX_POINT('',#1274);
#1274 = CARTESIAN_POINT('',(-1.1,-0.3,-0.125));
#1275 = LINE('',#1276,#1277);
#1276 = CARTESIAN_POINT('',(-1.1,-0.3,-0.125));
#1277 = VECTOR('',#1278,1.);
#1278 = DIRECTION('',(-0.,1.,1.466535226591E-13));
#1279 = ORIENTED_EDGE('',*,*,#1280,.F.);
#1280 = EDGE_CURVE('',#1281,#975,#1283,.T.);
#1281 = VERTEX_POINT('',#1282);
#1282 = CARTESIAN_POINT('',(-1.1,2.000000000002E-02,-0.125));
#1283 = LINE('',#1284,#1285);
#1284 = CARTESIAN_POINT('',(-1.1,2.000000000002E-02,-0.125));
#1285 = VECTOR('',#1286,1.);
#1286 = DIRECTION('',(0.,-1.,-1.466535226591E-13));
#1287 = ORIENTED_EDGE('',*,*,#1288,.F.);
#1288 = EDGE_CURVE('',#1289,#1281,#1291,.T.);
#1289 = VERTEX_POINT('',#1290);
#1290 = CARTESIAN_POINT('',(-1.1,2.000000000004E-02,-0.25));
#1291 = LINE('',#1292,#1293);
#1292 = CARTESIAN_POINT('',(-1.1,2.E-02,2.813808214208E-15));
#1293 = VECTOR('',#1294,1.);
#1294 = DIRECTION('',(-1.084202172486E-16,-1.466535226591E-13,1.));
#1295 = ORIENTED_EDGE('',*,*,#1296,.F.);
#1296 = EDGE_CURVE('',#1297,#1289,#1299,.T.);
#1297 = VERTEX_POINT('',#1298);
#1298 = CARTESIAN_POINT('',(-1.1,-0.3,-0.25));
#1299 = LINE('',#1300,#1301);
#1300 = CARTESIAN_POINT('',(-1.1,-0.3,-0.25));
#1301 = VECTOR('',#1302,1.);
#1302 = DIRECTION('',(-0.,1.,1.466535226591E-13));
#1303 = ORIENTED_EDGE('',*,*,#1304,.F.);
#1304 = EDGE_CURVE('',#1273,#1297,#1305,.T.);
#1305 = LINE('',#1306,#1307);
#1306 = CARTESIAN_POINT('',(-1.1,-0.3,-4.41153190367E-14));
#1307 = VECTOR('',#1308,1.);
#1308 = DIRECTION('',(1.084202172486E-16,1.466535226591E-13,-1.));
#1309 = PLANE('',#1310);
#1310 = AXIS2_PLACEMENT_3D('',#1311,#1312,#1313);
#1311 = CARTESIAN_POINT('',(-1.1,-0.28,1.));
#1312 = DIRECTION('',(1.,-1.590020678696E-29,1.084202172486E-16));
#1313 = DIRECTION('',(-1.084202172486E-16,-1.466535226591E-13,1.));
#1314 = ADVANCED_FACE('',(#1315),#1355,.F.);
#1315 = FACE_BOUND('',#1316,.T.);
#1316 = EDGE_LOOP('',(#1317,#1325,#1333,#1341,#1349));
#1317 = ORIENTED_EDGE('',*,*,#1318,.T.);
#1318 = EDGE_CURVE('',#1319,#1008,#1321,.T.);
#1319 = VERTEX_POINT('',#1320);
#1320 = CARTESIAN_POINT('',(-1.1,-0.3,0.875));
#1321 = LINE('',#1322,#1323);
#1322 = CARTESIAN_POINT('',(-1.1,-0.3,0.875));
#1323 = VECTOR('',#1324,1.);
#1324 = DIRECTION('',(-0.,1.,1.466535226591E-13));
#1325 = ORIENTED_EDGE('',*,*,#1326,.F.);
#1326 = EDGE_CURVE('',#1327,#1008,#1329,.T.);
#1327 = VERTEX_POINT('',#1328);
#1328 = CARTESIAN_POINT('',(-1.1,1.999999999987E-02,0.875));
#1329 = LINE('',#1330,#1331);
#1330 = CARTESIAN_POINT('',(-1.1,1.999999999987E-02,0.875));
#1331 = VECTOR('',#1332,1.);
#1332 = DIRECTION('',(0.,-1.,-1.466535226591E-13));
#1333 = ORIENTED_EDGE('',*,*,#1334,.F.);
#1334 = EDGE_CURVE('',#1335,#1327,#1337,.T.);
#1335 = VERTEX_POINT('',#1336);
#1336 = CARTESIAN_POINT('',(-1.1,1.999999999989E-02,0.75));
#1337 = LINE('',#1338,#1339);
#1338 = CARTESIAN_POINT('',(-1.1,2.E-02,2.813808214208E-15));
#1339 = VECTOR('',#1340,1.);
#1340 = DIRECTION('',(-1.084202172486E-16,-1.466535226591E-13,1.));
#1341 = ORIENTED_EDGE('',*,*,#1342,.F.);
#1342 = EDGE_CURVE('',#1343,#1335,#1345,.T.);
#1343 = VERTEX_POINT('',#1344);
#1344 = CARTESIAN_POINT('',(-1.1,-0.3,0.75));
#1345 = LINE('',#1346,#1347);
#1346 = CARTESIAN_POINT('',(-1.1,-0.3,0.75));
#1347 = VECTOR('',#1348,1.);
#1348 = DIRECTION('',(-0.,1.,1.466535226591E-13));
#1349 = ORIENTED_EDGE('',*,*,#1350,.F.);
#1350 = EDGE_CURVE('',#1319,#1343,#1351,.T.);
#1351 = LINE('',#1352,#1353);
#1352 = CARTESIAN_POINT('',(-1.1,-0.3,-4.41153190367E-14));
#1353 = VECTOR('',#1354,1.);
#1354 = DIRECTION('',(1.084202172486E-16,1.466535226591E-13,-1.));
#1355 = PLANE('',#1356);
#1356 = AXIS2_PLACEMENT_3D('',#1357,#1358,#1359);
#1357 = CARTESIAN_POINT('',(-1.1,-0.28,1.));
#1358 = DIRECTION('',(1.,-1.590020678696E-29,1.084202172486E-16));
#1359 = DIRECTION('',(-1.084202172486E-16,-1.466535226591E-13,1.));
#1360 = ADVANCED_FACE('',(#1361),#1401,.F.);
#1361 = FACE_BOUND('',#1362,.T.);
#1362 = EDGE_LOOP('',(#1363,#1373,#1381,#1387,#1395));
#1363 = ORIENTED_EDGE('',*,*,#1364,.T.);
#1364 = EDGE_CURVE('',#1365,#1367,#1369,.T.);
#1365 = VERTEX_POINT('',#1366);
#1366 = CARTESIAN_POINT('',(-1.1,-0.3,0.25));
#1367 = VERTEX_POINT('',#1368);
#1368 = CARTESIAN_POINT('',(-1.1,1.999999999996E-02,0.25));
#1369 = LINE('',#1370,#1371);
#1370 = CARTESIAN_POINT('',(-1.1,-0.3,0.25));
#1371 = VECTOR('',#1372,1.);
#1372 = DIRECTION('',(-0.,1.,1.466535226591E-13));
#1373 = ORIENTED_EDGE('',*,*,#1374,.F.);
#1374 = EDGE_CURVE('',#1375,#1367,#1377,.T.);
#1375 = VERTEX_POINT('',#1376);
#1376 = CARTESIAN_POINT('',(-1.1,1.999999999998E-02,0.125));
#1377 = LINE('',#1378,#1379);
#1378 = CARTESIAN_POINT('',(-1.1,2.E-02,2.813808214208E-15));
#1379 = VECTOR('',#1380,1.);
#1380 = DIRECTION('',(-1.084202172486E-16,-1.466535226591E-13,1.));
#1381 = ORIENTED_EDGE('',*,*,#1382,.T.);
#1382 = EDGE_CURVE('',#1375,#1000,#1383,.T.);
#1383 = LINE('',#1384,#1385);
#1384 = CARTESIAN_POINT('',(-1.1,1.999999999998E-02,0.125));
#1385 = VECTOR('',#1386,1.);
#1386 = DIRECTION('',(0.,-1.,-1.466535226591E-13));
#1387 = ORIENTED_EDGE('',*,*,#1388,.F.);
#1388 = EDGE_CURVE('',#1389,#1000,#1391,.T.);
#1389 = VERTEX_POINT('',#1390);
#1390 = CARTESIAN_POINT('',(-1.1,-0.3,0.125));
#1391 = LINE('',#1392,#1393);
#1392 = CARTESIAN_POINT('',(-1.1,-0.3,0.125));
#1393 = VECTOR('',#1394,1.);
#1394 = DIRECTION('',(-0.,1.,1.466535226591E-13));
#1395 = ORIENTED_EDGE('',*,*,#1396,.F.);
#1396 = EDGE_CURVE('',#1365,#1389,#1397,.T.);
#1397 = LINE('',#1398,#1399);
#1398 = CARTESIAN_POINT('',(-1.1,-0.3,-4.41153190367E-14));
#1399 = VECTOR('',#1400,1.);
#1400 = DIRECTION('',(1.084202172486E-16,1.466535226591E-13,-1.));
#1401 = PLANE('',#1402);
#1402 = AXIS2_PLACEMENT_3D('',#1403,#1404,#1405);
#1403 = CARTESIAN_POINT('',(-1.1,-0.28,1.));
#1404 = DIRECTION('',(1.,-1.590020678696E-29,1.084202172486E-16));
#1405 = DIRECTION('',(-1.084202172486E-16,-1.466535226591E-13,1.));
#1406 = ADVANCED_FACE('',(#1407),#1447,.F.);
#1407 = FACE_BOUND('',#1408,.T.);
#1408 = EDGE_LOOP('',(#1409,#1419,#1427,#1433,#1441));
#1409 = ORIENTED_EDGE('',*,*,#1410,.T.);
#1410 = EDGE_CURVE('',#1411,#1413,#1415,.T.);
#1411 = VERTEX_POINT('',#1412);
#1412 = CARTESIAN_POINT('',(1.1,-0.3,-0.25));
#1413 = VERTEX_POINT('',#1414);
#1414 = CARTESIAN_POINT('',(1.1,2.000000000004E-02,-0.25));
#1415 = LINE('',#1416,#1417);
#1416 = CARTESIAN_POINT('',(1.1,-0.3,-0.25));
#1417 = VECTOR('',#1418,1.);
#1418 = DIRECTION('',(-0.,1.,1.466535226591E-13));
#1419 = ORIENTED_EDGE('',*,*,#1420,.F.);
#1420 = EDGE_CURVE('',#1421,#1413,#1423,.T.);
#1421 = VERTEX_POINT('',#1422);
#1422 = CARTESIAN_POINT('',(1.1,2.000000000002E-02,-0.125));
#1423 = LINE('',#1424,#1425);
#1424 = CARTESIAN_POINT('',(1.1,2.E-02,3.171594931128E-15));
#1425 = VECTOR('',#1426,1.);
#1426 = DIRECTION('',(2.168404344971E-16,1.466535226591E-13,-1.));
#1427 = ORIENTED_EDGE('',*,*,#1428,.T.);
#1428 = EDGE_CURVE('',#1421,#918,#1429,.T.);
#1429 = LINE('',#1430,#1431);
#1430 = CARTESIAN_POINT('',(1.1,2.000000000002E-02,-0.125));
#1431 = VECTOR('',#1432,1.);
#1432 = DIRECTION('',(0.,-1.,-1.466535226591E-13));
#1433 = ORIENTED_EDGE('',*,*,#1434,.F.);
#1434 = EDGE_CURVE('',#1435,#918,#1437,.T.);
#1435 = VERTEX_POINT('',#1436);
#1436 = CARTESIAN_POINT('',(1.1,-0.3,-0.125));
#1437 = LINE('',#1438,#1439);
#1438 = CARTESIAN_POINT('',(1.1,-0.3,-0.125));
#1439 = VECTOR('',#1440,1.);
#1440 = DIRECTION('',(-0.,1.,1.466535226591E-13));
#1441 = ORIENTED_EDGE('',*,*,#1442,.F.);
#1442 = EDGE_CURVE('',#1411,#1435,#1443,.T.);
#1443 = LINE('',#1444,#1445);
#1444 = CARTESIAN_POINT('',(1.1,-0.3,-4.375753231978E-14));
#1445 = VECTOR('',#1446,1.);
#1446 = DIRECTION('',(-2.168404344971E-16,-1.466535226591E-13,1.));
#1447 = PLANE('',#1448);
#1448 = AXIS2_PLACEMENT_3D('',#1449,#1450,#1451);
#1449 = CARTESIAN_POINT('',(1.1,-0.28,1.));
#1450 = DIRECTION('',(-1.,3.180041357393E-29,-2.168404344971E-16));
#1451 = DIRECTION('',(2.168404344971E-16,1.466535226591E-13,-1.));
#1452 = ADVANCED_FACE('',(#1453),#1493,.F.);
#1453 = FACE_BOUND('',#1454,.T.);
#1454 = EDGE_LOOP('',(#1455,#1465,#1473,#1479,#1487));
#1455 = ORIENTED_EDGE('',*,*,#1456,.T.);
#1456 = EDGE_CURVE('',#1457,#1459,#1461,.T.);
#1457 = VERTEX_POINT('',#1458);
#1458 = CARTESIAN_POINT('',(-1.1,-0.3,-0.75));
#1459 = VERTEX_POINT('',#1460);
#1460 = CARTESIAN_POINT('',(-1.1,2.000000000011E-02,-0.75));
#1461 = LINE('',#1462,#1463);
#1462 = CARTESIAN_POINT('',(-1.1,-0.3,-0.75));
#1463 = VECTOR('',#1464,1.);
#1464 = DIRECTION('',(-0.,1.,1.466535226591E-13));
#1465 = ORIENTED_EDGE('',*,*,#1466,.F.);
#1466 = EDGE_CURVE('',#1467,#1459,#1469,.T.);
#1467 = VERTEX_POINT('',#1468);
#1468 = CARTESIAN_POINT('',(-1.1,2.000000000013E-02,-0.875));
#1469 = LINE('',#1470,#1471);
#1470 = CARTESIAN_POINT('',(-1.1,2.E-02,2.813808214208E-15));
#1471 = VECTOR('',#1472,1.);
#1472 = DIRECTION('',(-1.084202172486E-16,-1.466535226591E-13,1.));
#1473 = ORIENTED_EDGE('',*,*,#1474,.T.);
#1474 = EDGE_CURVE('',#1467,#967,#1475,.T.);
#1475 = LINE('',#1476,#1477);
#1476 = CARTESIAN_POINT('',(-1.1,2.000000000013E-02,-0.875));
#1477 = VECTOR('',#1478,1.);
#1478 = DIRECTION('',(0.,-1.,-1.466535226591E-13));
#1479 = ORIENTED_EDGE('',*,*,#1480,.F.);
#1480 = EDGE_CURVE('',#1481,#967,#1483,.T.);
#1481 = VERTEX_POINT('',#1482);
#1482 = CARTESIAN_POINT('',(-1.1,-0.3,-0.875));
#1483 = LINE('',#1484,#1485);
#1484 = CARTESIAN_POINT('',(-1.1,-0.3,-0.875));
#1485 = VECTOR('',#1486,1.);
#1486 = DIRECTION('',(-0.,1.,1.466535226591E-13));
#1487 = ORIENTED_EDGE('',*,*,#1488,.F.);
#1488 = EDGE_CURVE('',#1457,#1481,#1489,.T.);
#1489 = LINE('',#1490,#1491);
#1490 = CARTESIAN_POINT('',(-1.1,-0.3,-4.41153190367E-14));
#1491 = VECTOR('',#1492,1.);
#1492 = DIRECTION('',(1.084202172486E-16,1.466535226591E-13,-1.));
#1493 = PLANE('',#1494);
#1494 = AXIS2_PLACEMENT_3D('',#1495,#1496,#1497);
#1495 = CARTESIAN_POINT('',(-1.1,-0.28,1.));
#1496 = DIRECTION('',(1.,-1.590020678696E-29,1.084202172486E-16));
#1497 = DIRECTION('',(-1.084202172486E-16,-1.466535226591E-13,1.));
#1498 = ADVANCED_FACE('',(#1499),#1533,.F.);
#1499 = FACE_BOUND('',#1500,.T.);
#1500 = EDGE_LOOP('',(#1501,#1511,#1519,#1527));
#1501 = ORIENTED_EDGE('',*,*,#1502,.T.);
#1502 = EDGE_CURVE('',#1503,#1505,#1507,.T.);
#1503 = VERTEX_POINT('',#1504);
#1504 = CARTESIAN_POINT('',(1.1,-0.3,0.75));
#1505 = VERTEX_POINT('',#1506);
#1506 = CARTESIAN_POINT('',(1.1,1.999999999989E-02,0.75));
#1507 = LINE('',#1508,#1509);
#1508 = CARTESIAN_POINT('',(1.1,-0.3,0.75));
#1509 = VECTOR('',#1510,1.);
#1510 = DIRECTION('',(-0.,1.,1.466535226591E-13));
#1511 = ORIENTED_EDGE('',*,*,#1512,.F.);
#1512 = EDGE_CURVE('',#1513,#1505,#1515,.T.);
#1513 = VERTEX_POINT('',#1514);
#1514 = CARTESIAN_POINT('',(1.1,1.999999999987E-02,0.875));
#1515 = LINE('',#1516,#1517);
#1516 = CARTESIAN_POINT('',(1.1,2.E-02,3.171594931128E-15));
#1517 = VECTOR('',#1518,1.);
#1518 = DIRECTION('',(2.168404344971E-16,1.466535226591E-13,-1.));
#1519 = ORIENTED_EDGE('',*,*,#1520,.F.);
#1520 = EDGE_CURVE('',#1521,#1513,#1523,.T.);
#1521 = VERTEX_POINT('',#1522);
#1522 = CARTESIAN_POINT('',(1.1,-0.3,0.875));
#1523 = LINE('',#1524,#1525);
#1524 = CARTESIAN_POINT('',(1.1,-0.3,0.875));
#1525 = VECTOR('',#1526,1.);
#1526 = DIRECTION('',(-0.,1.,1.466535226591E-13));
#1527 = ORIENTED_EDGE('',*,*,#1528,.F.);
#1528 = EDGE_CURVE('',#1503,#1521,#1529,.T.);
#1529 = LINE('',#1530,#1531);
#1530 = CARTESIAN_POINT('',(1.1,-0.3,-4.375753231978E-14));
#1531 = VECTOR('',#1532,1.);
#1532 = DIRECTION('',(-2.168404344971E-16,-1.466535226591E-13,1.));
#1533 = PLANE('',#1534);
#1534 = AXIS2_PLACEMENT_3D('',#1535,#1536,#1537);
#1535 = CARTESIAN_POINT('',(1.1,-0.28,1.));
#1536 = DIRECTION('',(-1.,3.180041357393E-29,-2.168404344971E-16));
#1537 = DIRECTION('',(2.168404344971E-16,1.466535226591E-13,-1.));
#1538 = ADVANCED_FACE('',(#1539),#1557,.F.);
#1539 = FACE_BOUND('',#1540,.F.);
#1540 = EDGE_LOOP('',(#1541,#1548,#1549,#1556));
#1541 = ORIENTED_EDGE('',*,*,#1542,.F.);
#1542 = EDGE_CURVE('',#1365,#1343,#1543,.T.);
#1543 = CIRCLE('',#1544,0.25);
#1544 = AXIS2_PLACEMENT_3D('',#1545,#1546,#1547);
#1545 = CARTESIAN_POINT('',(-1.1,-0.3,0.5));
#1546 = DIRECTION('',(0.,-1.,-1.466535226591E-13));
#1547 = DIRECTION('',(0.,1.466535226591E-13,-1.));
#1548 = ORIENTED_EDGE('',*,*,#1364,.T.);
#1549 = ORIENTED_EDGE('',*,*,#1550,.T.);
#1550 = EDGE_CURVE('',#1367,#1335,#1551,.T.);
#1551 = CIRCLE('',#1552,0.25);
#1552 = AXIS2_PLACEMENT_3D('',#1553,#1554,#1555);
#1553 = CARTESIAN_POINT('',(-1.1,1.999999999993E-02,0.5));
#1554 = DIRECTION('',(0.,-1.,-1.466535226591E-13));
#1555 = DIRECTION('',(-8.673617379884E-16,-1.466535226591E-13,1.));
#1556 = ORIENTED_EDGE('',*,*,#1342,.F.);
#1557 = CYLINDRICAL_SURFACE('',#1558,0.25);
#1558 = AXIS2_PLACEMENT_3D('',#1559,#1560,#1561);
#1559 = CARTESIAN_POINT('',(-1.1,-0.3,0.5));
#1560 = DIRECTION('',(-0.,1.,1.466535226591E-13));
#1561 = DIRECTION('',(0.,-1.466535226591E-13,1.));
#1562 = ADVANCED_FACE('',(#1563),#1588,.F.);
#1563 = FACE_BOUND('',#1564,.T.);
#1564 = EDGE_LOOP('',(#1565,#1566,#1567,#1573,#1574,#1582));
#1565 = ORIENTED_EDGE('',*,*,#1388,.T.);
#1566 = ORIENTED_EDGE('',*,*,#999,.F.);
#1567 = ORIENTED_EDGE('',*,*,#1568,.F.);
#1568 = EDGE_CURVE('',#708,#992,#1569,.T.);
#1569 = LINE('',#1570,#1571);
#1570 = CARTESIAN_POINT('',(-1.09,-1.833169033238E-14,0.125));
#1571 = VECTOR('',#1572,1.);
#1572 = DIRECTION('',(0.,1.,1.466535226591E-13));
#1573 = ORIENTED_EDGE('',*,*,#707,.T.);
#1574 = ORIENTED_EDGE('',*,*,#1575,.F.);
#1575 = EDGE_CURVE('',#1576,#700,#1578,.T.);
#1576 = VERTEX_POINT('',#1577);
#1577 = CARTESIAN_POINT('',(-0.565,-0.3,0.125));
#1578 = LINE('',#1579,#1580);
#1579 = CARTESIAN_POINT('',(-0.565,-0.3,0.125));
#1580 = VECTOR('',#1581,1.);
#1581 = DIRECTION('',(-0.,1.,1.466535226591E-13));
#1582 = ORIENTED_EDGE('',*,*,#1583,.F.);
#1583 = EDGE_CURVE('',#1389,#1576,#1584,.T.);
#1584 = LINE('',#1585,#1586);
#1585 = CARTESIAN_POINT('',(0.,-0.3,0.125));
#1586 = VECTOR('',#1587,1.);
#1587 = DIRECTION('',(1.,0.,0.));
#1588 = PLANE('',#1589);
#1589 = AXIS2_PLACEMENT_3D('',#1590,#1591,#1592);
#1590 = CARTESIAN_POINT('',(0.,-0.3,0.125));
#1591 = DIRECTION('',(0.,-1.466535226591E-13,1.));
#1592 = DIRECTION('',(-1.,0.,0.));
#1593 = ADVANCED_FACE('',(#1594),#1612,.T.);
#1594 = FACE_BOUND('',#1595,.T.);
#1595 = EDGE_LOOP('',(#1596,#1597,#1605,#1611));
#1596 = ORIENTED_EDGE('',*,*,#699,.F.);
#1597 = ORIENTED_EDGE('',*,*,#1598,.F.);
#1598 = EDGE_CURVE('',#1599,#692,#1601,.T.);
#1599 = VERTEX_POINT('',#1600);
#1600 = CARTESIAN_POINT('',(-0.565,-0.3,0.875));
#1601 = LINE('',#1602,#1603);
#1602 = CARTESIAN_POINT('',(-0.565,-0.3,0.875));
#1603 = VECTOR('',#1604,1.);
#1604 = DIRECTION('',(-0.,1.,1.466535226591E-13));
#1605 = ORIENTED_EDGE('',*,*,#1606,.T.);
#1606 = EDGE_CURVE('',#1599,#1576,#1607,.T.);
#1607 = LINE('',#1608,#1609);
#1608 = CARTESIAN_POINT('',(-0.565,-0.3,-4.399605679772E-14));
#1609 = VECTOR('',#1610,1.);
#1610 = DIRECTION('',(0.,1.466535226591E-13,-1.));
#1611 = ORIENTED_EDGE('',*,*,#1575,.T.);
#1612 = PLANE('',#1613);
#1613 = AXIS2_PLACEMENT_3D('',#1614,#1615,#1616);
#1614 = CARTESIAN_POINT('',(-0.565,-0.3,-4.399605679772E-14));
#1615 = DIRECTION('',(1.,0.,0.));
#1616 = DIRECTION('',(0.,-1.466535226591E-13,1.));
#1617 = ADVANCED_FACE('',(#1618),#1636,.T.);
#1618 = FACE_BOUND('',#1619,.T.);
#1619 = EDGE_LOOP('',(#1620,#1621,#1627,#1628,#1629,#1635));
#1620 = ORIENTED_EDGE('',*,*,#691,.F.);
#1621 = ORIENTED_EDGE('',*,*,#1622,.T.);
#1622 = EDGE_CURVE('',#684,#1017,#1623,.T.);
#1623 = LINE('',#1624,#1625);
#1624 = CARTESIAN_POINT('',(-1.09,-1.283218323267E-13,0.875));
#1625 = VECTOR('',#1626,1.);
#1626 = DIRECTION('',(0.,1.,1.466535226591E-13));
#1627 = ORIENTED_EDGE('',*,*,#1016,.T.);
#1628 = ORIENTED_EDGE('',*,*,#1318,.F.);
#1629 = ORIENTED_EDGE('',*,*,#1630,.T.);
#1630 = EDGE_CURVE('',#1319,#1599,#1631,.T.);
#1631 = LINE('',#1632,#1633);
#1632 = CARTESIAN_POINT('',(0.,-0.3,0.875));
#1633 = VECTOR('',#1634,1.);
#1634 = DIRECTION('',(1.,0.,0.));
#1635 = ORIENTED_EDGE('',*,*,#1598,.T.);
#1636 = PLANE('',#1637);
#1637 = AXIS2_PLACEMENT_3D('',#1638,#1639,#1640);
#1638 = CARTESIAN_POINT('',(0.,-0.3,0.875));
#1639 = DIRECTION('',(0.,-1.466535226591E-13,1.));
#1640 = DIRECTION('',(-1.,0.,0.));
#1641 = ADVANCED_FACE('',(#1642),#1650,.T.);
#1642 = FACE_BOUND('',#1643,.T.);
#1643 = EDGE_LOOP('',(#1644,#1645,#1646,#1647,#1648,#1649));
#1644 = ORIENTED_EDGE('',*,*,#1542,.F.);
#1645 = ORIENTED_EDGE('',*,*,#1396,.T.);
#1646 = ORIENTED_EDGE('',*,*,#1583,.T.);
#1647 = ORIENTED_EDGE('',*,*,#1606,.F.);
#1648 = ORIENTED_EDGE('',*,*,#1630,.F.);
#1649 = ORIENTED_EDGE('',*,*,#1350,.T.);
#1650 = PLANE('',#1651);
#1651 = AXIS2_PLACEMENT_3D('',#1652,#1653,#1654);
#1652 = CARTESIAN_POINT('',(0.,-0.3,-4.399605679772E-14));
#1653 = DIRECTION('',(0.,-1.,-1.466535226591E-13));
#1654 = DIRECTION('',(0.,1.466535226591E-13,-1.));
#1655 = ADVANCED_FACE('',(#1656),#1674,.F.);
#1656 = FACE_BOUND('',#1657,.F.);
#1657 = EDGE_LOOP('',(#1658,#1665,#1666,#1673));
#1658 = ORIENTED_EDGE('',*,*,#1659,.T.);
#1659 = EDGE_CURVE('',#1205,#1503,#1660,.T.);
#1660 = CIRCLE('',#1661,0.25);
#1661 = AXIS2_PLACEMENT_3D('',#1662,#1663,#1664);
#1662 = CARTESIAN_POINT('',(1.1,-0.3,0.5));
#1663 = DIRECTION('',(0.,1.,1.466535226591E-13));
#1664 = DIRECTION('',(0.,1.466535226591E-13,-1.));
#1665 = ORIENTED_EDGE('',*,*,#1502,.T.);
#1666 = ORIENTED_EDGE('',*,*,#1667,.T.);
#1667 = EDGE_CURVE('',#1505,#1197,#1668,.T.);
#1668 = CIRCLE('',#1669,0.25);
#1669 = AXIS2_PLACEMENT_3D('',#1670,#1671,#1672);
#1670 = CARTESIAN_POINT('',(1.1,1.999999999993E-02,0.5));
#1671 = DIRECTION('',(-0.,-1.,-1.466535226591E-13));
#1672 = DIRECTION('',(0.,-1.466535226591E-13,1.));
#1673 = ORIENTED_EDGE('',*,*,#1204,.F.);
#1674 = CYLINDRICAL_SURFACE('',#1675,0.25);
#1675 = AXIS2_PLACEMENT_3D('',#1676,#1677,#1678);
#1676 = CARTESIAN_POINT('',(1.1,-0.3,0.5));
#1677 = DIRECTION('',(-0.,1.,1.466535226591E-13));
#1678 = DIRECTION('',(0.,-1.466535226591E-13,1.));
#1679 = ADVANCED_FACE('',(#1680),#1711,.F.);
#1680 = FACE_BOUND('',#1681,.T.);
#1681 = EDGE_LOOP('',(#1682,#1683,#1689,#1690,#1696,#1697,#1705));
#1682 = ORIENTED_EDGE('',*,*,#1520,.T.);
#1683 = ORIENTED_EDGE('',*,*,#1684,.F.);
#1684 = EDGE_CURVE('',#816,#1513,#1685,.T.);
#1685 = LINE('',#1686,#1687);
#1686 = CARTESIAN_POINT('',(-1.89735380185E-16,1.999999999987E-02,0.875)
  );
#1687 = VECTOR('',#1688,1.);
#1688 = DIRECTION('',(1.,-3.180041357393E-29,2.168404344971E-16));
#1689 = ORIENTED_EDGE('',*,*,#815,.T.);
#1690 = ORIENTED_EDGE('',*,*,#1691,.F.);
#1691 = EDGE_CURVE('',#660,#807,#1692,.T.);
#1692 = LINE('',#1693,#1694);
#1693 = CARTESIAN_POINT('',(1.09,-1.289994586845E-13,0.875));
#1694 = VECTOR('',#1695,1.);
#1695 = DIRECTION('',(-1.95895829938E-31,1.,1.474279527823E-13));
#1696 = ORIENTED_EDGE('',*,*,#659,.T.);
#1697 = ORIENTED_EDGE('',*,*,#1698,.F.);
#1698 = EDGE_CURVE('',#1699,#652,#1701,.T.);
#1699 = VERTEX_POINT('',#1700);
#1700 = CARTESIAN_POINT('',(0.565,-0.3,0.875));
#1701 = LINE('',#1702,#1703);
#1702 = CARTESIAN_POINT('',(0.565,-0.3,0.875));
#1703 = VECTOR('',#1704,1.);
#1704 = DIRECTION('',(-0.,1.,1.466535226591E-13));
#1705 = ORIENTED_EDGE('',*,*,#1706,.F.);
#1706 = EDGE_CURVE('',#1521,#1699,#1707,.T.);
#1707 = LINE('',#1708,#1709);
#1708 = CARTESIAN_POINT('',(0.,-0.3,0.875));
#1709 = VECTOR('',#1710,1.);
#1710 = DIRECTION('',(-1.,0.,-0.));
#1711 = PLANE('',#1712);
#1712 = AXIS2_PLACEMENT_3D('',#1713,#1714,#1715);
#1713 = CARTESIAN_POINT('',(0.,-0.3,0.875));
#1714 = DIRECTION('',(0.,1.466535226591E-13,-1.));
#1715 = DIRECTION('',(1.,0.,0.));
#1716 = ADVANCED_FACE('',(#1717),#1735,.F.);
#1717 = FACE_BOUND('',#1718,.T.);
#1718 = EDGE_LOOP('',(#1719,#1720,#1728,#1734));
#1719 = ORIENTED_EDGE('',*,*,#651,.T.);
#1720 = ORIENTED_EDGE('',*,*,#1721,.F.);
#1721 = EDGE_CURVE('',#1722,#644,#1724,.T.);
#1722 = VERTEX_POINT('',#1723);
#1723 = CARTESIAN_POINT('',(0.565,-0.3,0.125));
#1724 = LINE('',#1725,#1726);
#1725 = CARTESIAN_POINT('',(0.565,-0.3,0.125));
#1726 = VECTOR('',#1727,1.);
#1727 = DIRECTION('',(-0.,1.,1.466535226591E-13));
#1728 = ORIENTED_EDGE('',*,*,#1729,.F.);
#1729 = EDGE_CURVE('',#1699,#1722,#1730,.T.);
#1730 = LINE('',#1731,#1732);
#1731 = CARTESIAN_POINT('',(0.565,-0.3,-4.399605679772E-14));
#1732 = VECTOR('',#1733,1.);
#1733 = DIRECTION('',(0.,1.466535226591E-13,-1.));
#1734 = ORIENTED_EDGE('',*,*,#1698,.T.);
#1735 = PLANE('',#1736);
#1736 = AXIS2_PLACEMENT_3D('',#1737,#1738,#1739);
#1737 = CARTESIAN_POINT('',(0.565,-0.3,-4.399605679772E-14));
#1738 = DIRECTION('',(1.,0.,0.));
#1739 = DIRECTION('',(0.,-1.466535226591E-13,1.));
#1740 = ADVANCED_FACE('',(#1741),#1765,.T.);
#1741 = FACE_BOUND('',#1742,.T.);
#1742 = EDGE_LOOP('',(#1743,#1744,#1750,#1751,#1757,#1758,#1764));
#1743 = ORIENTED_EDGE('',*,*,#643,.F.);
#1744 = ORIENTED_EDGE('',*,*,#1745,.T.);
#1745 = EDGE_CURVE('',#636,#805,#1746,.T.);
#1746 = LINE('',#1747,#1748);
#1747 = CARTESIAN_POINT('',(1.09,-1.834379080306E-14,0.125));
#1748 = VECTOR('',#1749,1.);
#1749 = DIRECTION('',(-2.448697874225E-32,1.,1.467503264245E-13));
#1750 = ORIENTED_EDGE('',*,*,#832,.F.);
#1751 = ORIENTED_EDGE('',*,*,#1752,.F.);
#1752 = EDGE_CURVE('',#1189,#824,#1753,.T.);
#1753 = LINE('',#1754,#1755);
#1754 = CARTESIAN_POINT('',(-2.710505431214E-17,1.999999999998E-02,0.125
    ));
#1755 = VECTOR('',#1756,1.);
#1756 = DIRECTION('',(-1.,3.180041357393E-29,-2.168404344971E-16));
#1757 = ORIENTED_EDGE('',*,*,#1186,.F.);
#1758 = ORIENTED_EDGE('',*,*,#1759,.T.);
#1759 = EDGE_CURVE('',#1187,#1722,#1760,.T.);
#1760 = LINE('',#1761,#1762);
#1761 = CARTESIAN_POINT('',(0.,-0.3,0.125));
#1762 = VECTOR('',#1763,1.);
#1763 = DIRECTION('',(-1.,0.,-0.));
#1764 = ORIENTED_EDGE('',*,*,#1721,.T.);
#1765 = PLANE('',#1766);
#1766 = AXIS2_PLACEMENT_3D('',#1767,#1768,#1769);
#1767 = CARTESIAN_POINT('',(0.,-0.3,0.125));
#1768 = DIRECTION('',(0.,1.466535226591E-13,-1.));
#1769 = DIRECTION('',(1.,0.,0.));
#1770 = ADVANCED_FACE('',(#1771),#1779,.T.);
#1771 = FACE_BOUND('',#1772,.T.);
#1772 = EDGE_LOOP('',(#1773,#1774,#1775,#1776,#1777,#1778));
#1773 = ORIENTED_EDGE('',*,*,#1212,.T.);
#1774 = ORIENTED_EDGE('',*,*,#1659,.T.);
#1775 = ORIENTED_EDGE('',*,*,#1528,.T.);
#1776 = ORIENTED_EDGE('',*,*,#1706,.T.);
#1777 = ORIENTED_EDGE('',*,*,#1729,.T.);
#1778 = ORIENTED_EDGE('',*,*,#1759,.F.);
#1779 = PLANE('',#1780);
#1780 = AXIS2_PLACEMENT_3D('',#1781,#1782,#1783);
#1781 = CARTESIAN_POINT('',(0.,-0.3,-4.399605679772E-14));
#1782 = DIRECTION('',(0.,-1.,-1.466535226591E-13));
#1783 = DIRECTION('',(0.,1.466535226591E-13,-1.));
#1784 = ADVANCED_FACE('',(#1785),#1803,.F.);
#1785 = FACE_BOUND('',#1786,.F.);
#1786 = EDGE_LOOP('',(#1787,#1794,#1795,#1802));
#1787 = ORIENTED_EDGE('',*,*,#1788,.F.);
#1788 = EDGE_CURVE('',#1411,#1251,#1789,.T.);
#1789 = CIRCLE('',#1790,0.25);
#1790 = AXIS2_PLACEMENT_3D('',#1791,#1792,#1793);
#1791 = CARTESIAN_POINT('',(1.1,-0.3,-0.5));
#1792 = DIRECTION('',(0.,-1.,-1.466535226591E-13));
#1793 = DIRECTION('',(0.,1.466535226591E-13,-1.));
#1794 = ORIENTED_EDGE('',*,*,#1410,.T.);
#1795 = ORIENTED_EDGE('',*,*,#1796,.T.);
#1796 = EDGE_CURVE('',#1413,#1243,#1797,.T.);
#1797 = CIRCLE('',#1798,0.25);
#1798 = AXIS2_PLACEMENT_3D('',#1799,#1800,#1801);
#1799 = CARTESIAN_POINT('',(1.1,2.000000000007E-02,-0.5));
#1800 = DIRECTION('',(-0.,-1.,-1.466535226591E-13));
#1801 = DIRECTION('',(0.,-1.466535226591E-13,1.));
#1802 = ORIENTED_EDGE('',*,*,#1250,.F.);
#1803 = CYLINDRICAL_SURFACE('',#1804,0.25);
#1804 = AXIS2_PLACEMENT_3D('',#1805,#1806,#1807);
#1805 = CARTESIAN_POINT('',(1.1,-0.3,-0.5));
#1806 = DIRECTION('',(-0.,1.,1.466535226591E-13));
#1807 = DIRECTION('',(0.,-1.466535226591E-13,1.));
#1808 = ADVANCED_FACE('',(#1809),#1834,.F.);
#1809 = FACE_BOUND('',#1810,.T.);
#1810 = EDGE_LOOP('',(#1811,#1812,#1813,#1819,#1820,#1828));
#1811 = ORIENTED_EDGE('',*,*,#1434,.T.);
#1812 = ORIENTED_EDGE('',*,*,#917,.F.);
#1813 = ORIENTED_EDGE('',*,*,#1814,.F.);
#1814 = EDGE_CURVE('',#628,#910,#1815,.T.);
#1815 = LINE('',#1816,#1817);
#1816 = CARTESIAN_POINT('',(1.09,1.833169033238E-14,-0.125));
#1817 = VECTOR('',#1818,1.);
#1818 = DIRECTION('',(0.,1.,1.466535226591E-13));
#1819 = ORIENTED_EDGE('',*,*,#627,.T.);
#1820 = ORIENTED_EDGE('',*,*,#1821,.F.);
#1821 = EDGE_CURVE('',#1822,#620,#1824,.T.);
#1822 = VERTEX_POINT('',#1823);
#1823 = CARTESIAN_POINT('',(0.565,-0.3,-0.125));
#1824 = LINE('',#1825,#1826);
#1825 = CARTESIAN_POINT('',(0.565,-0.3,-0.125));
#1826 = VECTOR('',#1827,1.);
#1827 = DIRECTION('',(-0.,1.,1.466535226591E-13));
#1828 = ORIENTED_EDGE('',*,*,#1829,.F.);
#1829 = EDGE_CURVE('',#1435,#1822,#1830,.T.);
#1830 = LINE('',#1831,#1832);
#1831 = CARTESIAN_POINT('',(0.,-0.3,-0.125));
#1832 = VECTOR('',#1833,1.);
#1833 = DIRECTION('',(-1.,0.,-0.));
#1834 = PLANE('',#1835);
#1835 = AXIS2_PLACEMENT_3D('',#1836,#1837,#1838);
#1836 = CARTESIAN_POINT('',(0.,-0.3,-0.125));
#1837 = DIRECTION('',(0.,1.466535226591E-13,-1.));
#1838 = DIRECTION('',(1.,0.,0.));
#1839 = ADVANCED_FACE('',(#1840),#1858,.T.);
#1840 = FACE_BOUND('',#1841,.T.);
#1841 = EDGE_LOOP('',(#1842,#1843,#1851,#1857));
#1842 = ORIENTED_EDGE('',*,*,#619,.F.);
#1843 = ORIENTED_EDGE('',*,*,#1844,.F.);
#1844 = EDGE_CURVE('',#1845,#612,#1847,.T.);
#1845 = VERTEX_POINT('',#1846);
#1846 = CARTESIAN_POINT('',(0.565,-0.3,-0.875));
#1847 = LINE('',#1848,#1849);
#1848 = CARTESIAN_POINT('',(0.565,-0.3,-0.875));
#1849 = VECTOR('',#1850,1.);
#1850 = DIRECTION('',(-0.,1.,1.466535226591E-13));
#1851 = ORIENTED_EDGE('',*,*,#1852,.T.);
#1852 = EDGE_CURVE('',#1845,#1822,#1853,.T.);
#1853 = LINE('',#1854,#1855);
#1854 = CARTESIAN_POINT('',(0.565,-0.3,-4.399605679772E-14));
#1855 = VECTOR('',#1856,1.);
#1856 = DIRECTION('',(0.,-1.466535226591E-13,1.));
#1857 = ORIENTED_EDGE('',*,*,#1821,.T.);
#1858 = PLANE('',#1859);
#1859 = AXIS2_PLACEMENT_3D('',#1860,#1861,#1862);
#1860 = CARTESIAN_POINT('',(0.565,-0.3,-4.399605679772E-14));
#1861 = DIRECTION('',(-1.,0.,-0.));
#1862 = DIRECTION('',(0.,1.466535226591E-13,-1.));
#1863 = ADVANCED_FACE('',(#1864),#1882,.T.);
#1864 = FACE_BOUND('',#1865,.T.);
#1865 = EDGE_LOOP('',(#1866,#1867,#1873,#1874,#1875,#1881));
#1866 = ORIENTED_EDGE('',*,*,#611,.F.);
#1867 = ORIENTED_EDGE('',*,*,#1868,.T.);
#1868 = EDGE_CURVE('',#602,#935,#1869,.T.);
#1869 = LINE('',#1870,#1871);
#1870 = CARTESIAN_POINT('',(1.09,1.300158982212E-13,-0.875));
#1871 = VECTOR('',#1872,1.);
#1872 = DIRECTION('',(-4.897395748449E-31,1.,1.485895979671E-13));
#1873 = ORIENTED_EDGE('',*,*,#934,.T.);
#1874 = ORIENTED_EDGE('',*,*,#1226,.F.);
#1875 = ORIENTED_EDGE('',*,*,#1876,.T.);
#1876 = EDGE_CURVE('',#1227,#1845,#1877,.T.);
#1877 = LINE('',#1878,#1879);
#1878 = CARTESIAN_POINT('',(0.,-0.3,-0.875));
#1879 = VECTOR('',#1880,1.);
#1880 = DIRECTION('',(-1.,0.,-0.));
#1881 = ORIENTED_EDGE('',*,*,#1844,.T.);
#1882 = PLANE('',#1883);
#1883 = AXIS2_PLACEMENT_3D('',#1884,#1885,#1886);
#1884 = CARTESIAN_POINT('',(0.,-0.3,-0.875));
#1885 = DIRECTION('',(0.,1.466535226591E-13,-1.));
#1886 = DIRECTION('',(1.,0.,0.));
#1887 = ADVANCED_FACE('',(#1888),#1896,.T.);
#1888 = FACE_BOUND('',#1889,.T.);
#1889 = EDGE_LOOP('',(#1890,#1891,#1892,#1893,#1894,#1895));
#1890 = ORIENTED_EDGE('',*,*,#1788,.F.);
#1891 = ORIENTED_EDGE('',*,*,#1442,.T.);
#1892 = ORIENTED_EDGE('',*,*,#1829,.T.);
#1893 = ORIENTED_EDGE('',*,*,#1852,.F.);
#1894 = ORIENTED_EDGE('',*,*,#1876,.F.);
#1895 = ORIENTED_EDGE('',*,*,#1258,.T.);
#1896 = PLANE('',#1897);
#1897 = AXIS2_PLACEMENT_3D('',#1898,#1899,#1900);
#1898 = CARTESIAN_POINT('',(0.,-0.3,-4.399605679772E-14));
#1899 = DIRECTION('',(0.,-1.,-1.466535226591E-13));
#1900 = DIRECTION('',(0.,1.466535226591E-13,-1.));
#1901 = ADVANCED_FACE('',(#1902),#1920,.F.);
#1902 = FACE_BOUND('',#1903,.F.);
#1903 = EDGE_LOOP('',(#1904,#1911,#1912,#1919));
#1904 = ORIENTED_EDGE('',*,*,#1905,.T.);
#1905 = EDGE_CURVE('',#1297,#1457,#1906,.T.);
#1906 = CIRCLE('',#1907,0.25);
#1907 = AXIS2_PLACEMENT_3D('',#1908,#1909,#1910);
#1908 = CARTESIAN_POINT('',(-1.1,-0.3,-0.5));
#1909 = DIRECTION('',(0.,1.,1.466535226591E-13));
#1910 = DIRECTION('',(2.602085213965E-15,1.466535226591E-13,-1.));
#1911 = ORIENTED_EDGE('',*,*,#1456,.T.);
#1912 = ORIENTED_EDGE('',*,*,#1913,.T.);
#1913 = EDGE_CURVE('',#1459,#1289,#1914,.T.);
#1914 = CIRCLE('',#1915,0.25);
#1915 = AXIS2_PLACEMENT_3D('',#1916,#1917,#1918);
#1916 = CARTESIAN_POINT('',(-1.1,2.000000000007E-02,-0.5));
#1917 = DIRECTION('',(0.,-1.,-1.466535226591E-13));
#1918 = DIRECTION('',(2.602085213965E-15,-1.466535226591E-13,1.));
#1919 = ORIENTED_EDGE('',*,*,#1296,.F.);
#1920 = CYLINDRICAL_SURFACE('',#1921,0.25);
#1921 = AXIS2_PLACEMENT_3D('',#1922,#1923,#1924);
#1922 = CARTESIAN_POINT('',(-1.1,-0.3,-0.5));
#1923 = DIRECTION('',(-0.,1.,1.466535226591E-13));
#1924 = DIRECTION('',(0.,-1.466535226591E-13,1.));
#1925 = ADVANCED_FACE('',(#1926),#1951,.F.);
#1926 = FACE_BOUND('',#1927,.T.);
#1927 = EDGE_LOOP('',(#1928,#1929,#1930,#1936,#1937,#1945));
#1928 = ORIENTED_EDGE('',*,*,#1480,.T.);
#1929 = ORIENTED_EDGE('',*,*,#966,.F.);
#1930 = ORIENTED_EDGE('',*,*,#1931,.F.);
#1931 = EDGE_CURVE('',#740,#959,#1932,.T.);
#1932 = LINE('',#1933,#1934);
#1933 = CARTESIAN_POINT('',(-1.09,1.289994586845E-13,-0.875));
#1934 = VECTOR('',#1935,1.);
#1935 = DIRECTION('',(-9.794791496898E-32,1.,1.474279527823E-13));
#1936 = ORIENTED_EDGE('',*,*,#739,.T.);
#1937 = ORIENTED_EDGE('',*,*,#1938,.F.);
#1938 = EDGE_CURVE('',#1939,#732,#1941,.T.);
#1939 = VERTEX_POINT('',#1940);
#1940 = CARTESIAN_POINT('',(-0.565,-0.3,-0.875));
#1941 = LINE('',#1942,#1943);
#1942 = CARTESIAN_POINT('',(-0.565,-0.3,-0.875));
#1943 = VECTOR('',#1944,1.);
#1944 = DIRECTION('',(-0.,1.,1.466535226591E-13));
#1945 = ORIENTED_EDGE('',*,*,#1946,.F.);
#1946 = EDGE_CURVE('',#1481,#1939,#1947,.T.);
#1947 = LINE('',#1948,#1949);
#1948 = CARTESIAN_POINT('',(0.,-0.3,-0.875));
#1949 = VECTOR('',#1950,1.);
#1950 = DIRECTION('',(1.,0.,0.));
#1951 = PLANE('',#1952);
#1952 = AXIS2_PLACEMENT_3D('',#1953,#1954,#1955);
#1953 = CARTESIAN_POINT('',(0.,-0.3,-0.875));
#1954 = DIRECTION('',(0.,-1.466535226591E-13,1.));
#1955 = DIRECTION('',(-1.,0.,0.));
#1956 = ADVANCED_FACE('',(#1957),#1975,.F.);
#1957 = FACE_BOUND('',#1958,.T.);
#1958 = EDGE_LOOP('',(#1959,#1960,#1968,#1974));
#1959 = ORIENTED_EDGE('',*,*,#731,.T.);
#1960 = ORIENTED_EDGE('',*,*,#1961,.F.);
#1961 = EDGE_CURVE('',#1962,#724,#1964,.T.);
#1962 = VERTEX_POINT('',#1963);
#1963 = CARTESIAN_POINT('',(-0.565,-0.3,-0.125));
#1964 = LINE('',#1965,#1966);
#1965 = CARTESIAN_POINT('',(-0.565,-0.3,-0.125));
#1966 = VECTOR('',#1967,1.);
#1967 = DIRECTION('',(-0.,1.,1.466535226591E-13));
#1968 = ORIENTED_EDGE('',*,*,#1969,.F.);
#1969 = EDGE_CURVE('',#1939,#1962,#1970,.T.);
#1970 = LINE('',#1971,#1972);
#1971 = CARTESIAN_POINT('',(-0.565,-0.3,-4.399605679772E-14));
#1972 = VECTOR('',#1973,1.);
#1973 = DIRECTION('',(0.,-1.466535226591E-13,1.));
#1974 = ORIENTED_EDGE('',*,*,#1938,.T.);
#1975 = PLANE('',#1976);
#1976 = AXIS2_PLACEMENT_3D('',#1977,#1978,#1979);
#1977 = CARTESIAN_POINT('',(-0.565,-0.3,-4.399605679772E-14));
#1978 = DIRECTION('',(-1.,0.,-0.));
#1979 = DIRECTION('',(0.,1.466535226591E-13,-1.));
#1980 = ADVANCED_FACE('',(#1981),#1999,.T.);
#1981 = FACE_BOUND('',#1982,.T.);
#1982 = EDGE_LOOP('',(#1983,#1984,#1990,#1991,#1992,#1998));
#1983 = ORIENTED_EDGE('',*,*,#723,.F.);
#1984 = ORIENTED_EDGE('',*,*,#1985,.T.);
#1985 = EDGE_CURVE('',#716,#984,#1986,.T.);
#1986 = LINE('',#1987,#1988);
#1987 = CARTESIAN_POINT('',(-1.09,1.833169033238E-14,-0.125));
#1988 = VECTOR('',#1989,1.);
#1989 = DIRECTION('',(0.,1.,1.466535226591E-13));
#1990 = ORIENTED_EDGE('',*,*,#983,.T.);
#1991 = ORIENTED_EDGE('',*,*,#1272,.F.);
#1992 = ORIENTED_EDGE('',*,*,#1993,.T.);
#1993 = EDGE_CURVE('',#1273,#1962,#1994,.T.);
#1994 = LINE('',#1995,#1996);
#1995 = CARTESIAN_POINT('',(0.,-0.3,-0.125));
#1996 = VECTOR('',#1997,1.);
#1997 = DIRECTION('',(1.,0.,0.));
#1998 = ORIENTED_EDGE('',*,*,#1961,.T.);
#1999 = PLANE('',#2000);
#2000 = AXIS2_PLACEMENT_3D('',#2001,#2002,#2003);
#2001 = CARTESIAN_POINT('',(0.,-0.3,-0.125));
#2002 = DIRECTION('',(0.,-1.466535226591E-13,1.));
#2003 = DIRECTION('',(-1.,0.,0.));
#2004 = ADVANCED_FACE('',(#2005),#2013,.T.);
#2005 = FACE_BOUND('',#2006,.T.);
#2006 = EDGE_LOOP('',(#2007,#2008,#2009,#2010,#2011,#2012));
#2007 = ORIENTED_EDGE('',*,*,#1304,.T.);
#2008 = ORIENTED_EDGE('',*,*,#1905,.T.);
#2009 = ORIENTED_EDGE('',*,*,#1488,.T.);
#2010 = ORIENTED_EDGE('',*,*,#1946,.T.);
#2011 = ORIENTED_EDGE('',*,*,#1969,.T.);
#2012 = ORIENTED_EDGE('',*,*,#1993,.F.);
#2013 = PLANE('',#2014);
#2014 = AXIS2_PLACEMENT_3D('',#2015,#2016,#2017);
#2015 = CARTESIAN_POINT('',(0.,-0.3,-4.399605679772E-14));
#2016 = DIRECTION('',(0.,-1.,-1.466535226591E-13));
#2017 = DIRECTION('',(0.,1.466535226591E-13,-1.));
#2018 = ADVANCED_FACE('',(#2019),#2025,.T.);
#2019 = FACE_BOUND('',#2020,.T.);
#2020 = EDGE_LOOP('',(#2021,#2022,#2023,#2024));
#2021 = ORIENTED_EDGE('',*,*,#1985,.F.);
#2022 = ORIENTED_EDGE('',*,*,#715,.T.);
#2023 = ORIENTED_EDGE('',*,*,#1568,.T.);
#2024 = ORIENTED_EDGE('',*,*,#991,.T.);
#2025 = PLANE('',#2026);
#2026 = AXIS2_PLACEMENT_3D('',#2027,#2028,#2029);
#2027 = CARTESIAN_POINT('',(-1.09,2.024419115849E-29,-1.380409470665E-16
    ));
#2028 = DIRECTION('',(-1.,1.854835747851E-29,-1.26477408399E-16));
#2029 = DIRECTION('',(1.26477408399E-16,1.466535226591E-13,-1.));
#2030 = ADVANCED_FACE('',(#2031),#2037,.T.);
#2031 = FACE_BOUND('',#2032,.T.);
#2032 = EDGE_LOOP('',(#2033,#2034,#2035,#2036));
#2033 = ORIENTED_EDGE('',*,*,#1149,.T.);
#2034 = ORIENTED_EDGE('',*,*,#747,.T.);
#2035 = ORIENTED_EDGE('',*,*,#1931,.T.);
#2036 = ORIENTED_EDGE('',*,*,#958,.T.);
#2037 = PLANE('',#2038);
#2038 = AXIS2_PLACEMENT_3D('',#2039,#2040,#2041);
#2039 = CARTESIAN_POINT('',(-1.09,2.024419115849E-29,-1.380409470665E-16
    ));
#2040 = DIRECTION('',(-1.,1.854835747851E-29,-1.26477408399E-16));
#2041 = DIRECTION('',(1.26477408399E-16,1.466535226591E-13,-1.));
#2042 = ADVANCED_FACE('',(#2043),#2049,.T.);
#2043 = FACE_BOUND('',#2044,.T.);
#2044 = EDGE_LOOP('',(#2045,#2046,#2047,#2048));
#2045 = ORIENTED_EDGE('',*,*,#1622,.F.);
#2046 = ORIENTED_EDGE('',*,*,#683,.T.);
#2047 = ORIENTED_EDGE('',*,*,#1171,.T.);
#2048 = ORIENTED_EDGE('',*,*,#1024,.T.);
#2049 = PLANE('',#2050);
#2050 = AXIS2_PLACEMENT_3D('',#2051,#2052,#2053);
#2051 = CARTESIAN_POINT('',(-1.09,2.024419115849E-29,-1.380409470665E-16
    ));
#2052 = DIRECTION('',(-1.,1.854835747851E-29,-1.26477408399E-16));
#2053 = DIRECTION('',(1.26477408399E-16,1.466535226591E-13,-1.));
#2054 = ADVANCED_FACE('',(#2055),#2061,.T.);
#2055 = FACE_BOUND('',#2056,.T.);
#2056 = EDGE_LOOP('',(#2057,#2058,#2059,#2060));
#2057 = ORIENTED_EDGE('',*,*,#601,.T.);
#2058 = ORIENTED_EDGE('',*,*,#1142,.T.);
#2059 = ORIENTED_EDGE('',*,*,#942,.T.);
#2060 = ORIENTED_EDGE('',*,*,#1868,.F.);
#2061 = PLANE('',#2062);
#2062 = AXIS2_PLACEMENT_3D('',#2063,#2064,#2065);
#2063 = CARTESIAN_POINT('',(1.09,-4.048838231698E-29,2.760818941329E-16)
  );
#2064 = DIRECTION('',(1.,-3.709671495702E-29,2.529548167981E-16));
#2065 = DIRECTION('',(-2.529548167981E-16,-1.466535226591E-13,1.));
#2066 = ADVANCED_FACE('',(#2067),#2073,.T.);
#2067 = FACE_BOUND('',#2068,.T.);
#2068 = EDGE_LOOP('',(#2069,#2070,#2071,#2072));
#2069 = ORIENTED_EDGE('',*,*,#1745,.F.);
#2070 = ORIENTED_EDGE('',*,*,#635,.T.);
#2071 = ORIENTED_EDGE('',*,*,#1814,.T.);
#2072 = ORIENTED_EDGE('',*,*,#909,.T.);
#2073 = PLANE('',#2074);
#2074 = AXIS2_PLACEMENT_3D('',#2075,#2076,#2077);
#2075 = CARTESIAN_POINT('',(1.09,-4.048838231698E-29,2.760818941329E-16)
  );
#2076 = DIRECTION('',(1.,-3.709671495702E-29,2.529548167981E-16));
#2077 = DIRECTION('',(-2.529548167981E-16,-1.466535226591E-13,1.));
#2078 = ADVANCED_FACE('',(#2079),#2085,.T.);
#2079 = FACE_BOUND('',#2080,.T.);
#2080 = EDGE_LOOP('',(#2081,#2082,#2083,#2084));
#2081 = ORIENTED_EDGE('',*,*,#1164,.T.);
#2082 = ORIENTED_EDGE('',*,*,#667,.T.);
#2083 = ORIENTED_EDGE('',*,*,#1691,.T.);
#2084 = ORIENTED_EDGE('',*,*,#900,.T.);
#2085 = PLANE('',#2086);
#2086 = AXIS2_PLACEMENT_3D('',#2087,#2088,#2089);
#2087 = CARTESIAN_POINT('',(1.09,-4.048838231698E-29,2.760818941329E-16)
  );
#2088 = DIRECTION('',(1.,-3.709671495702E-29,2.529548167981E-16));
#2089 = DIRECTION('',(-2.529548167981E-16,-1.466535226591E-13,1.));
#2090 = ADVANCED_FACE('',(#2091),#2097,.F.);
#2091 = FACE_BOUND('',#2092,.T.);
#2092 = EDGE_LOOP('',(#2093,#2094,#2095,#2096));
#2093 = ORIENTED_EDGE('',*,*,#1077,.T.);
#2094 = ORIENTED_EDGE('',*,*,#1101,.T.);
#2095 = ORIENTED_EDGE('',*,*,#1125,.T.);
#2096 = ORIENTED_EDGE('',*,*,#1046,.T.);
#2097 = PLANE('',#2098);
#2098 = AXIS2_PLACEMENT_3D('',#2099,#2100,#2101);
#2099 = CARTESIAN_POINT('',(0.,1.E-03,1.466535226591E-16));
#2100 = DIRECTION('',(0.,-1.,-1.466535226591E-13));
#2101 = DIRECTION('',(0.,1.466535226591E-13,-1.));
#2102 = ADVANCED_FACE('',(#2103),#2115,.T.);
#2103 = FACE_BOUND('',#2104,.T.);
#2104 = EDGE_LOOP('',(#2105,#2106,#2107,#2114));
#2105 = ORIENTED_EDGE('',*,*,#974,.T.);
#2106 = ORIENTED_EDGE('',*,*,#1474,.F.);
#2107 = ORIENTED_EDGE('',*,*,#2108,.F.);
#2108 = EDGE_CURVE('',#1281,#1467,#2109,.T.);
#2109 = CIRCLE('',#2110,0.375);
#2110 = AXIS2_PLACEMENT_3D('',#2111,#2112,#2113);
#2111 = CARTESIAN_POINT('',(-1.1,2.000000000007E-02,-0.5));
#2112 = DIRECTION('',(0.,1.,1.466535226591E-13));
#2113 = DIRECTION('',(0.,-1.466535226591E-13,1.));
#2114 = ORIENTED_EDGE('',*,*,#1280,.T.);
#2115 = CYLINDRICAL_SURFACE('',#2116,0.375);
#2116 = AXIS2_PLACEMENT_3D('',#2117,#2118,#2119);
#2117 = CARTESIAN_POINT('',(-1.1,2.000000000007E-02,-0.5));
#2118 = DIRECTION('',(0.,-1.,-1.466535226591E-13));
#2119 = DIRECTION('',(0.,1.466535226591E-13,-1.));
#2120 = ADVANCED_FACE('',(#2121),#2127,.T.);
#2121 = FACE_BOUND('',#2122,.T.);
#2122 = EDGE_LOOP('',(#2123,#2124,#2125,#2126));
#2123 = ORIENTED_EDGE('',*,*,#1288,.T.);
#2124 = ORIENTED_EDGE('',*,*,#2108,.T.);
#2125 = ORIENTED_EDGE('',*,*,#1466,.T.);
#2126 = ORIENTED_EDGE('',*,*,#1913,.T.);
#2127 = PLANE('',#2128);
#2128 = AXIS2_PLACEMENT_3D('',#2129,#2130,#2131);
#2129 = CARTESIAN_POINT('',(0.,2.E-02,2.933070453182E-15));
#2130 = DIRECTION('',(0.,1.,1.466535226591E-13));
#2131 = DIRECTION('',(0.,-1.466535226591E-13,1.));
#2132 = ADVANCED_FACE('',(#2133),#2145,.T.);
#2133 = FACE_BOUND('',#2134,.T.);
#2134 = EDGE_LOOP('',(#2135,#2136,#2137,#2144));
#2135 = ORIENTED_EDGE('',*,*,#1007,.T.);
#2136 = ORIENTED_EDGE('',*,*,#1382,.F.);
#2137 = ORIENTED_EDGE('',*,*,#2138,.F.);
#2138 = EDGE_CURVE('',#1327,#1375,#2139,.T.);
#2139 = CIRCLE('',#2140,0.375);
#2140 = AXIS2_PLACEMENT_3D('',#2141,#2142,#2143);
#2141 = CARTESIAN_POINT('',(-1.1,1.999999999993E-02,0.5));
#2142 = DIRECTION('',(0.,1.,1.466535226591E-13));
#2143 = DIRECTION('',(0.,-1.466535226591E-13,1.));
#2144 = ORIENTED_EDGE('',*,*,#1326,.T.);
#2145 = CYLINDRICAL_SURFACE('',#2146,0.375);
#2146 = AXIS2_PLACEMENT_3D('',#2147,#2148,#2149);
#2147 = CARTESIAN_POINT('',(-1.1,1.999999999993E-02,0.5));
#2148 = DIRECTION('',(0.,-1.,-1.466535226591E-13));
#2149 = DIRECTION('',(0.,1.466535226591E-13,-1.));
#2150 = ADVANCED_FACE('',(#2151),#2157,.T.);
#2151 = FACE_BOUND('',#2152,.T.);
#2152 = EDGE_LOOP('',(#2153,#2154,#2155,#2156));
#2153 = ORIENTED_EDGE('',*,*,#1334,.T.);
#2154 = ORIENTED_EDGE('',*,*,#2138,.T.);
#2155 = ORIENTED_EDGE('',*,*,#1374,.T.);
#2156 = ORIENTED_EDGE('',*,*,#1550,.T.);
#2157 = PLANE('',#2158);
#2158 = AXIS2_PLACEMENT_3D('',#2159,#2160,#2161);
#2159 = CARTESIAN_POINT('',(0.,2.E-02,2.933070453182E-15));
#2160 = DIRECTION('',(0.,1.,1.466535226591E-13));
#2161 = DIRECTION('',(0.,-1.466535226591E-13,1.));
#2162 = ADVANCED_FACE('',(#2163),#2175,.T.);
#2163 = FACE_BOUND('',#2164,.T.);
#2164 = EDGE_LOOP('',(#2165,#2166,#2167,#2174));
#2165 = ORIENTED_EDGE('',*,*,#925,.T.);
#2166 = ORIENTED_EDGE('',*,*,#1428,.F.);
#2167 = ORIENTED_EDGE('',*,*,#2168,.F.);
#2168 = EDGE_CURVE('',#1235,#1421,#2169,.T.);
#2169 = CIRCLE('',#2170,0.375);
#2170 = AXIS2_PLACEMENT_3D('',#2171,#2172,#2173);
#2171 = CARTESIAN_POINT('',(1.1,2.000000000007E-02,-0.5));
#2172 = DIRECTION('',(0.,1.,1.466535226591E-13));
#2173 = DIRECTION('',(0.,-1.466535226591E-13,1.));
#2174 = ORIENTED_EDGE('',*,*,#1234,.T.);
#2175 = CYLINDRICAL_SURFACE('',#2176,0.375);
#2176 = AXIS2_PLACEMENT_3D('',#2177,#2178,#2179);
#2177 = CARTESIAN_POINT('',(1.1,2.000000000007E-02,-0.5));
#2178 = DIRECTION('',(0.,-1.,-1.466535226591E-13));
#2179 = DIRECTION('',(0.,1.466535226591E-13,-1.));
#2180 = ADVANCED_FACE('',(#2181),#2187,.T.);
#2181 = FACE_BOUND('',#2182,.T.);
#2182 = EDGE_LOOP('',(#2183,#2184,#2185,#2186));
#2183 = ORIENTED_EDGE('',*,*,#1242,.T.);
#2184 = ORIENTED_EDGE('',*,*,#2168,.T.);
#2185 = ORIENTED_EDGE('',*,*,#1420,.T.);
#2186 = ORIENTED_EDGE('',*,*,#1796,.T.);
#2187 = PLANE('',#2188);
#2188 = AXIS2_PLACEMENT_3D('',#2189,#2190,#2191);
#2189 = CARTESIAN_POINT('',(0.,2.E-02,2.933070453182E-15));
#2190 = DIRECTION('',(0.,1.,1.466535226591E-13));
#2191 = DIRECTION('',(0.,-1.466535226591E-13,1.));
#2192 = ADVANCED_FACE('',(#2193),#2201,.T.);
#2193 = FACE_BOUND('',#2194,.T.);
#2194 = EDGE_LOOP('',(#2195,#2196,#2197,#2198,#2199,#2200));
#2195 = ORIENTED_EDGE('',*,*,#1752,.T.);
#2196 = ORIENTED_EDGE('',*,*,#823,.T.);
#2197 = ORIENTED_EDGE('',*,*,#1684,.T.);
#2198 = ORIENTED_EDGE('',*,*,#1512,.T.);
#2199 = ORIENTED_EDGE('',*,*,#1667,.T.);
#2200 = ORIENTED_EDGE('',*,*,#1196,.T.);
#2201 = PLANE('',#2202);
#2202 = AXIS2_PLACEMENT_3D('',#2203,#2204,#2205);
#2203 = CARTESIAN_POINT('',(0.,2.E-02,2.933070453182E-15));
#2204 = DIRECTION('',(0.,1.,1.466535226591E-13));
#2205 = DIRECTION('',(0.,-1.466535226591E-13,1.));
#2206 = ADVANCED_FACE('',(#2207),#2241,.T.);
#2207 = FACE_BOUND('',#2208,.T.);
#2208 = EDGE_LOOP('',(#2209,#2219,#2227,#2235));
#2209 = ORIENTED_EDGE('',*,*,#2210,.F.);
#2210 = EDGE_CURVE('',#2211,#2213,#2215,.T.);
#2211 = VERTEX_POINT('',#2212);
#2212 = CARTESIAN_POINT('',(-0.31,1.000000000075E-03,-0.51));
#2213 = VERTEX_POINT('',#2214);
#2214 = CARTESIAN_POINT('',(-0.31,9.999999999927E-04,5.E-02));
#2215 = LINE('',#2216,#2217);
#2216 = CARTESIAN_POINT('',(-0.31,1.E-03,1.466535226591E-16));
#2217 = VECTOR('',#2218,1.);
#2218 = DIRECTION('',(0.,-1.466535226591E-13,1.));
#2219 = ORIENTED_EDGE('',*,*,#2220,.F.);
#2220 = EDGE_CURVE('',#2221,#2211,#2223,.T.);
#2221 = VERTEX_POINT('',#2222);
#2222 = CARTESIAN_POINT('',(-0.31,0.202,-0.51));
#2223 = LINE('',#2224,#2225);
#2224 = CARTESIAN_POINT('',(-0.31,0.202,-0.51));
#2225 = VECTOR('',#2226,1.);
#2226 = DIRECTION('',(0.,-1.,-1.466535226591E-13));
#2227 = ORIENTED_EDGE('',*,*,#2228,.T.);
#2228 = EDGE_CURVE('',#2221,#2229,#2231,.T.);
#2229 = VERTEX_POINT('',#2230);
#2230 = CARTESIAN_POINT('',(-0.31,0.202,5.000000000003E-02));
#2231 = LINE('',#2232,#2233);
#2232 = CARTESIAN_POINT('',(-0.31,0.202,2.962401157713E-14));
#2233 = VECTOR('',#2234,1.);
#2234 = DIRECTION('',(0.,-1.466535226591E-13,1.));
#2235 = ORIENTED_EDGE('',*,*,#2236,.T.);
#2236 = EDGE_CURVE('',#2229,#2213,#2237,.T.);
#2237 = LINE('',#2238,#2239);
#2238 = CARTESIAN_POINT('',(-0.31,0.202,5.000000000003E-02));
#2239 = VECTOR('',#2240,1.);
#2240 = DIRECTION('',(0.,-1.,-1.466535226591E-13));
#2241 = PLANE('',#2242);
#2242 = AXIS2_PLACEMENT_3D('',#2243,#2244,#2245);
#2243 = CARTESIAN_POINT('',(-0.31,0.202,2.962401157713E-14));
#2244 = DIRECTION('',(1.,0.,0.));
#2245 = DIRECTION('',(0.,-1.466535226591E-13,1.));
#2246 = ADVANCED_FACE('',(#2247),#2272,.T.);
#2247 = FACE_BOUND('',#2248,.T.);
#2248 = EDGE_LOOP('',(#2249,#2257,#2258,#2266));
#2249 = ORIENTED_EDGE('',*,*,#2250,.F.);
#2250 = EDGE_CURVE('',#2213,#2251,#2253,.T.);
#2251 = VERTEX_POINT('',#2252);
#2252 = CARTESIAN_POINT('',(0.4,9.999999999927E-04,5.E-02));
#2253 = LINE('',#2254,#2255);
#2254 = CARTESIAN_POINT('',(-1.9088066417E-18,9.999999999927E-04,5.E-02)
  );
#2255 = VECTOR('',#2256,1.);
#2256 = DIRECTION('',(1.,-5.598664361607E-30,3.8176132834E-17));
#2257 = ORIENTED_EDGE('',*,*,#2236,.F.);
#2258 = ORIENTED_EDGE('',*,*,#2259,.T.);
#2259 = EDGE_CURVE('',#2229,#2260,#2262,.T.);
#2260 = VERTEX_POINT('',#2261);
#2261 = CARTESIAN_POINT('',(0.4,0.202,5.000000000003E-02));
#2262 = LINE('',#2263,#2264);
#2263 = CARTESIAN_POINT('',(-1.9088066417E-18,0.202,5.000000000003E-02)
  );
#2264 = VECTOR('',#2265,1.);
#2265 = DIRECTION('',(1.,-5.598664361607E-30,3.8176132834E-17));
#2266 = ORIENTED_EDGE('',*,*,#2267,.T.);
#2267 = EDGE_CURVE('',#2260,#2251,#2268,.T.);
#2268 = LINE('',#2269,#2270);
#2269 = CARTESIAN_POINT('',(0.4,0.202,5.000000000003E-02));
#2270 = VECTOR('',#2271,1.);
#2271 = DIRECTION('',(0.,-1.,-1.466535226591E-13));
#2272 = PLANE('',#2273);
#2273 = AXIS2_PLACEMENT_3D('',#2274,#2275,#2276);
#2274 = CARTESIAN_POINT('',(-1.9088066417E-18,0.202,5.000000000003E-02)
  );
#2275 = DIRECTION('',(3.8176132834E-17,1.466535226591E-13,-1.));
#2276 = DIRECTION('',(1.,-5.598664361607E-30,3.8176132834E-17));
#2277 = ADVANCED_FACE('',(#2278),#2303,.F.);
#2278 = FACE_BOUND('',#2279,.T.);
#2279 = EDGE_LOOP('',(#2280,#2288,#2289,#2297));
#2280 = ORIENTED_EDGE('',*,*,#2281,.T.);
#2281 = EDGE_CURVE('',#2282,#2251,#2284,.T.);
#2282 = VERTEX_POINT('',#2283);
#2283 = CARTESIAN_POINT('',(0.4,1.000000000075E-03,-0.51));
#2284 = LINE('',#2285,#2286);
#2285 = CARTESIAN_POINT('',(0.4,1.E-03,1.466535226591E-16));
#2286 = VECTOR('',#2287,1.);
#2287 = DIRECTION('',(0.,-1.466535226591E-13,1.));
#2288 = ORIENTED_EDGE('',*,*,#2267,.F.);
#2289 = ORIENTED_EDGE('',*,*,#2290,.F.);
#2290 = EDGE_CURVE('',#2291,#2260,#2293,.T.);
#2291 = VERTEX_POINT('',#2292);
#2292 = CARTESIAN_POINT('',(0.4,0.202,-0.51));
#2293 = LINE('',#2294,#2295);
#2294 = CARTESIAN_POINT('',(0.4,0.202,2.962401157713E-14));
#2295 = VECTOR('',#2296,1.);
#2296 = DIRECTION('',(0.,-1.466535226591E-13,1.));
#2297 = ORIENTED_EDGE('',*,*,#2298,.T.);
#2298 = EDGE_CURVE('',#2291,#2282,#2299,.T.);
#2299 = LINE('',#2300,#2301);
#2300 = CARTESIAN_POINT('',(0.4,0.202,-0.51));
#2301 = VECTOR('',#2302,1.);
#2302 = DIRECTION('',(0.,-1.,-1.466535226591E-13));
#2303 = PLANE('',#2304);
#2304 = AXIS2_PLACEMENT_3D('',#2305,#2306,#2307);
#2305 = CARTESIAN_POINT('',(0.4,0.202,2.962401157713E-14));
#2306 = DIRECTION('',(1.,0.,0.));
#2307 = DIRECTION('',(0.,-1.466535226591E-13,1.));
#2308 = ADVANCED_FACE('',(#2309),#2325,.F.);
#2309 = FACE_BOUND('',#2310,.T.);
#2310 = EDGE_LOOP('',(#2311,#2317,#2318,#2324));
#2311 = ORIENTED_EDGE('',*,*,#2312,.T.);
#2312 = EDGE_CURVE('',#2211,#2282,#2313,.T.);
#2313 = LINE('',#2314,#2315);
#2314 = CARTESIAN_POINT('',(0.,1.000000000075E-03,-0.51));
#2315 = VECTOR('',#2316,1.);
#2316 = DIRECTION('',(1.,0.,0.));
#2317 = ORIENTED_EDGE('',*,*,#2298,.F.);
#2318 = ORIENTED_EDGE('',*,*,#2319,.F.);
#2319 = EDGE_CURVE('',#2221,#2291,#2320,.T.);
#2320 = LINE('',#2321,#2322);
#2321 = CARTESIAN_POINT('',(0.,0.202,-0.51));
#2322 = VECTOR('',#2323,1.);
#2323 = DIRECTION('',(1.,0.,0.));
#2324 = ORIENTED_EDGE('',*,*,#2220,.T.);
#2325 = PLANE('',#2326);
#2326 = AXIS2_PLACEMENT_3D('',#2327,#2328,#2329);
#2327 = CARTESIAN_POINT('',(0.,0.202,-0.51));
#2328 = DIRECTION('',(0.,1.466535226591E-13,-1.));
#2329 = DIRECTION('',(1.,0.,0.));
#2330 = ADVANCED_FACE('',(#2331),#2337,.T.);
#2331 = FACE_BOUND('',#2332,.T.);
#2332 = EDGE_LOOP('',(#2333,#2334,#2335,#2336));
#2333 = ORIENTED_EDGE('',*,*,#2228,.F.);
#2334 = ORIENTED_EDGE('',*,*,#2319,.T.);
#2335 = ORIENTED_EDGE('',*,*,#2290,.T.);
#2336 = ORIENTED_EDGE('',*,*,#2259,.F.);
#2337 = PLANE('',#2338);
#2338 = AXIS2_PLACEMENT_3D('',#2339,#2340,#2341);
#2339 = CARTESIAN_POINT('',(0.,0.202,2.962401157713E-14));
#2340 = DIRECTION('',(0.,-1.,-1.466535226591E-13));
#2341 = DIRECTION('',(0.,1.466535226591E-13,-1.));
#2342 = ADVANCED_FACE('',(#2343),#2377,.T.);
#2343 = FACE_BOUND('',#2344,.T.);
#2344 = EDGE_LOOP('',(#2345,#2355,#2363,#2371));
#2345 = ORIENTED_EDGE('',*,*,#2346,.T.);
#2346 = EDGE_CURVE('',#2347,#2349,#2351,.T.);
#2347 = VERTEX_POINT('',#2348);
#2348 = CARTESIAN_POINT('',(-0.676006348425,0.56,-0.951006348425));
#2349 = VERTEX_POINT('',#2350);
#2350 = CARTESIAN_POINT('',(-0.676006348425,0.56,0.951006348426));
#2351 = LINE('',#2352,#2353);
#2352 = CARTESIAN_POINT('',(-0.676006348425,0.56,-1.));
#2353 = VECTOR('',#2354,1.);
#2354 = DIRECTION('',(1.084202172486E-16,-1.466535226591E-13,1.));
#2355 = ORIENTED_EDGE('',*,*,#2356,.T.);
#2356 = EDGE_CURVE('',#2349,#2357,#2359,.T.);
#2357 = VERTEX_POINT('',#2358);
#2358 = CARTESIAN_POINT('',(0.676006348425,0.56,0.951006348426));
#2359 = LINE('',#2360,#2361);
#2360 = CARTESIAN_POINT('',(-0.725,0.56,0.951006348426));
#2361 = VECTOR('',#2362,1.);
#2362 = DIRECTION('',(1.,-0.,0.));
#2363 = ORIENTED_EDGE('',*,*,#2364,.T.);
#2364 = EDGE_CURVE('',#2357,#2365,#2367,.T.);
#2365 = VERTEX_POINT('',#2366);
#2366 = CARTESIAN_POINT('',(0.676006348425,0.56,-0.951006348425));
#2367 = LINE('',#2368,#2369);
#2368 = CARTESIAN_POINT('',(0.676006348425,0.56,-1.));
#2369 = VECTOR('',#2370,1.);
#2370 = DIRECTION('',(-1.084202172486E-16,1.466535226591E-13,-1.));
#2371 = ORIENTED_EDGE('',*,*,#2372,.T.);
#2372 = EDGE_CURVE('',#2365,#2347,#2373,.T.);
#2373 = LINE('',#2374,#2375);
#2374 = CARTESIAN_POINT('',(-0.725,0.56,-0.951006348425));
#2375 = VECTOR('',#2376,1.);
#2376 = DIRECTION('',(-1.,-0.,-0.));
#2377 = PLANE('',#2378);
#2378 = AXIS2_PLACEMENT_3D('',#2379,#2380,#2381);
#2379 = CARTESIAN_POINT('',(0.,0.56,8.212597268908E-14));
#2380 = DIRECTION('',(0.,1.,1.466535226591E-13));
#2381 = DIRECTION('',(0.,-1.466535226591E-13,1.));
#2382 = ADVANCED_FACE('',(#2383),#2408,.T.);
#2383 = FACE_BOUND('',#2384,.T.);
#2384 = EDGE_LOOP('',(#2385,#2393,#2401,#2407));
#2385 = ORIENTED_EDGE('',*,*,#2386,.T.);
#2386 = EDGE_CURVE('',#2347,#2387,#2389,.T.);
#2387 = VERTEX_POINT('',#2388);
#2388 = CARTESIAN_POINT('',(-0.724912511336,1.000000000147E-03,
    -0.999912511336));
#2389 = LINE('',#2390,#2391);
#2390 = CARTESIAN_POINT('',(-0.725,1.466535226591E-13,-1.));
#2391 = VECTOR('',#2392,1.);
#2392 = DIRECTION('',(-8.682659386425E-02,-0.992432509139,
    -8.682659386439E-02));
#2393 = ORIENTED_EDGE('',*,*,#2394,.T.);
#2394 = EDGE_CURVE('',#2387,#2395,#2397,.T.);
#2395 = VERTEX_POINT('',#2396);
#2396 = CARTESIAN_POINT('',(-0.724912511336,9.999999998534E-04,
    0.999912511336));
#2397 = LINE('',#2398,#2399);
#2398 = CARTESIAN_POINT('',(-0.724912511336,1.000000000147E-03,-1.));
#2399 = VECTOR('',#2400,1.);
#2400 = DIRECTION('',(1.084202172486E-16,-1.466535226591E-13,1.));
#2401 = ORIENTED_EDGE('',*,*,#2402,.F.);
#2402 = EDGE_CURVE('',#2349,#2395,#2403,.T.);
#2403 = LINE('',#2404,#2405);
#2404 = CARTESIAN_POINT('',(-0.725,-1.466535226591E-13,1.));
#2405 = VECTOR('',#2406,1.);
#2406 = DIRECTION('',(-8.682659386425E-02,-0.992432509139,
    8.68265938641E-02));
#2407 = ORIENTED_EDGE('',*,*,#2346,.F.);
#2408 = PLANE('',#2409);
#2409 = AXIS2_PLACEMENT_3D('',#2410,#2411,#2412);
#2410 = CARTESIAN_POINT('',(-0.725,1.466535226591E-13,-1.));
#2411 = DIRECTION('',(-0.996194698092,8.715574274766E-02,
    1.28897043395E-14));
#2412 = DIRECTION('',(8.715574274766E-02,0.996194698092,
    1.460954617295E-13));
#2413 = ADVANCED_FACE('',(#2414),#2432,.T.);
#2414 = FACE_BOUND('',#2415,.T.);
#2415 = EDGE_LOOP('',(#2416,#2417,#2425,#2431));
#2416 = ORIENTED_EDGE('',*,*,#2402,.T.);
#2417 = ORIENTED_EDGE('',*,*,#2418,.T.);
#2418 = EDGE_CURVE('',#2395,#2419,#2421,.T.);
#2419 = VERTEX_POINT('',#2420);
#2420 = CARTESIAN_POINT('',(0.724912511336,9.999999998534E-04,
    0.999912511336));
#2421 = LINE('',#2422,#2423);
#2422 = CARTESIAN_POINT('',(-0.725,9.999999998534E-04,0.999912511336));
#2423 = VECTOR('',#2424,1.);
#2424 = DIRECTION('',(1.,-0.,0.));
#2425 = ORIENTED_EDGE('',*,*,#2426,.F.);
#2426 = EDGE_CURVE('',#2357,#2419,#2427,.T.);
#2427 = LINE('',#2428,#2429);
#2428 = CARTESIAN_POINT('',(0.709922285196,0.172339068817,0.984922285196
    ));
#2429 = VECTOR('',#2430,1.);
#2430 = DIRECTION('',(8.682659386425E-02,-0.992432509139,
    8.68265938641E-02));
#2431 = ORIENTED_EDGE('',*,*,#2356,.F.);
#2432 = PLANE('',#2433);
#2433 = AXIS2_PLACEMENT_3D('',#2434,#2435,#2436);
#2434 = CARTESIAN_POINT('',(-0.725,-1.466535226591E-13,1.));
#2435 = DIRECTION('',(0.,8.715574274751E-02,0.996194698092));
#2436 = DIRECTION('',(0.,-0.996194698092,8.715574274751E-02));
#2437 = ADVANCED_FACE('',(#2438),#2463,.T.);
#2438 = FACE_BOUND('',#2439,.T.);
#2439 = EDGE_LOOP('',(#2440,#2446,#2447,#2455,#2461,#2462));
#2440 = ORIENTED_EDGE('',*,*,#2441,.T.);
#2441 = EDGE_CURVE('',#2419,#841,#2442,.T.);
#2442 = LINE('',#2443,#2444);
#2443 = CARTESIAN_POINT('',(0.724912511336,1.000000000147E-03,-1.));
#2444 = VECTOR('',#2445,1.);
#2445 = DIRECTION('',(-1.084202172486E-16,1.466535226591E-13,-1.));
#2446 = ORIENTED_EDGE('',*,*,#840,.T.);
#2447 = ORIENTED_EDGE('',*,*,#2448,.T.);
#2448 = EDGE_CURVE('',#843,#2449,#2451,.T.);
#2449 = VERTEX_POINT('',#2450);
#2450 = CARTESIAN_POINT('',(0.724912511336,1.000000000147E-03,
    -0.999912511336));
#2451 = LINE('',#2452,#2453);
#2452 = CARTESIAN_POINT('',(0.724912511336,1.000000000147E-03,-1.));
#2453 = VECTOR('',#2454,1.);
#2454 = DIRECTION('',(-1.084202172486E-16,1.466535226591E-13,-1.));
#2455 = ORIENTED_EDGE('',*,*,#2456,.F.);
#2456 = EDGE_CURVE('',#2365,#2449,#2457,.T.);
#2457 = LINE('',#2458,#2459);
#2458 = CARTESIAN_POINT('',(0.714068656767,0.124945824893,
    -0.989068656767));
#2459 = VECTOR('',#2460,1.);
#2460 = DIRECTION('',(8.682659386425E-02,-0.992432509139,
    -8.682659386439E-02));
#2461 = ORIENTED_EDGE('',*,*,#2364,.F.);
#2462 = ORIENTED_EDGE('',*,*,#2426,.T.);
#2463 = PLANE('',#2464);
#2464 = AXIS2_PLACEMENT_3D('',#2465,#2466,#2467);
#2465 = CARTESIAN_POINT('',(0.725,1.466535226591E-13,-1.));
#2466 = DIRECTION('',(0.996194698092,8.715574274766E-02,
    1.267368904832E-14));
#2467 = DIRECTION('',(8.715574274766E-02,-0.996194698092,
    -1.460954617295E-13));
#2468 = ADVANCED_FACE('',(#2469),#2480,.T.);
#2469 = FACE_BOUND('',#2470,.T.);
#2470 = EDGE_LOOP('',(#2471,#2472,#2478,#2479));
#2471 = ORIENTED_EDGE('',*,*,#2456,.T.);
#2472 = ORIENTED_EDGE('',*,*,#2473,.T.);
#2473 = EDGE_CURVE('',#2449,#2387,#2474,.T.);
#2474 = LINE('',#2475,#2476);
#2475 = CARTESIAN_POINT('',(-0.725,1.000000000147E-03,-0.999912511336));
#2476 = VECTOR('',#2477,1.);
#2477 = DIRECTION('',(-1.,-0.,-0.));
#2478 = ORIENTED_EDGE('',*,*,#2386,.F.);
#2479 = ORIENTED_EDGE('',*,*,#2372,.F.);
#2480 = PLANE('',#2481);
#2481 = AXIS2_PLACEMENT_3D('',#2482,#2483,#2484);
#2482 = CARTESIAN_POINT('',(-0.725,1.466535226591E-13,-1.));
#2483 = DIRECTION('',(0.,8.71557427478E-02,-0.996194698092));
#2484 = DIRECTION('',(0.,0.996194698092,8.71557427478E-02));
#2485 = ADVANCED_FACE('',(#2486,#2494),#2500,.F.);
#2486 = FACE_BOUND('',#2487,.T.);
#2487 = EDGE_LOOP('',(#2488,#2489,#2490,#2491,#2492,#2493));
#2488 = ORIENTED_EDGE('',*,*,#2448,.F.);
#2489 = ORIENTED_EDGE('',*,*,#851,.T.);
#2490 = ORIENTED_EDGE('',*,*,#2441,.F.);
#2491 = ORIENTED_EDGE('',*,*,#2418,.F.);
#2492 = ORIENTED_EDGE('',*,*,#2394,.F.);
#2493 = ORIENTED_EDGE('',*,*,#2473,.F.);
#2494 = FACE_BOUND('',#2495,.T.);
#2495 = EDGE_LOOP('',(#2496,#2497,#2498,#2499));
#2496 = ORIENTED_EDGE('',*,*,#2210,.T.);
#2497 = ORIENTED_EDGE('',*,*,#2250,.T.);
#2498 = ORIENTED_EDGE('',*,*,#2281,.F.);
#2499 = ORIENTED_EDGE('',*,*,#2312,.F.);
#2500 = PLANE('',#2501);
#2501 = AXIS2_PLACEMENT_3D('',#2502,#2503,#2504);
#2502 = CARTESIAN_POINT('',(0.,1.E-03,1.466535226591E-16));
#2503 = DIRECTION('',(0.,1.,1.466535226591E-13));
#2504 = DIRECTION('',(0.,-1.466535226591E-13,1.));
#2505 = ADVANCED_FACE('',(#2506),#2525,.T.);
#2506 = FACE_BOUND('',#2507,.T.);
#2507 = EDGE_LOOP('',(#2508,#2509,#2518,#2524));
#2508 = ORIENTED_EDGE('',*,*,#570,.F.);
#2509 = ORIENTED_EDGE('',*,*,#2510,.F.);
#2510 = EDGE_CURVE('',#2511,#560,#2513,.T.);
#2511 = VERTEX_POINT('',#2512);
#2512 = CARTESIAN_POINT('',(0.515,-0.3,0.675));
#2513 = CIRCLE('',#2514,0.2);
#2514 = AXIS2_PLACEMENT_3D('',#2515,#2516,#2517);
#2515 = CARTESIAN_POINT('',(0.315,-0.3,0.675));
#2516 = DIRECTION('',(0.,-1.,-1.466535226591E-13));
#2517 = DIRECTION('',(0.,1.466535226591E-13,-1.));
#2518 = ORIENTED_EDGE('',*,*,#2519,.T.);
#2519 = EDGE_CURVE('',#2511,#764,#2520,.T.);
#2520 = LINE('',#2521,#2522);
#2521 = CARTESIAN_POINT('',(0.515,-0.3,0.675));
#2522 = VECTOR('',#2523,1.);
#2523 = DIRECTION('',(-0.,1.,1.466535226591E-13));
#2524 = ORIENTED_EDGE('',*,*,#763,.T.);
#2525 = CYLINDRICAL_SURFACE('',#2526,0.2);
#2526 = AXIS2_PLACEMENT_3D('',#2527,#2528,#2529);
#2527 = CARTESIAN_POINT('',(0.315,-0.3,0.675));
#2528 = DIRECTION('',(-0.,1.,1.466535226591E-13));
#2529 = DIRECTION('',(0.,-1.466535226591E-13,1.));
#2530 = ADVANCED_FACE('',(#2531),#2549,.F.);
#2531 = FACE_BOUND('',#2532,.T.);
#2532 = EDGE_LOOP('',(#2533,#2534,#2542,#2548));
#2533 = ORIENTED_EDGE('',*,*,#789,.T.);
#2534 = ORIENTED_EDGE('',*,*,#2535,.F.);
#2535 = EDGE_CURVE('',#2536,#781,#2538,.T.);
#2536 = VERTEX_POINT('',#2537);
#2537 = CARTESIAN_POINT('',(0.115,-0.3,-0.675));
#2538 = LINE('',#2539,#2540);
#2539 = CARTESIAN_POINT('',(0.115,-0.3,-0.675));
#2540 = VECTOR('',#2541,1.);
#2541 = DIRECTION('',(-0.,1.,1.466535226591E-13));
#2542 = ORIENTED_EDGE('',*,*,#2543,.F.);
#2543 = EDGE_CURVE('',#562,#2536,#2544,.T.);
#2544 = LINE('',#2545,#2546);
#2545 = CARTESIAN_POINT('',(0.115,-0.3,0.675));
#2546 = VECTOR('',#2547,1.);
#2547 = DIRECTION('',(1.204669080539E-16,1.466535226591E-13,-1.));
#2548 = ORIENTED_EDGE('',*,*,#587,.T.);
#2549 = PLANE('',#2550);
#2550 = AXIS2_PLACEMENT_3D('',#2551,#2552,#2553);
#2551 = CARTESIAN_POINT('',(0.115,-0.3,0.675));
#2552 = DIRECTION('',(1.,-1.766689642996E-29,1.204669080539E-16));
#2553 = DIRECTION('',(-1.204669080539E-16,-1.466535226591E-13,1.));
#2554 = ADVANCED_FACE('',(#2555),#2574,.T.);
#2555 = FACE_BOUND('',#2556,.T.);
#2556 = EDGE_LOOP('',(#2557,#2558,#2566,#2573));
#2557 = ORIENTED_EDGE('',*,*,#780,.T.);
#2558 = ORIENTED_EDGE('',*,*,#2559,.F.);
#2559 = EDGE_CURVE('',#2560,#773,#2562,.T.);
#2560 = VERTEX_POINT('',#2561);
#2561 = CARTESIAN_POINT('',(0.515,-0.3,-0.675));
#2562 = LINE('',#2563,#2564);
#2563 = CARTESIAN_POINT('',(0.515,-0.3,-0.675));
#2564 = VECTOR('',#2565,1.);
#2565 = DIRECTION('',(-0.,1.,1.466535226591E-13));
#2566 = ORIENTED_EDGE('',*,*,#2567,.F.);
#2567 = EDGE_CURVE('',#2536,#2560,#2568,.T.);
#2568 = CIRCLE('',#2569,0.2);
#2569 = AXIS2_PLACEMENT_3D('',#2570,#2571,#2572);
#2570 = CARTESIAN_POINT('',(0.315,-0.3,-0.675));
#2571 = DIRECTION('',(0.,-1.,-1.466535226591E-13));
#2572 = DIRECTION('',(0.,1.466535226591E-13,-1.));
#2573 = ORIENTED_EDGE('',*,*,#2535,.T.);
#2574 = CYLINDRICAL_SURFACE('',#2575,0.2);
#2575 = AXIS2_PLACEMENT_3D('',#2576,#2577,#2578);
#2576 = CARTESIAN_POINT('',(0.315,-0.3,-0.675));
#2577 = DIRECTION('',(-0.,1.,1.466535226591E-13));
#2578 = DIRECTION('',(0.,-1.466535226591E-13,1.));
#2579 = ADVANCED_FACE('',(#2580),#2591,.F.);
#2580 = FACE_BOUND('',#2581,.T.);
#2581 = EDGE_LOOP('',(#2582,#2583,#2584,#2590));
#2582 = ORIENTED_EDGE('',*,*,#772,.T.);
#2583 = ORIENTED_EDGE('',*,*,#2519,.F.);
#2584 = ORIENTED_EDGE('',*,*,#2585,.F.);
#2585 = EDGE_CURVE('',#2560,#2511,#2586,.T.);
#2586 = LINE('',#2587,#2588);
#2587 = CARTESIAN_POINT('',(0.515,-0.3,0.675));
#2588 = VECTOR('',#2589,1.);
#2589 = DIRECTION('',(-1.606225440719E-16,-1.466535226591E-13,1.));
#2590 = ORIENTED_EDGE('',*,*,#2559,.T.);
#2591 = PLANE('',#2592);
#2592 = AXIS2_PLACEMENT_3D('',#2593,#2594,#2595);
#2593 = CARTESIAN_POINT('',(0.515,-0.3,0.675));
#2594 = DIRECTION('',(-1.,2.355586190661E-29,-1.606225440719E-16));
#2595 = DIRECTION('',(1.606225440719E-16,1.466535226591E-13,-1.));
#2596 = ADVANCED_FACE('',(#2597),#2604,.T.);
#2597 = FACE_BOUND('',#2598,.T.);
#2598 = EDGE_LOOP('',(#2599,#2600,#2601,#2602,#2603));
#2599 = ORIENTED_EDGE('',*,*,#2510,.T.);
#2600 = ORIENTED_EDGE('',*,*,#559,.T.);
#2601 = ORIENTED_EDGE('',*,*,#2543,.T.);
#2602 = ORIENTED_EDGE('',*,*,#2567,.T.);
#2603 = ORIENTED_EDGE('',*,*,#2585,.T.);
#2604 = PLANE('',#2605);
#2605 = AXIS2_PLACEMENT_3D('',#2606,#2607,#2608);
#2606 = CARTESIAN_POINT('',(0.315,-0.3,0.675));
#2607 = DIRECTION('',(0.,-1.,-1.466535226591E-13));
#2608 = DIRECTION('',(0.,1.466535226591E-13,-1.));
#2609 = ( GEOMETRIC_REPRESENTATION_CONTEXT(3) 
GLOBAL_UNCERTAINTY_ASSIGNED_CONTEXT((#2613)) 
GLOBAL_UNIT_ASSIGNED_CONTEXT((#2610,#2611,#2612)) REPRESENTATION_CONTEXT
('Context #1','3D Context with UNIT and UNCERTAINTY') );
#2610 = ( LENGTH_UNIT() NAMED_UNIT(*) SI_UNIT(.MILLI.,.METRE.) );
#2611 = ( NAMED_UNIT(*) PLANE_ANGLE_UNIT() SI_UNIT($,.RADIAN.) );
#2612 = ( NAMED_UNIT(*) SI_UNIT($,.STERADIAN.) SOLID_ANGLE_UNIT() );
#2613 = UNCERTAINTY_MEASURE_WITH_UNIT(LENGTH_MEASURE(1.E-07),#2610,
  'distance_accuracy_value','confusion accuracy');
#2614 = CONTEXT_DEPENDENT_SHAPE_REPRESENTATION(#2615,#2617);
#2615 = ( REPRESENTATION_RELATIONSHIP('','',#552,#10) 
REPRESENTATION_RELATIONSHIP_WITH_TRANSFORMATION(#2616) 
SHAPE_REPRESENTATION_RELATIONSHIP() );
#2616 = ITEM_DEFINED_TRANSFORMATION('','',#11,#15);
#2617 = PRODUCT_DEFINITION_SHAPE('Placement','Placement of an item',
  #2618);
#2618 = NEXT_ASSEMBLY_USAGE_OCCURRENCE('1','D2','',#5,#547,$);
#2619 = PRODUCT_RELATED_PRODUCT_CATEGORY('part',$,(#549));
#2620 = CONTEXT_DEPENDENT_SHAPE_REPRESENTATION(#2621,#2623);
#2621 = ( REPRESENTATION_RELATIONSHIP('','',#552,#10) 
REPRESENTATION_RELATIONSHIP_WITH_TRANSFORMATION(#2622) 
SHAPE_REPRESENTATION_RELATIONSHIP() );
#2622 = ITEM_DEFINED_TRANSFORMATION('','',#11,#19);
#2623 = PRODUCT_DEFINITION_SHAPE('Placement','Placement of an item',
  #2624);
#2624 = NEXT_ASSEMBLY_USAGE_OCCURRENCE('2','D41','',#5,#547,$);
#2625 = CONTEXT_DEPENDENT_SHAPE_REPRESENTATION(#2626,#2628);
#2626 = ( REPRESENTATION_RELATIONSHIP('','',#552,#10) 
REPRESENTATION_RELATIONSHIP_WITH_TRANSFORMATION(#2627) 
SHAPE_REPRESENTATION_RELATIONSHIP() );
#2627 = ITEM_DEFINED_TRANSFORMATION('','',#11,#23);
#2628 = PRODUCT_DEFINITION_SHAPE('Placement','Placement of an item',
  #2629);
#2629 = NEXT_ASSEMBLY_USAGE_OCCURRENCE('3','D58','',#5,#547,$);
#2630 = CONTEXT_DEPENDENT_SHAPE_REPRESENTATION(#2631,#2633);
#2631 = ( REPRESENTATION_RELATIONSHIP('','',#552,#10) 
REPRESENTATION_RELATIONSHIP_WITH_TRANSFORMATION(#2632) 
SHAPE_REPRESENTATION_RELATIONSHIP() );
#2632 = ITEM_DEFINED_TRANSFORMATION('','',#11,#27);
#2633 = PRODUCT_DEFINITION_SHAPE('Placement','Placement of an item',
  #2634);
#2634 = NEXT_ASSEMBLY_USAGE_OCCURRENCE('4','D36','',#5,#547,$);
#2635 = CONTEXT_DEPENDENT_SHAPE_REPRESENTATION(#2636,#2638);
#2636 = ( REPRESENTATION_RELATIONSHIP('','',#552,#10) 
REPRESENTATION_RELATIONSHIP_WITH_TRANSFORMATION(#2637) 
SHAPE_REPRESENTATION_RELATIONSHIP() );
#2637 = ITEM_DEFINED_TRANSFORMATION('','',#11,#31);
#2638 = PRODUCT_DEFINITION_SHAPE('Placement','Placement of an item',
  #2639);
#2639 = NEXT_ASSEMBLY_USAGE_OCCURRENCE('5','D60','',#5,#547,$);
#2640 = CONTEXT_DEPENDENT_SHAPE_REPRESENTATION(#2641,#2643);
#2641 = ( REPRESENTATION_RELATIONSHIP('','',#552,#10) 
REPRESENTATION_RELATIONSHIP_WITH_TRANSFORMATION(#2642) 
SHAPE_REPRESENTATION_RELATIONSHIP() );
#2642 = ITEM_DEFINED_TRANSFORMATION('','',#11,#35);
#2643 = PRODUCT_DEFINITION_SHAPE('Placement','Placement of an item',
  #2644);
#2644 = NEXT_ASSEMBLY_USAGE_OCCURRENCE('6','D23','',#5,#547,$);
#2645 = CONTEXT_DEPENDENT_SHAPE_REPRESENTATION(#2646,#2648);
#2646 = ( REPRESENTATION_RELATIONSHIP('','',#552,#10) 
REPRESENTATION_RELATIONSHIP_WITH_TRANSFORMATION(#2647) 
SHAPE_REPRESENTATION_RELATIONSHIP() );
#2647 = ITEM_DEFINED_TRANSFORMATION('','',#11,#39);
#2648 = PRODUCT_DEFINITION_SHAPE('Placement','Placement of an item',
  #2649);
#2649 = NEXT_ASSEMBLY_USAGE_OCCURRENCE('7','D49','',#5,#547,$);
#2650 = CONTEXT_DEPENDENT_SHAPE_REPRESENTATION(#2651,#2653);
#2651 = ( REPRESENTATION_RELATIONSHIP('','',#552,#10) 
REPRESENTATION_RELATIONSHIP_WITH_TRANSFORMATION(#2652) 
SHAPE_REPRESENTATION_RELATIONSHIP() );
#2652 = ITEM_DEFINED_TRANSFORMATION('','',#11,#43);
#2653 = PRODUCT_DEFINITION_SHAPE('Placement','Placement of an item',
  #2654);
#2654 = NEXT_ASSEMBLY_USAGE_OCCURRENCE('8','D45','',#5,#547,$);
#2655 = CONTEXT_DEPENDENT_SHAPE_REPRESENTATION(#2656,#2658);
#2656 = ( REPRESENTATION_RELATIONSHIP('','',#552,#10) 
REPRESENTATION_RELATIONSHIP_WITH_TRANSFORMATION(#2657) 
SHAPE_REPRESENTATION_RELATIONSHIP() );
#2657 = ITEM_DEFINED_TRANSFORMATION('','',#11,#47);
#2658 = PRODUCT_DEFINITION_SHAPE('Placement','Placement of an item',
  #2659);
#2659 = NEXT_ASSEMBLY_USAGE_OCCURRENCE('9','D8','',#5,#547,$);
#2660 = CONTEXT_DEPENDENT_SHAPE_REPRESENTATION(#2661,#2663);
#2661 = ( REPRESENTATION_RELATIONSHIP('','',#552,#10) 
REPRESENTATION_RELATIONSHIP_WITH_TRANSFORMATION(#2662) 
SHAPE_REPRESENTATION_RELATIONSHIP() );
#2662 = ITEM_DEFINED_TRANSFORMATION('','',#11,#51);
#2663 = PRODUCT_DEFINITION_SHAPE('Placement','Placement of an item',
  #2664);
#2664 = NEXT_ASSEMBLY_USAGE_OCCURRENCE('10','D47','',#5,#547,$);
#2665 = CONTEXT_DEPENDENT_SHAPE_REPRESENTATION(#2666,#2668);
#2666 = ( REPRESENTATION_RELATIONSHIP('','',#552,#10) 
REPRESENTATION_RELATIONSHIP_WITH_TRANSFORMATION(#2667) 
SHAPE_REPRESENTATION_RELATIONSHIP() );
#2667 = ITEM_DEFINED_TRANSFORMATION('','',#11,#55);
#2668 = PRODUCT_DEFINITION_SHAPE('Placement','Placement of an item',
  #2669);
#2669 = NEXT_ASSEMBLY_USAGE_OCCURRENCE('11','D1','',#5,#547,$);
#2670 = CONTEXT_DEPENDENT_SHAPE_REPRESENTATION(#2671,#2673);
#2671 = ( REPRESENTATION_RELATIONSHIP('','',#552,#10) 
REPRESENTATION_RELATIONSHIP_WITH_TRANSFORMATION(#2672) 
SHAPE_REPRESENTATION_RELATIONSHIP() );
#2672 = ITEM_DEFINED_TRANSFORMATION('','',#11,#59);
#2673 = PRODUCT_DEFINITION_SHAPE('Placement','Placement of an item',
  #2674);
#2674 = NEXT_ASSEMBLY_USAGE_OCCURRENCE('12','D59','',#5,#547,$);
#2675 = CONTEXT_DEPENDENT_SHAPE_REPRESENTATION(#2676,#2678);
#2676 = ( REPRESENTATION_RELATIONSHIP('','',#552,#10) 
REPRESENTATION_RELATIONSHIP_WITH_TRANSFORMATION(#2677) 
SHAPE_REPRESENTATION_RELATIONSHIP() );
#2677 = ITEM_DEFINED_TRANSFORMATION('','',#11,#63);
#2678 = PRODUCT_DEFINITION_SHAPE('Placement','Placement of an item',
  #2679);
#2679 = NEXT_ASSEMBLY_USAGE_OCCURRENCE('13','D13','',#5,#547,$);
#2680 = CONTEXT_DEPENDENT_SHAPE_REPRESENTATION(#2681,#2683);
#2681 = ( REPRESENTATION_RELATIONSHIP('','',#552,#10) 
REPRESENTATION_RELATIONSHIP_WITH_TRANSFORMATION(#2682) 
SHAPE_REPRESENTATION_RELATIONSHIP() );
#2682 = ITEM_DEFINED_TRANSFORMATION('','',#11,#67);
#2683 = PRODUCT_DEFINITION_SHAPE('Placement','Placement of an item',
  #2684);
#2684 = NEXT_ASSEMBLY_USAGE_OCCURRENCE('14','D19','',#5,#547,$);
#2685 = CONTEXT_DEPENDENT_SHAPE_REPRESENTATION(#2686,#2688);
#2686 = ( REPRESENTATION_RELATIONSHIP('','',#552,#10) 
REPRESENTATION_RELATIONSHIP_WITH_TRANSFORMATION(#2687) 
SHAPE_REPRESENTATION_RELATIONSHIP() );
#2687 = ITEM_DEFINED_TRANSFORMATION('','',#11,#71);
#2688 = PRODUCT_DEFINITION_SHAPE('Placement','Placement of an item',
  #2689);
#2689 = NEXT_ASSEMBLY_USAGE_OCCURRENCE('15','D33','',#5,#547,$);
#2690 = CONTEXT_DEPENDENT_SHAPE_REPRESENTATION(#2691,#2693);
#2691 = ( REPRESENTATION_RELATIONSHIP('','',#552,#10) 
REPRESENTATION_RELATIONSHIP_WITH_TRANSFORMATION(#2692) 
SHAPE_REPRESENTATION_RELATIONSHIP() );
#2692 = ITEM_DEFINED_TRANSFORMATION('','',#11,#75);
#2693 = PRODUCT_DEFINITION_SHAPE('Placement','Placement of an item',
  #2694);
#2694 = NEXT_ASSEMBLY_USAGE_OCCURRENCE('16','D20','',#5,#547,$);
#2695 = CONTEXT_DEPENDENT_SHAPE_REPRESENTATION(#2696,#2698);
#2696 = ( REPRESENTATION_RELATIONSHIP('','',#552,#10) 
REPRESENTATION_RELATIONSHIP_WITH_TRANSFORMATION(#2697) 
SHAPE_REPRESENTATION_RELATIONSHIP() );
#2697 = ITEM_DEFINED_TRANSFORMATION('','',#11,#79);
#2698 = PRODUCT_DEFINITION_SHAPE('Placement','Placement of an item',
  #2699);
#2699 = NEXT_ASSEMBLY_USAGE_OCCURRENCE('17','D24','',#5,#547,$);
#2700 = CONTEXT_DEPENDENT_SHAPE_REPRESENTATION(#2701,#2703);
#2701 = ( REPRESENTATION_RELATIONSHIP('','',#552,#10) 
REPRESENTATION_RELATIONSHIP_WITH_TRANSFORMATION(#2702) 
SHAPE_REPRESENTATION_RELATIONSHIP() );
#2702 = ITEM_DEFINED_TRANSFORMATION('','',#11,#83);
#2703 = PRODUCT_DEFINITION_SHAPE('Placement','Placement of an item',
  #2704);
#2704 = NEXT_ASSEMBLY_USAGE_OCCURRENCE('18','D3','',#5,#547,$);
#2705 = CONTEXT_DEPENDENT_SHAPE_REPRESENTATION(#2706,#2708);
#2706 = ( REPRESENTATION_RELATIONSHIP('','',#552,#10) 
REPRESENTATION_RELATIONSHIP_WITH_TRANSFORMATION(#2707) 
SHAPE_REPRESENTATION_RELATIONSHIP() );
#2707 = ITEM_DEFINED_TRANSFORMATION('','',#11,#87);
#2708 = PRODUCT_DEFINITION_SHAPE('Placement','Placement of an item',
  #2709);
#2709 = NEXT_ASSEMBLY_USAGE_OCCURRENCE('19','D46','',#5,#547,$);
#2710 = CONTEXT_DEPENDENT_SHAPE_REPRESENTATION(#2711,#2713);
#2711 = ( REPRESENTATION_RELATIONSHIP('','',#552,#10) 
REPRESENTATION_RELATIONSHIP_WITH_TRANSFORMATION(#2712) 
SHAPE_REPRESENTATION_RELATIONSHIP() );
#2712 = ITEM_DEFINED_TRANSFORMATION('','',#11,#91);
#2713 = PRODUCT_DEFINITION_SHAPE('Placement','Placement of an item',
  #2714);
#2714 = NEXT_ASSEMBLY_USAGE_OCCURRENCE('20','D63','',#5,#547,$);
#2715 = CONTEXT_DEPENDENT_SHAPE_REPRESENTATION(#2716,#2718);
#2716 = ( REPRESENTATION_RELATIONSHIP('','',#552,#10) 
REPRESENTATION_RELATIONSHIP_WITH_TRANSFORMATION(#2717) 
SHAPE_REPRESENTATION_RELATIONSHIP() );
#2717 = ITEM_DEFINED_TRANSFORMATION('','',#11,#95);
#2718 = PRODUCT_DEFINITION_SHAPE('Placement','Placement of an item',
  #2719);
#2719 = NEXT_ASSEMBLY_USAGE_OCCURRENCE('21','D26','',#5,#547,$);
#2720 = CONTEXT_DEPENDENT_SHAPE_REPRESENTATION(#2721,#2723);
#2721 = ( REPRESENTATION_RELATIONSHIP('','',#552,#10) 
REPRESENTATION_RELATIONSHIP_WITH_TRANSFORMATION(#2722) 
SHAPE_REPRESENTATION_RELATIONSHIP() );
#2722 = ITEM_DEFINED_TRANSFORMATION('','',#11,#99);
#2723 = PRODUCT_DEFINITION_SHAPE('Placement','Placement of an item',
  #2724);
#2724 = NEXT_ASSEMBLY_USAGE_OCCURRENCE('22','D14','',#5,#547,$);
#2725 = CONTEXT_DEPENDENT_SHAPE_REPRESENTATION(#2726,#2728);
#2726 = ( REPRESENTATION_RELATIONSHIP('','',#552,#10) 
REPRESENTATION_RELATIONSHIP_WITH_TRANSFORMATION(#2727) 
SHAPE_REPRESENTATION_RELATIONSHIP() );
#2727 = ITEM_DEFINED_TRANSFORMATION('','',#11,#103);
#2728 = PRODUCT_DEFINITION_SHAPE('Placement','Placement of an item',
  #2729);
#2729 = NEXT_ASSEMBLY_USAGE_OCCURRENCE('23','D53','',#5,#547,$);
#2730 = CONTEXT_DEPENDENT_SHAPE_REPRESENTATION(#2731,#2733);
#2731 = ( REPRESENTATION_RELATIONSHIP('','',#552,#10) 
REPRESENTATION_RELATIONSHIP_WITH_TRANSFORMATION(#2732) 
SHAPE_REPRESENTATION_RELATIONSHIP() );
#2732 = ITEM_DEFINED_TRANSFORMATION('','',#11,#107);
#2733 = PRODUCT_DEFINITION_SHAPE('Placement','Placement of an item',
  #2734);
#2734 = NEXT_ASSEMBLY_USAGE_OCCURRENCE('24','D56','',#5,#547,$);
#2735 = CONTEXT_DEPENDENT_SHAPE_REPRESENTATION(#2736,#2738);
#2736 = ( REPRESENTATION_RELATIONSHIP('','',#552,#10) 
REPRESENTATION_RELATIONSHIP_WITH_TRANSFORMATION(#2737) 
SHAPE_REPRESENTATION_RELATIONSHIP() );
#2737 = ITEM_DEFINED_TRANSFORMATION('','',#11,#111);
#2738 = PRODUCT_DEFINITION_SHAPE('Placement','Placement of an item',
  #2739);
#2739 = NEXT_ASSEMBLY_USAGE_OCCURRENCE('25','D5','',#5,#547,$);
#2740 = CONTEXT_DEPENDENT_SHAPE_REPRESENTATION(#2741,#2743);
#2741 = ( REPRESENTATION_RELATIONSHIP('','',#552,#10) 
REPRESENTATION_RELATIONSHIP_WITH_TRANSFORMATION(#2742) 
SHAPE_REPRESENTATION_RELATIONSHIP() );
#2742 = ITEM_DEFINED_TRANSFORMATION('','',#11,#115);
#2743 = PRODUCT_DEFINITION_SHAPE('Placement','Placement of an item',
  #2744);
#2744 = NEXT_ASSEMBLY_USAGE_OCCURRENCE('26','D50','',#5,#547,$);
#2745 = CONTEXT_DEPENDENT_SHAPE_REPRESENTATION(#2746,#2748);
#2746 = ( REPRESENTATION_RELATIONSHIP('','',#552,#10) 
REPRESENTATION_RELATIONSHIP_WITH_TRANSFORMATION(#2747) 
SHAPE_REPRESENTATION_RELATIONSHIP() );
#2747 = ITEM_DEFINED_TRANSFORMATION('','',#11,#119);
#2748 = PRODUCT_DEFINITION_SHAPE('Placement','Placement of an item',
  #2749);
#2749 = NEXT_ASSEMBLY_USAGE_OCCURRENCE('27','D18','',#5,#547,$);
#2750 = CONTEXT_DEPENDENT_SHAPE_REPRESENTATION(#2751,#2753);
#2751 = ( REPRESENTATION_RELATIONSHIP('','',#552,#10) 
REPRESENTATION_RELATIONSHIP_WITH_TRANSFORMATION(#2752) 
SHAPE_REPRESENTATION_RELATIONSHIP() );
#2752 = ITEM_DEFINED_TRANSFORMATION('','',#11,#123);
#2753 = PRODUCT_DEFINITION_SHAPE('Placement','Placement of an item',
  #2754);
#2754 = NEXT_ASSEMBLY_USAGE_OCCURRENCE('28','D27','',#5,#547,$);
#2755 = CONTEXT_DEPENDENT_SHAPE_REPRESENTATION(#2756,#2758);
#2756 = ( REPRESENTATION_RELATIONSHIP('','',#552,#10) 
REPRESENTATION_RELATIONSHIP_WITH_TRANSFORMATION(#2757) 
SHAPE_REPRESENTATION_RELATIONSHIP() );
#2757 = ITEM_DEFINED_TRANSFORMATION('','',#11,#127);
#2758 = PRODUCT_DEFINITION_SHAPE('Placement','Placement of an item',
  #2759);
#2759 = NEXT_ASSEMBLY_USAGE_OCCURRENCE('29','D10','',#5,#547,$);
#2760 = CONTEXT_DEPENDENT_SHAPE_REPRESENTATION(#2761,#2763);
#2761 = ( REPRESENTATION_RELATIONSHIP('','',#552,#10) 
REPRESENTATION_RELATIONSHIP_WITH_TRANSFORMATION(#2762) 
SHAPE_REPRESENTATION_RELATIONSHIP() );
#2762 = ITEM_DEFINED_TRANSFORMATION('','',#11,#131);
#2763 = PRODUCT_DEFINITION_SHAPE('Placement','Placement of an item',
  #2764);
#2764 = NEXT_ASSEMBLY_USAGE_OCCURRENCE('30','D30','',#5,#547,$);
#2765 = CONTEXT_DEPENDENT_SHAPE_REPRESENTATION(#2766,#2768);
#2766 = ( REPRESENTATION_RELATIONSHIP('','',#552,#10) 
REPRESENTATION_RELATIONSHIP_WITH_TRANSFORMATION(#2767) 
SHAPE_REPRESENTATION_RELATIONSHIP() );
#2767 = ITEM_DEFINED_TRANSFORMATION('','',#11,#135);
#2768 = PRODUCT_DEFINITION_SHAPE('Placement','Placement of an item',
  #2769);
#2769 = NEXT_ASSEMBLY_USAGE_OCCURRENCE('31','D48','',#5,#547,$);
#2770 = CONTEXT_DEPENDENT_SHAPE_REPRESENTATION(#2771,#2773);
#2771 = ( REPRESENTATION_RELATIONSHIP('','',#552,#10) 
REPRESENTATION_RELATIONSHIP_WITH_TRANSFORMATION(#2772) 
SHAPE_REPRESENTATION_RELATIONSHIP() );
#2772 = ITEM_DEFINED_TRANSFORMATION('','',#11,#139);
#2773 = PRODUCT_DEFINITION_SHAPE('Placement','Placement of an item',
  #2774);
#2774 = NEXT_ASSEMBLY_USAGE_OCCURRENCE('32','D35','',#5,#547,$);
#2775 = CONTEXT_DEPENDENT_SHAPE_REPRESENTATION(#2776,#2778);
#2776 = ( REPRESENTATION_RELATIONSHIP('','',#552,#10) 
REPRESENTATION_RELATIONSHIP_WITH_TRANSFORMATION(#2777) 
SHAPE_REPRESENTATION_RELATIONSHIP() );
#2777 = ITEM_DEFINED_TRANSFORMATION('','',#11,#143);
#2778 = PRODUCT_DEFINITION_SHAPE('Placement','Placement of an item',
  #2779);
#2779 = NEXT_ASSEMBLY_USAGE_OCCURRENCE('33','D34','',#5,#547,$);
#2780 = CONTEXT_DEPENDENT_SHAPE_REPRESENTATION(#2781,#2783);
#2781 = ( REPRESENTATION_RELATIONSHIP('','',#552,#10) 
REPRESENTATION_RELATIONSHIP_WITH_TRANSFORMATION(#2782) 
SHAPE_REPRESENTATION_RELATIONSHIP() );
#2782 = ITEM_DEFINED_TRANSFORMATION('','',#11,#147);
#2783 = PRODUCT_DEFINITION_SHAPE('Placement','Placement of an item',
  #2784);
#2784 = NEXT_ASSEMBLY_USAGE_OCCURRENCE('34','D37','',#5,#547,$);
#2785 = CONTEXT_DEPENDENT_SHAPE_REPRESENTATION(#2786,#2788);
#2786 = ( REPRESENTATION_RELATIONSHIP('','',#552,#10) 
REPRESENTATION_RELATIONSHIP_WITH_TRANSFORMATION(#2787) 
SHAPE_REPRESENTATION_RELATIONSHIP() );
#2787 = ITEM_DEFINED_TRANSFORMATION('','',#11,#151);
#2788 = PRODUCT_DEFINITION_SHAPE('Placement','Placement of an item',
  #2789);
#2789 = NEXT_ASSEMBLY_USAGE_OCCURRENCE('35','D15','',#5,#547,$);
#2790 = CONTEXT_DEPENDENT_SHAPE_REPRESENTATION(#2791,#2793);
#2791 = ( REPRESENTATION_RELATIONSHIP('','',#552,#10) 
REPRESENTATION_RELATIONSHIP_WITH_TRANSFORMATION(#2792) 
SHAPE_REPRESENTATION_RELATIONSHIP() );
#2792 = ITEM_DEFINED_TRANSFORMATION('','',#11,#155);
#2793 = PRODUCT_DEFINITION_SHAPE('Placement','Placement of an item',
  #2794);
#2794 = NEXT_ASSEMBLY_USAGE_OCCURRENCE('36','D39','',#5,#547,$);
#2795 = CONTEXT_DEPENDENT_SHAPE_REPRESENTATION(#2796,#2798);
#2796 = ( REPRESENTATION_RELATIONSHIP('','',#552,#10) 
REPRESENTATION_RELATIONSHIP_WITH_TRANSFORMATION(#2797) 
SHAPE_REPRESENTATION_RELATIONSHIP() );
#2797 = ITEM_DEFINED_TRANSFORMATION('','',#11,#159);
#2798 = PRODUCT_DEFINITION_SHAPE('Placement','Placement of an item',
  #2799);
#2799 = NEXT_ASSEMBLY_USAGE_OCCURRENCE('37','D52','',#5,#547,$);
#2800 = CONTEXT_DEPENDENT_SHAPE_REPRESENTATION(#2801,#2803);
#2801 = ( REPRESENTATION_RELATIONSHIP('','',#552,#10) 
REPRESENTATION_RELATIONSHIP_WITH_TRANSFORMATION(#2802) 
SHAPE_REPRESENTATION_RELATIONSHIP() );
#2802 = ITEM_DEFINED_TRANSFORMATION('','',#11,#163);
#2803 = PRODUCT_DEFINITION_SHAPE('Placement','Placement of an item',
  #2804);
#2804 = NEXT_ASSEMBLY_USAGE_OCCURRENCE('38','D31','',#5,#547,$);
#2805 = CONTEXT_DEPENDENT_SHAPE_REPRESENTATION(#2806,#2808);
#2806 = ( REPRESENTATION_RELATIONSHIP('','',#552,#10) 
REPRESENTATION_RELATIONSHIP_WITH_TRANSFORMATION(#2807) 
SHAPE_REPRESENTATION_RELATIONSHIP() );
#2807 = ITEM_DEFINED_TRANSFORMATION('','',#11,#167);
#2808 = PRODUCT_DEFINITION_SHAPE('Placement','Placement of an item',
  #2809);
#2809 = NEXT_ASSEMBLY_USAGE_OCCURRENCE('39','D64','',#5,#547,$);
#2810 = CONTEXT_DEPENDENT_SHAPE_REPRESENTATION(#2811,#2813);
#2811 = ( REPRESENTATION_RELATIONSHIP('','',#552,#10) 
REPRESENTATION_RELATIONSHIP_WITH_TRANSFORMATION(#2812) 
SHAPE_REPRESENTATION_RELATIONSHIP() );
#2812 = ITEM_DEFINED_TRANSFORMATION('','',#11,#171);
#2813 = PRODUCT_DEFINITION_SHAPE('Placement','Placement of an item',
  #2814);
#2814 = NEXT_ASSEMBLY_USAGE_OCCURRENCE('40','D51','',#5,#547,$);
#2815 = CONTEXT_DEPENDENT_SHAPE_REPRESENTATION(#2816,#2818);
#2816 = ( REPRESENTATION_RELATIONSHIP('','',#552,#10) 
REPRESENTATION_RELATIONSHIP_WITH_TRANSFORMATION(#2817) 
SHAPE_REPRESENTATION_RELATIONSHIP() );
#2817 = ITEM_DEFINED_TRANSFORMATION('','',#11,#175);
#2818 = PRODUCT_DEFINITION_SHAPE('Placement','Placement of an item',
  #2819);
#2819 = NEXT_ASSEMBLY_USAGE_OCCURRENCE('41','D55','',#5,#547,$);
#2820 = CONTEXT_DEPENDENT_SHAPE_REPRESENTATION(#2821,#2823);
#2821 = ( REPRESENTATION_RELATIONSHIP('','',#552,#10) 
REPRESENTATION_RELATIONSHIP_WITH_TRANSFORMATION(#2822) 
SHAPE_REPRESENTATION_RELATIONSHIP() );
#2822 = ITEM_DEFINED_TRANSFORMATION('','',#11,#179);
#2823 = PRODUCT_DEFINITION_SHAPE('Placement','Placement of an item',
  #2824);
#2824 = NEXT_ASSEMBLY_USAGE_OCCURRENCE('42','D40','',#5,#547,$);
#2825 = CONTEXT_DEPENDENT_SHAPE_REPRESENTATION(#2826,#2828);
#2826 = ( REPRESENTATION_RELATIONSHIP('','',#552,#10) 
REPRESENTATION_RELATIONSHIP_WITH_TRANSFORMATION(#2827) 
SHAPE_REPRESENTATION_RELATIONSHIP() );
#2827 = ITEM_DEFINED_TRANSFORMATION('','',#11,#183);
#2828 = PRODUCT_DEFINITION_SHAPE('Placement','Placement of an item',
  #2829);
#2829 = NEXT_ASSEMBLY_USAGE_OCCURRENCE('43','D6','',#5,#547,$);
#2830 = CONTEXT_DEPENDENT_SHAPE_REPRESENTATION(#2831,#2833);
#2831 = ( REPRESENTATION_RELATIONSHIP('','',#552,#10) 
REPRESENTATION_RELATIONSHIP_WITH_TRANSFORMATION(#2832) 
SHAPE_REPRESENTATION_RELATIONSHIP() );
#2832 = ITEM_DEFINED_TRANSFORMATION('','',#11,#187);
#2833 = PRODUCT_DEFINITION_SHAPE('Placement','Placement of an item',
  #2834);
#2834 = NEXT_ASSEMBLY_USAGE_OCCURRENCE('44','D38','',#5,#547,$);
#2835 = CONTEXT_DEPENDENT_SHAPE_REPRESENTATION(#2836,#2838);
#2836 = ( REPRESENTATION_RELATIONSHIP('','',#552,#10) 
REPRESENTATION_RELATIONSHIP_WITH_TRANSFORMATION(#2837) 
SHAPE_REPRESENTATION_RELATIONSHIP() );
#2837 = ITEM_DEFINED_TRANSFORMATION('','',#11,#191);
#2838 = PRODUCT_DEFINITION_SHAPE('Placement','Placement of an item',
  #2839);
#2839 = NEXT_ASSEMBLY_USAGE_OCCURRENCE('45','D32','',#5,#547,$);
#2840 = CONTEXT_DEPENDENT_SHAPE_REPRESENTATION(#2841,#2843);
#2841 = ( REPRESENTATION_RELATIONSHIP('','',#552,#10) 
REPRESENTATION_RELATIONSHIP_WITH_TRANSFORMATION(#2842) 
SHAPE_REPRESENTATION_RELATIONSHIP() );
#2842 = ITEM_DEFINED_TRANSFORMATION('','',#11,#195);
#2843 = PRODUCT_DEFINITION_SHAPE('Placement','Placement of an item',
  #2844);
#2844 = NEXT_ASSEMBLY_USAGE_OCCURRENCE('46','D28','',#5,#547,$);
#2845 = CONTEXT_DEPENDENT_SHAPE_REPRESENTATION(#2846,#2848);
#2846 = ( REPRESENTATION_RELATIONSHIP('','',#552,#10) 
REPRESENTATION_RELATIONSHIP_WITH_TRANSFORMATION(#2847) 
SHAPE_REPRESENTATION_RELATIONSHIP() );
#2847 = ITEM_DEFINED_TRANSFORMATION('','',#11,#199);
#2848 = PRODUCT_DEFINITION_SHAPE('Placement','Placement of an item',
  #2849);
#2849 = NEXT_ASSEMBLY_USAGE_OCCURRENCE('47','D57','',#5,#547,$);
#2850 = CONTEXT_DEPENDENT_SHAPE_REPRESENTATION(#2851,#2853);
#2851 = ( REPRESENTATION_RELATIONSHIP('','',#552,#10) 
REPRESENTATION_RELATIONSHIP_WITH_TRANSFORMATION(#2852) 
SHAPE_REPRESENTATION_RELATIONSHIP() );
#2852 = ITEM_DEFINED_TRANSFORMATION('','',#11,#203);
#2853 = PRODUCT_DEFINITION_SHAPE('Placement','Placement of an item',
  #2854);
#2854 = NEXT_ASSEMBLY_USAGE_OCCURRENCE('48','D42','',#5,#547,$);
#2855 = CONTEXT_DEPENDENT_SHAPE_REPRESENTATION(#2856,#2858);
#2856 = ( REPRESENTATION_RELATIONSHIP('','',#552,#10) 
REPRESENTATION_RELATIONSHIP_WITH_TRANSFORMATION(#2857) 
SHAPE_REPRESENTATION_RELATIONSHIP() );
#2857 = ITEM_DEFINED_TRANSFORMATION('','',#11,#207);
#2858 = PRODUCT_DEFINITION_SHAPE('Placement','Placement of an item',
  #2859);
#2859 = NEXT_ASSEMBLY_USAGE_OCCURRENCE('49','D17','',#5,#547,$);
#2860 = CONTEXT_DEPENDENT_SHAPE_REPRESENTATION(#2861,#2863);
#2861 = ( REPRESENTATION_RELATIONSHIP('','',#552,#10) 
REPRESENTATION_RELATIONSHIP_WITH_TRANSFORMATION(#2862) 
SHAPE_REPRESENTATION_RELATIONSHIP() );
#2862 = ITEM_DEFINED_TRANSFORMATION('','',#11,#211);
#2863 = PRODUCT_DEFINITION_SHAPE('Placement','Placement of an item',
  #2864);
#2864 = NEXT_ASSEMBLY_USAGE_OCCURRENCE('50','D62','',#5,#547,$);
#2865 = CONTEXT_DEPENDENT_SHAPE_REPRESENTATION(#2866,#2868);
#2866 = ( REPRESENTATION_RELATIONSHIP('','',#552,#10) 
REPRESENTATION_RELATIONSHIP_WITH_TRANSFORMATION(#2867) 
SHAPE_REPRESENTATION_RELATIONSHIP() );
#2867 = ITEM_DEFINED_TRANSFORMATION('','',#11,#215);
#2868 = PRODUCT_DEFINITION_SHAPE('Placement','Placement of an item',
  #2869);
#2869 = NEXT_ASSEMBLY_USAGE_OCCURRENCE('51','D43','',#5,#547,$);
#2870 = CONTEXT_DEPENDENT_SHAPE_REPRESENTATION(#2871,#2873);
#2871 = ( REPRESENTATION_RELATIONSHIP('','',#552,#10) 
REPRESENTATION_RELATIONSHIP_WITH_TRANSFORMATION(#2872) 
SHAPE_REPRESENTATION_RELATIONSHIP() );
#2872 = ITEM_DEFINED_TRANSFORMATION('','',#11,#219);
#2873 = PRODUCT_DEFINITION_SHAPE('Placement','Placement of an item',
  #2874);
#2874 = NEXT_ASSEMBLY_USAGE_OCCURRENCE('52','D9','',#5,#547,$);
#2875 = CONTEXT_DEPENDENT_SHAPE_REPRESENTATION(#2876,#2878);
#2876 = ( REPRESENTATION_RELATIONSHIP('','',#552,#10) 
REPRESENTATION_RELATIONSHIP_WITH_TRANSFORMATION(#2877) 
SHAPE_REPRESENTATION_RELATIONSHIP() );
#2877 = ITEM_DEFINED_TRANSFORMATION('','',#11,#223);
#2878 = PRODUCT_DEFINITION_SHAPE('Placement','Placement of an item',
  #2879);
#2879 = NEXT_ASSEMBLY_USAGE_OCCURRENCE('53','D11','',#5,#547,$);
#2880 = CONTEXT_DEPENDENT_SHAPE_REPRESENTATION(#2881,#2883);
#2881 = ( REPRESENTATION_RELATIONSHIP('','',#552,#10) 
REPRESENTATION_RELATIONSHIP_WITH_TRANSFORMATION(#2882) 
SHAPE_REPRESENTATION_RELATIONSHIP() );
#2882 = ITEM_DEFINED_TRANSFORMATION('','',#11,#227);
#2883 = PRODUCT_DEFINITION_SHAPE('Placement','Placement of an item',
  #2884);
#2884 = NEXT_ASSEMBLY_USAGE_OCCURRENCE('54','D7','',#5,#547,$);
#2885 = CONTEXT_DEPENDENT_SHAPE_REPRESENTATION(#2886,#2888);
#2886 = ( REPRESENTATION_RELATIONSHIP('','',#552,#10) 
REPRESENTATION_RELATIONSHIP_WITH_TRANSFORMATION(#2887) 
SHAPE_REPRESENTATION_RELATIONSHIP() );
#2887 = ITEM_DEFINED_TRANSFORMATION('','',#11,#231);
#2888 = PRODUCT_DEFINITION_SHAPE('Placement','Placement of an item',
  #2889);
#2889 = NEXT_ASSEMBLY_USAGE_OCCURRENCE('55','D22','',#5,#547,$);
#2890 = CONTEXT_DEPENDENT_SHAPE_REPRESENTATION(#2891,#2893);
#2891 = ( REPRESENTATION_RELATIONSHIP('','',#552,#10) 
REPRESENTATION_RELATIONSHIP_WITH_TRANSFORMATION(#2892) 
SHAPE_REPRESENTATION_RELATIONSHIP() );
#2892 = ITEM_DEFINED_TRANSFORMATION('','',#11,#235);
#2893 = PRODUCT_DEFINITION_SHAPE('Placement','Placement of an item',
  #2894);
#2894 = NEXT_ASSEMBLY_USAGE_OCCURRENCE('56','D25','',#5,#547,$);
#2895 = CONTEXT_DEPENDENT_SHAPE_REPRESENTATION(#2896,#2898);
#2896 = ( REPRESENTATION_RELATIONSHIP('','',#552,#10) 
REPRESENTATION_RELATIONSHIP_WITH_TRANSFORMATION(#2897) 
SHAPE_REPRESENTATION_RELATIONSHIP() );
#2897 = ITEM_DEFINED_TRANSFORMATION('','',#11,#239);
#2898 = PRODUCT_DEFINITION_SHAPE('Placement','Placement of an item',
  #2899);
#2899 = NEXT_ASSEMBLY_USAGE_OCCURRENCE('57','D29','',#5,#547,$);
#2900 = CONTEXT_DEPENDENT_SHAPE_REPRESENTATION(#2901,#2903);
#2901 = ( REPRESENTATION_RELATIONSHIP('','',#552,#10) 
REPRESENTATION_RELATIONSHIP_WITH_TRANSFORMATION(#2902) 
SHAPE_REPRESENTATION_RELATIONSHIP() );
#2902 = ITEM_DEFINED_TRANSFORMATION('','',#11,#243);
#2903 = PRODUCT_DEFINITION_SHAPE('Placement','Placement of an item',
  #2904);
#2904 = NEXT_ASSEMBLY_USAGE_OCCURRENCE('58','D61','',#5,#547,$);
#2905 = CONTEXT_DEPENDENT_SHAPE_REPRESENTATION(#2906,#2908);
#2906 = ( REPRESENTATION_RELATIONSHIP('','',#552,#10) 
REPRESENTATION_RELATIONSHIP_WITH_TRANSFORMATION(#2907) 
SHAPE_REPRESENTATION_RELATIONSHIP() );
#2907 = ITEM_DEFINED_TRANSFORMATION('','',#11,#247);
#2908 = PRODUCT_DEFINITION_SHAPE('Placement','Placement of an item',
  #2909);
#2909 = NEXT_ASSEMBLY_USAGE_OCCURRENCE('59','D16','',#5,#547,$);
#2910 = CONTEXT_DEPENDENT_SHAPE_REPRESENTATION(#2911,#2913);
#2911 = ( REPRESENTATION_RELATIONSHIP('','',#552,#10) 
REPRESENTATION_RELATIONSHIP_WITH_TRANSFORMATION(#2912) 
SHAPE_REPRESENTATION_RELATIONSHIP() );
#2912 = ITEM_DEFINED_TRANSFORMATION('','',#11,#251);
#2913 = PRODUCT_DEFINITION_SHAPE('Placement','Placement of an item',
  #2914);
#2914 = NEXT_ASSEMBLY_USAGE_OCCURRENCE('60','D12','',#5,#547,$);
#2915 = CONTEXT_DEPENDENT_SHAPE_REPRESENTATION(#2916,#2918);
#2916 = ( REPRESENTATION_RELATIONSHIP('','',#552,#10) 
REPRESENTATION_RELATIONSHIP_WITH_TRANSFORMATION(#2917) 
SHAPE_REPRESENTATION_RELATIONSHIP() );
#2917 = ITEM_DEFINED_TRANSFORMATION('','',#11,#255);
#2918 = PRODUCT_DEFINITION_SHAPE('Placement','Placement of an item',
  #2919);
#2919 = NEXT_ASSEMBLY_USAGE_OCCURRENCE('61','D44','',#5,#547,$);
#2920 = CONTEXT_DEPENDENT_SHAPE_REPRESENTATION(#2921,#2923);
#2921 = ( REPRESENTATION_RELATIONSHIP('','',#552,#10) 
REPRESENTATION_RELATIONSHIP_WITH_TRANSFORMATION(#2922) 
SHAPE_REPRESENTATION_RELATIONSHIP() );
#2922 = ITEM_DEFINED_TRANSFORMATION('','',#11,#259);
#2923 = PRODUCT_DEFINITION_SHAPE('Placement','Placement of an item',
  #2924);
#2924 = NEXT_ASSEMBLY_USAGE_OCCURRENCE('62','D4','',#5,#547,$);
#2925 = CONTEXT_DEPENDENT_SHAPE_REPRESENTATION(#2926,#2928);
#2926 = ( REPRESENTATION_RELATIONSHIP('','',#552,#10) 
REPRESENTATION_RELATIONSHIP_WITH_TRANSFORMATION(#2927) 
SHAPE_REPRESENTATION_RELATIONSHIP() );
#2927 = ITEM_DEFINED_TRANSFORMATION('','',#11,#263);
#2928 = PRODUCT_DEFINITION_SHAPE('Placement','Placement of an item',
  #2929);
#2929 = NEXT_ASSEMBLY_USAGE_OCCURRENCE('63','D54','',#5,#547,$);
#2930 = CONTEXT_DEPENDENT_SHAPE_REPRESENTATION(#2931,#2933);
#2931 = ( REPRESENTATION_RELATIONSHIP('','',#552,#10) 
REPRESENTATION_RELATIONSHIP_WITH_TRANSFORMATION(#2932) 
SHAPE_REPRESENTATION_RELATIONSHIP() );
#2932 = ITEM_DEFINED_TRANSFORMATION('','',#11,#267);
#2933 = PRODUCT_DEFINITION_SHAPE('Placement','Placement of an item',
  #2934);
#2934 = NEXT_ASSEMBLY_USAGE_OCCURRENCE('64','D21','',#5,#547,$);
#2935 = SHAPE_DEFINITION_REPRESENTATION(#2936,#2942);
#2936 = PRODUCT_DEFINITION_SHAPE('','',#2937);
#2937 = PRODUCT_DEFINITION('design','',#2938,#2941);
#2938 = PRODUCT_DEFINITION_FORMATION('','',#2939);
#2939 = PRODUCT('C_0603_1608Metric','C_0603_1608Metric','',(#2940));
#2940 = PRODUCT_CONTEXT('',#2,'mechanical');
#2941 = PRODUCT_DEFINITION_CONTEXT('part definition',#2,'design');
#2942 = ADVANCED_BREP_SHAPE_REPRESENTATION('',(#11,#2943),#3797);
#2943 = MANIFOLD_SOLID_BREP('',#2944);
#2944 = CLOSED_SHELL('',(#2945,#3021,#3052,#3077,#3102,#3126,#3150,#3175
    ,#3200,#3217,#3303,#3335,#3359,#3384,#3408,#3433,#3457,#3482,#3499,
    #3585,#3616,#3641,#3666,#3690,#3714,#3739,#3764,#3781));
#2945 = ADVANCED_FACE('',(#2946),#3016,.F.);
#2946 = FACE_BOUND('',#2947,.F.);
#2947 = EDGE_LOOP('',(#2948,#2958,#2967,#2975,#2984,#2992,#3001,#3009));
#2948 = ORIENTED_EDGE('',*,*,#2949,.F.);
#2949 = EDGE_CURVE('',#2950,#2952,#2954,.T.);
#2950 = VERTEX_POINT('',#2951);
#2951 = CARTESIAN_POINT('',(-0.8,-0.4,3.E-02));
#2952 = VERTEX_POINT('',#2953);
#2953 = CARTESIAN_POINT('',(-0.8,-0.4,0.77));
#2954 = LINE('',#2955,#2956);
#2955 = CARTESIAN_POINT('',(-0.8,-0.4,0.));
#2956 = VECTOR('',#2957,1.);
#2957 = DIRECTION('',(0.,0.,1.));
#2958 = ORIENTED_EDGE('',*,*,#2959,.T.);
#2959 = EDGE_CURVE('',#2950,#2960,#2962,.T.);
#2960 = VERTEX_POINT('',#2961);
#2961 = CARTESIAN_POINT('',(-0.8,-0.37,0.));
#2962 = CIRCLE('',#2963,3.E-02);
#2963 = AXIS2_PLACEMENT_3D('',#2964,#2965,#2966);
#2964 = CARTESIAN_POINT('',(-0.8,-0.37,3.E-02));
#2965 = DIRECTION('',(1.,0.,-0.));
#2966 = DIRECTION('',(0.,0.,1.));
#2967 = ORIENTED_EDGE('',*,*,#2968,.T.);
#2968 = EDGE_CURVE('',#2960,#2969,#2971,.T.);
#2969 = VERTEX_POINT('',#2970);
#2970 = CARTESIAN_POINT('',(-0.8,0.37,0.));
#2971 = LINE('',#2972,#2973);
#2972 = CARTESIAN_POINT('',(-0.8,-0.4,0.));
#2973 = VECTOR('',#2974,1.);
#2974 = DIRECTION('',(0.,1.,0.));
#2975 = ORIENTED_EDGE('',*,*,#2976,.F.);
#2976 = EDGE_CURVE('',#2977,#2969,#2979,.T.);
#2977 = VERTEX_POINT('',#2978);
#2978 = CARTESIAN_POINT('',(-0.8,0.4,3.E-02));
#2979 = CIRCLE('',#2980,3.E-02);
#2980 = AXIS2_PLACEMENT_3D('',#2981,#2982,#2983);
#2981 = CARTESIAN_POINT('',(-0.8,0.37,3.E-02));
#2982 = DIRECTION('',(-1.,0.,0.));
#2983 = DIRECTION('',(0.,0.,1.));
#2984 = ORIENTED_EDGE('',*,*,#2985,.T.);
#2985 = EDGE_CURVE('',#2977,#2986,#2988,.T.);
#2986 = VERTEX_POINT('',#2987);
#2987 = CARTESIAN_POINT('',(-0.8,0.4,0.77));
#2988 = LINE('',#2989,#2990);
#2989 = CARTESIAN_POINT('',(-0.8,0.4,0.));
#2990 = VECTOR('',#2991,1.);
#2991 = DIRECTION('',(0.,0.,1.));
#2992 = ORIENTED_EDGE('',*,*,#2993,.T.);
#2993 = EDGE_CURVE('',#2986,#2994,#2996,.T.);
#2994 = VERTEX_POINT('',#2995);
#2995 = CARTESIAN_POINT('',(-0.8,0.37,0.8));
#2996 = CIRCLE('',#2997,3.E-02);
#2997 = AXIS2_PLACEMENT_3D('',#2998,#2999,#3000);
#2998 = CARTESIAN_POINT('',(-0.8,0.37,0.77));
#2999 = DIRECTION('',(1.,0.,-0.));
#3000 = DIRECTION('',(0.,0.,1.));
#3001 = ORIENTED_EDGE('',*,*,#3002,.F.);
#3002 = EDGE_CURVE('',#3003,#2994,#3005,.T.);
#3003 = VERTEX_POINT('',#3004);
#3004 = CARTESIAN_POINT('',(-0.8,-0.37,0.8));
#3005 = LINE('',#3006,#3007);
#3006 = CARTESIAN_POINT('',(-0.8,-0.4,0.8));
#3007 = VECTOR('',#3008,1.);
#3008 = DIRECTION('',(0.,1.,0.));
#3009 = ORIENTED_EDGE('',*,*,#3010,.F.);
#3010 = EDGE_CURVE('',#2952,#3003,#3011,.T.);
#3011 = CIRCLE('',#3012,3.E-02);
#3012 = AXIS2_PLACEMENT_3D('',#3013,#3014,#3015);
#3013 = CARTESIAN_POINT('',(-0.8,-0.37,0.77));
#3014 = DIRECTION('',(-1.,0.,0.));
#3015 = DIRECTION('',(0.,0.,1.));
#3016 = PLANE('',#3017);
#3017 = AXIS2_PLACEMENT_3D('',#3018,#3019,#3020);
#3018 = CARTESIAN_POINT('',(-0.8,-0.4,0.));
#3019 = DIRECTION('',(1.,0.,0.));
#3020 = DIRECTION('',(0.,0.,1.));
#3021 = ADVANCED_FACE('',(#3022),#3047,.F.);
#3022 = FACE_BOUND('',#3023,.F.);
#3023 = EDGE_LOOP('',(#3024,#3034,#3040,#3041));
#3024 = ORIENTED_EDGE('',*,*,#3025,.F.);
#3025 = EDGE_CURVE('',#3026,#3028,#3030,.T.);
#3026 = VERTEX_POINT('',#3027);
#3027 = CARTESIAN_POINT('',(-0.5,-0.4,3.E-02));
#3028 = VERTEX_POINT('',#3029);
#3029 = CARTESIAN_POINT('',(-0.5,-0.4,0.77));
#3030 = LINE('',#3031,#3032);
#3031 = CARTESIAN_POINT('',(-0.5,-0.4,0.));
#3032 = VECTOR('',#3033,1.);
#3033 = DIRECTION('',(0.,0.,1.));
#3034 = ORIENTED_EDGE('',*,*,#3035,.F.);
#3035 = EDGE_CURVE('',#2950,#3026,#3036,.T.);
#3036 = LINE('',#3037,#3038);
#3037 = CARTESIAN_POINT('',(-0.8,-0.4,3.E-02));
#3038 = VECTOR('',#3039,1.);
#3039 = DIRECTION('',(1.,0.,0.));
#3040 = ORIENTED_EDGE('',*,*,#2949,.T.);
#3041 = ORIENTED_EDGE('',*,*,#3042,.T.);
#3042 = EDGE_CURVE('',#2952,#3028,#3043,.T.);
#3043 = LINE('',#3044,#3045);
#3044 = CARTESIAN_POINT('',(-0.8,-0.4,0.77));
#3045 = VECTOR('',#3046,1.);
#3046 = DIRECTION('',(1.,0.,0.));
#3047 = PLANE('',#3048);
#3048 = AXIS2_PLACEMENT_3D('',#3049,#3050,#3051);
#3049 = CARTESIAN_POINT('',(-0.8,-0.4,0.));
#3050 = DIRECTION('',(0.,1.,0.));
#3051 = DIRECTION('',(0.,-0.,1.));
#3052 = ADVANCED_FACE('',(#3053),#3072,.T.);
#3053 = FACE_BOUND('',#3054,.T.);
#3054 = EDGE_LOOP('',(#3055,#3056,#3064,#3071));
#3055 = ORIENTED_EDGE('',*,*,#2959,.T.);
#3056 = ORIENTED_EDGE('',*,*,#3057,.T.);
#3057 = EDGE_CURVE('',#2960,#3058,#3060,.T.);
#3058 = VERTEX_POINT('',#3059);
#3059 = CARTESIAN_POINT('',(-0.5,-0.37,0.));
#3060 = LINE('',#3061,#3062);
#3061 = CARTESIAN_POINT('',(-0.8,-0.37,0.));
#3062 = VECTOR('',#3063,1.);
#3063 = DIRECTION('',(1.,0.,0.));
#3064 = ORIENTED_EDGE('',*,*,#3065,.F.);
#3065 = EDGE_CURVE('',#3026,#3058,#3066,.T.);
#3066 = CIRCLE('',#3067,3.E-02);
#3067 = AXIS2_PLACEMENT_3D('',#3068,#3069,#3070);
#3068 = CARTESIAN_POINT('',(-0.5,-0.37,3.E-02));
#3069 = DIRECTION('',(1.,0.,-0.));
#3070 = DIRECTION('',(0.,0.,1.));
#3071 = ORIENTED_EDGE('',*,*,#3035,.F.);
#3072 = CYLINDRICAL_SURFACE('',#3073,3.E-02);
#3073 = AXIS2_PLACEMENT_3D('',#3074,#3075,#3076);
#3074 = CARTESIAN_POINT('',(-0.8,-0.37,3.E-02));
#3075 = DIRECTION('',(1.,0.,0.));
#3076 = DIRECTION('',(0.,-1.,0.));
#3077 = ADVANCED_FACE('',(#3078),#3097,.T.);
#3078 = FACE_BOUND('',#3079,.T.);
#3079 = EDGE_LOOP('',(#3080,#3081,#3090,#3096));
#3080 = ORIENTED_EDGE('',*,*,#3042,.T.);
#3081 = ORIENTED_EDGE('',*,*,#3082,.T.);
#3082 = EDGE_CURVE('',#3028,#3083,#3085,.T.);
#3083 = VERTEX_POINT('',#3084);
#3084 = CARTESIAN_POINT('',(-0.5,-0.37,0.8));
#3085 = CIRCLE('',#3086,3.E-02);
#3086 = AXIS2_PLACEMENT_3D('',#3087,#3088,#3089);
#3087 = CARTESIAN_POINT('',(-0.5,-0.37,0.77));
#3088 = DIRECTION('',(-1.,0.,0.));
#3089 = DIRECTION('',(0.,0.,1.));
#3090 = ORIENTED_EDGE('',*,*,#3091,.F.);
#3091 = EDGE_CURVE('',#3003,#3083,#3092,.T.);
#3092 = LINE('',#3093,#3094);
#3093 = CARTESIAN_POINT('',(-0.8,-0.37,0.8));
#3094 = VECTOR('',#3095,1.);
#3095 = DIRECTION('',(1.,0.,0.));
#3096 = ORIENTED_EDGE('',*,*,#3010,.F.);
#3097 = CYLINDRICAL_SURFACE('',#3098,3.E-02);
#3098 = AXIS2_PLACEMENT_3D('',#3099,#3100,#3101);
#3099 = CARTESIAN_POINT('',(-0.8,-0.37,0.77));
#3100 = DIRECTION('',(1.,0.,0.));
#3101 = DIRECTION('',(0.,-1.,0.));
#3102 = ADVANCED_FACE('',(#3103),#3121,.F.);
#3103 = FACE_BOUND('',#3104,.F.);
#3104 = EDGE_LOOP('',(#3105,#3106,#3107,#3115));
#3105 = ORIENTED_EDGE('',*,*,#2968,.F.);
#3106 = ORIENTED_EDGE('',*,*,#3057,.T.);
#3107 = ORIENTED_EDGE('',*,*,#3108,.T.);
#3108 = EDGE_CURVE('',#3058,#3109,#3111,.T.);
#3109 = VERTEX_POINT('',#3110);
#3110 = CARTESIAN_POINT('',(-0.5,0.37,0.));
#3111 = LINE('',#3112,#3113);
#3112 = CARTESIAN_POINT('',(-0.5,-0.4,0.));
#3113 = VECTOR('',#3114,1.);
#3114 = DIRECTION('',(0.,1.,0.));
#3115 = ORIENTED_EDGE('',*,*,#3116,.F.);
#3116 = EDGE_CURVE('',#2969,#3109,#3117,.T.);
#3117 = LINE('',#3118,#3119);
#3118 = CARTESIAN_POINT('',(-0.8,0.37,0.));
#3119 = VECTOR('',#3120,1.);
#3120 = DIRECTION('',(1.,0.,0.));
#3121 = PLANE('',#3122);
#3122 = AXIS2_PLACEMENT_3D('',#3123,#3124,#3125);
#3123 = CARTESIAN_POINT('',(-0.8,-0.4,0.));
#3124 = DIRECTION('',(0.,0.,1.));
#3125 = DIRECTION('',(1.,0.,-0.));
#3126 = ADVANCED_FACE('',(#3127),#3145,.T.);
#3127 = FACE_BOUND('',#3128,.T.);
#3128 = EDGE_LOOP('',(#3129,#3130,#3131,#3139));
#3129 = ORIENTED_EDGE('',*,*,#3002,.F.);
#3130 = ORIENTED_EDGE('',*,*,#3091,.T.);
#3131 = ORIENTED_EDGE('',*,*,#3132,.T.);
#3132 = EDGE_CURVE('',#3083,#3133,#3135,.T.);
#3133 = VERTEX_POINT('',#3134);
#3134 = CARTESIAN_POINT('',(-0.5,0.37,0.8));
#3135 = LINE('',#3136,#3137);
#3136 = CARTESIAN_POINT('',(-0.5,-0.4,0.8));
#3137 = VECTOR('',#3138,1.);
#3138 = DIRECTION('',(0.,1.,0.));
#3139 = ORIENTED_EDGE('',*,*,#3140,.F.);
#3140 = EDGE_CURVE('',#2994,#3133,#3141,.T.);
#3141 = LINE('',#3142,#3143);
#3142 = CARTESIAN_POINT('',(-0.8,0.37,0.8));
#3143 = VECTOR('',#3144,1.);
#3144 = DIRECTION('',(1.,0.,0.));
#3145 = PLANE('',#3146);
#3146 = AXIS2_PLACEMENT_3D('',#3147,#3148,#3149);
#3147 = CARTESIAN_POINT('',(-0.8,-0.4,0.8));
#3148 = DIRECTION('',(0.,0.,1.));
#3149 = DIRECTION('',(1.,0.,-0.));
#3150 = ADVANCED_FACE('',(#3151),#3170,.T.);
#3151 = FACE_BOUND('',#3152,.T.);
#3152 = EDGE_LOOP('',(#3153,#3161,#3168,#3169));
#3153 = ORIENTED_EDGE('',*,*,#3154,.T.);
#3154 = EDGE_CURVE('',#2977,#3155,#3157,.T.);
#3155 = VERTEX_POINT('',#3156);
#3156 = CARTESIAN_POINT('',(-0.5,0.4,3.E-02));
#3157 = LINE('',#3158,#3159);
#3158 = CARTESIAN_POINT('',(-0.8,0.4,3.E-02));
#3159 = VECTOR('',#3160,1.);
#3160 = DIRECTION('',(1.,0.,0.));
#3161 = ORIENTED_EDGE('',*,*,#3162,.T.);
#3162 = EDGE_CURVE('',#3155,#3109,#3163,.T.);
#3163 = CIRCLE('',#3164,3.E-02);
#3164 = AXIS2_PLACEMENT_3D('',#3165,#3166,#3167);
#3165 = CARTESIAN_POINT('',(-0.5,0.37,3.E-02));
#3166 = DIRECTION('',(-1.,0.,0.));
#3167 = DIRECTION('',(0.,0.,1.));
#3168 = ORIENTED_EDGE('',*,*,#3116,.F.);
#3169 = ORIENTED_EDGE('',*,*,#2976,.F.);
#3170 = CYLINDRICAL_SURFACE('',#3171,3.E-02);
#3171 = AXIS2_PLACEMENT_3D('',#3172,#3173,#3174);
#3172 = CARTESIAN_POINT('',(-0.8,0.37,3.E-02));
#3173 = DIRECTION('',(1.,0.,0.));
#3174 = DIRECTION('',(-0.,1.,0.));
#3175 = ADVANCED_FACE('',(#3176),#3195,.T.);
#3176 = FACE_BOUND('',#3177,.T.);
#3177 = EDGE_LOOP('',(#3178,#3179,#3180,#3189));
#3178 = ORIENTED_EDGE('',*,*,#2993,.T.);
#3179 = ORIENTED_EDGE('',*,*,#3140,.T.);
#3180 = ORIENTED_EDGE('',*,*,#3181,.F.);
#3181 = EDGE_CURVE('',#3182,#3133,#3184,.T.);
#3182 = VERTEX_POINT('',#3183);
#3183 = CARTESIAN_POINT('',(-0.5,0.4,0.77));
#3184 = CIRCLE('',#3185,3.E-02);
#3185 = AXIS2_PLACEMENT_3D('',#3186,#3187,#3188);
#3186 = CARTESIAN_POINT('',(-0.5,0.37,0.77));
#3187 = DIRECTION('',(1.,0.,-0.));
#3188 = DIRECTION('',(0.,0.,1.));
#3189 = ORIENTED_EDGE('',*,*,#3190,.F.);
#3190 = EDGE_CURVE('',#2986,#3182,#3191,.T.);
#3191 = LINE('',#3192,#3193);
#3192 = CARTESIAN_POINT('',(-0.8,0.4,0.77));
#3193 = VECTOR('',#3194,1.);
#3194 = DIRECTION('',(1.,0.,0.));
#3195 = CYLINDRICAL_SURFACE('',#3196,3.E-02);
#3196 = AXIS2_PLACEMENT_3D('',#3197,#3198,#3199);
#3197 = CARTESIAN_POINT('',(-0.8,0.37,0.77));
#3198 = DIRECTION('',(1.,0.,0.));
#3199 = DIRECTION('',(-0.,1.,0.));
#3200 = ADVANCED_FACE('',(#3201),#3212,.T.);
#3201 = FACE_BOUND('',#3202,.T.);
#3202 = EDGE_LOOP('',(#3203,#3209,#3210,#3211));
#3203 = ORIENTED_EDGE('',*,*,#3204,.F.);
#3204 = EDGE_CURVE('',#3155,#3182,#3205,.T.);
#3205 = LINE('',#3206,#3207);
#3206 = CARTESIAN_POINT('',(-0.5,0.4,0.));
#3207 = VECTOR('',#3208,1.);
#3208 = DIRECTION('',(0.,0.,1.));
#3209 = ORIENTED_EDGE('',*,*,#3154,.F.);
#3210 = ORIENTED_EDGE('',*,*,#2985,.T.);
#3211 = ORIENTED_EDGE('',*,*,#3190,.T.);
#3212 = PLANE('',#3213);
#3213 = AXIS2_PLACEMENT_3D('',#3214,#3215,#3216);
#3214 = CARTESIAN_POINT('',(-0.8,0.4,0.));
#3215 = DIRECTION('',(0.,1.,0.));
#3216 = DIRECTION('',(0.,-0.,1.));
#3217 = ADVANCED_FACE('',(#3218,#3228),#3298,.T.);
#3218 = FACE_BOUND('',#3219,.T.);
#3219 = EDGE_LOOP('',(#3220,#3221,#3222,#3223,#3224,#3225,#3226,#3227));
#3220 = ORIENTED_EDGE('',*,*,#3025,.F.);
#3221 = ORIENTED_EDGE('',*,*,#3065,.T.);
#3222 = ORIENTED_EDGE('',*,*,#3108,.T.);
#3223 = ORIENTED_EDGE('',*,*,#3162,.F.);
#3224 = ORIENTED_EDGE('',*,*,#3204,.T.);
#3225 = ORIENTED_EDGE('',*,*,#3181,.T.);
#3226 = ORIENTED_EDGE('',*,*,#3132,.F.);
#3227 = ORIENTED_EDGE('',*,*,#3082,.F.);
#3228 = FACE_BOUND('',#3229,.T.);
#3229 = EDGE_LOOP('',(#3230,#3241,#3249,#3258,#3266,#3275,#3283,#3292));
#3230 = ORIENTED_EDGE('',*,*,#3231,.F.);
#3231 = EDGE_CURVE('',#3232,#3234,#3236,.T.);
#3232 = VERTEX_POINT('',#3233);
#3233 = CARTESIAN_POINT('',(-0.5,-0.37,6.E-02));
#3234 = VERTEX_POINT('',#3235);
#3235 = CARTESIAN_POINT('',(-0.5,-0.34,3.E-02));
#3236 = CIRCLE('',#3237,3.E-02);
#3237 = AXIS2_PLACEMENT_3D('',#3238,#3239,#3240);
#3238 = CARTESIAN_POINT('',(-0.5,-0.34,6.E-02));
#3239 = DIRECTION('',(1.,0.,-0.));
#3240 = DIRECTION('',(0.,0.,1.));
#3241 = ORIENTED_EDGE('',*,*,#3242,.T.);
#3242 = EDGE_CURVE('',#3232,#3243,#3245,.T.);
#3243 = VERTEX_POINT('',#3244);
#3244 = CARTESIAN_POINT('',(-0.5,-0.37,0.74));
#3245 = LINE('',#3246,#3247);
#3246 = CARTESIAN_POINT('',(-0.5,-0.37,3.E-02));
#3247 = VECTOR('',#3248,1.);
#3248 = DIRECTION('',(0.,0.,1.));
#3249 = ORIENTED_EDGE('',*,*,#3250,.T.);
#3250 = EDGE_CURVE('',#3243,#3251,#3253,.T.);
#3251 = VERTEX_POINT('',#3252);
#3252 = CARTESIAN_POINT('',(-0.5,-0.34,0.77));
#3253 = CIRCLE('',#3254,3.E-02);
#3254 = AXIS2_PLACEMENT_3D('',#3255,#3256,#3257);
#3255 = CARTESIAN_POINT('',(-0.5,-0.34,0.74));
#3256 = DIRECTION('',(-1.,0.,0.));
#3257 = DIRECTION('',(0.,0.,1.));
#3258 = ORIENTED_EDGE('',*,*,#3259,.T.);
#3259 = EDGE_CURVE('',#3251,#3260,#3262,.T.);
#3260 = VERTEX_POINT('',#3261);
#3261 = CARTESIAN_POINT('',(-0.5,0.34,0.77));
#3262 = LINE('',#3263,#3264);
#3263 = CARTESIAN_POINT('',(-0.5,-0.37,0.77));
#3264 = VECTOR('',#3265,1.);
#3265 = DIRECTION('',(0.,1.,0.));
#3266 = ORIENTED_EDGE('',*,*,#3267,.F.);
#3267 = EDGE_CURVE('',#3268,#3260,#3270,.T.);
#3268 = VERTEX_POINT('',#3269);
#3269 = CARTESIAN_POINT('',(-0.5,0.37,0.74));
#3270 = CIRCLE('',#3271,3.E-02);
#3271 = AXIS2_PLACEMENT_3D('',#3272,#3273,#3274);
#3272 = CARTESIAN_POINT('',(-0.5,0.34,0.74));
#3273 = DIRECTION('',(1.,0.,-0.));
#3274 = DIRECTION('',(0.,0.,1.));
#3275 = ORIENTED_EDGE('',*,*,#3276,.F.);
#3276 = EDGE_CURVE('',#3277,#3268,#3279,.T.);
#3277 = VERTEX_POINT('',#3278);
#3278 = CARTESIAN_POINT('',(-0.5,0.37,6.E-02));
#3279 = LINE('',#3280,#3281);
#3280 = CARTESIAN_POINT('',(-0.5,0.37,3.E-02));
#3281 = VECTOR('',#3282,1.);
#3282 = DIRECTION('',(0.,0.,1.));
#3283 = ORIENTED_EDGE('',*,*,#3284,.T.);
#3284 = EDGE_CURVE('',#3277,#3285,#3287,.T.);
#3285 = VERTEX_POINT('',#3286);
#3286 = CARTESIAN_POINT('',(-0.5,0.34,3.E-02));
#3287 = CIRCLE('',#3288,3.E-02);
#3288 = AXIS2_PLACEMENT_3D('',#3289,#3290,#3291);
#3289 = CARTESIAN_POINT('',(-0.5,0.34,6.E-02));
#3290 = DIRECTION('',(-1.,0.,0.));
#3291 = DIRECTION('',(0.,0.,1.));
#3292 = ORIENTED_EDGE('',*,*,#3293,.F.);
#3293 = EDGE_CURVE('',#3234,#3285,#3294,.T.);
#3294 = LINE('',#3295,#3296);
#3295 = CARTESIAN_POINT('',(-0.5,-0.37,3.E-02));
#3296 = VECTOR('',#3297,1.);
#3297 = DIRECTION('',(0.,1.,0.));
#3298 = PLANE('',#3299);
#3299 = AXIS2_PLACEMENT_3D('',#3300,#3301,#3302);
#3300 = CARTESIAN_POINT('',(-0.5,-0.4,0.));
#3301 = DIRECTION('',(1.,0.,0.));
#3302 = DIRECTION('',(0.,0.,1.));
#3303 = ADVANCED_FACE('',(#3304),#3330,.T.);
#3304 = FACE_BOUND('',#3305,.T.);
#3305 = EDGE_LOOP('',(#3306,#3307,#3315,#3324));
#3306 = ORIENTED_EDGE('',*,*,#3231,.T.);
#3307 = ORIENTED_EDGE('',*,*,#3308,.T.);
#3308 = EDGE_CURVE('',#3234,#3309,#3311,.T.);
#3309 = VERTEX_POINT('',#3310);
#3310 = CARTESIAN_POINT('',(0.5,-0.34,3.E-02));
#3311 = LINE('',#3312,#3313);
#3312 = CARTESIAN_POINT('',(-0.5,-0.34,3.E-02));
#3313 = VECTOR('',#3314,1.);
#3314 = DIRECTION('',(1.,0.,0.));
#3315 = ORIENTED_EDGE('',*,*,#3316,.F.);
#3316 = EDGE_CURVE('',#3317,#3309,#3319,.T.);
#3317 = VERTEX_POINT('',#3318);
#3318 = CARTESIAN_POINT('',(0.5,-0.37,6.E-02));
#3319 = CIRCLE('',#3320,3.E-02);
#3320 = AXIS2_PLACEMENT_3D('',#3321,#3322,#3323);
#3321 = CARTESIAN_POINT('',(0.5,-0.34,6.E-02));
#3322 = DIRECTION('',(1.,0.,-0.));
#3323 = DIRECTION('',(0.,0.,1.));
#3324 = ORIENTED_EDGE('',*,*,#3325,.F.);
#3325 = EDGE_CURVE('',#3232,#3317,#3326,.T.);
#3326 = LINE('',#3327,#3328);
#3327 = CARTESIAN_POINT('',(-0.5,-0.37,6.E-02));
#3328 = VECTOR('',#3329,1.);
#3329 = DIRECTION('',(1.,0.,0.));
#3330 = CYLINDRICAL_SURFACE('',#3331,3.E-02);
#3331 = AXIS2_PLACEMENT_3D('',#3332,#3333,#3334);
#3332 = CARTESIAN_POINT('',(-0.5,-0.34,6.E-02));
#3333 = DIRECTION('',(1.,0.,0.));
#3334 = DIRECTION('',(0.,-1.,0.));
#3335 = ADVANCED_FACE('',(#3336),#3354,.F.);
#3336 = FACE_BOUND('',#3337,.F.);
#3337 = EDGE_LOOP('',(#3338,#3339,#3340,#3348));
#3338 = ORIENTED_EDGE('',*,*,#3293,.F.);
#3339 = ORIENTED_EDGE('',*,*,#3308,.T.);
#3340 = ORIENTED_EDGE('',*,*,#3341,.T.);
#3341 = EDGE_CURVE('',#3309,#3342,#3344,.T.);
#3342 = VERTEX_POINT('',#3343);
#3343 = CARTESIAN_POINT('',(0.5,0.34,3.E-02));
#3344 = LINE('',#3345,#3346);
#3345 = CARTESIAN_POINT('',(0.5,-0.37,3.E-02));
#3346 = VECTOR('',#3347,1.);
#3347 = DIRECTION('',(0.,1.,0.));
#3348 = ORIENTED_EDGE('',*,*,#3349,.F.);
#3349 = EDGE_CURVE('',#3285,#3342,#3350,.T.);
#3350 = LINE('',#3351,#3352);
#3351 = CARTESIAN_POINT('',(-0.5,0.34,3.E-02));
#3352 = VECTOR('',#3353,1.);
#3353 = DIRECTION('',(1.,0.,0.));
#3354 = PLANE('',#3355);
#3355 = AXIS2_PLACEMENT_3D('',#3356,#3357,#3358);
#3356 = CARTESIAN_POINT('',(-0.5,-0.37,3.E-02));
#3357 = DIRECTION('',(0.,0.,1.));
#3358 = DIRECTION('',(1.,0.,-0.));
#3359 = ADVANCED_FACE('',(#3360),#3379,.T.);
#3360 = FACE_BOUND('',#3361,.T.);
#3361 = EDGE_LOOP('',(#3362,#3370,#3377,#3378));
#3362 = ORIENTED_EDGE('',*,*,#3363,.T.);
#3363 = EDGE_CURVE('',#3277,#3364,#3366,.T.);
#3364 = VERTEX_POINT('',#3365);
#3365 = CARTESIAN_POINT('',(0.5,0.37,6.E-02));
#3366 = LINE('',#3367,#3368);
#3367 = CARTESIAN_POINT('',(-0.5,0.37,6.E-02));
#3368 = VECTOR('',#3369,1.);
#3369 = DIRECTION('',(1.,0.,0.));
#3370 = ORIENTED_EDGE('',*,*,#3371,.T.);
#3371 = EDGE_CURVE('',#3364,#3342,#3372,.T.);
#3372 = CIRCLE('',#3373,3.E-02);
#3373 = AXIS2_PLACEMENT_3D('',#3374,#3375,#3376);
#3374 = CARTESIAN_POINT('',(0.5,0.34,6.E-02));
#3375 = DIRECTION('',(-1.,0.,0.));
#3376 = DIRECTION('',(0.,0.,1.));
#3377 = ORIENTED_EDGE('',*,*,#3349,.F.);
#3378 = ORIENTED_EDGE('',*,*,#3284,.F.);
#3379 = CYLINDRICAL_SURFACE('',#3380,3.E-02);
#3380 = AXIS2_PLACEMENT_3D('',#3381,#3382,#3383);
#3381 = CARTESIAN_POINT('',(-0.5,0.34,6.E-02));
#3382 = DIRECTION('',(1.,0.,0.));
#3383 = DIRECTION('',(-0.,1.,0.));
#3384 = ADVANCED_FACE('',(#3385),#3403,.T.);
#3385 = FACE_BOUND('',#3386,.T.);
#3386 = EDGE_LOOP('',(#3387,#3395,#3396,#3397));
#3387 = ORIENTED_EDGE('',*,*,#3388,.F.);
#3388 = EDGE_CURVE('',#3364,#3389,#3391,.T.);
#3389 = VERTEX_POINT('',#3390);
#3390 = CARTESIAN_POINT('',(0.5,0.37,0.74));
#3391 = LINE('',#3392,#3393);
#3392 = CARTESIAN_POINT('',(0.5,0.37,3.E-02));
#3393 = VECTOR('',#3394,1.);
#3394 = DIRECTION('',(0.,0.,1.));
#3395 = ORIENTED_EDGE('',*,*,#3363,.F.);
#3396 = ORIENTED_EDGE('',*,*,#3276,.T.);
#3397 = ORIENTED_EDGE('',*,*,#3398,.T.);
#3398 = EDGE_CURVE('',#3268,#3389,#3399,.T.);
#3399 = LINE('',#3400,#3401);
#3400 = CARTESIAN_POINT('',(-0.5,0.37,0.74));
#3401 = VECTOR('',#3402,1.);
#3402 = DIRECTION('',(1.,0.,0.));
#3403 = PLANE('',#3404);
#3404 = AXIS2_PLACEMENT_3D('',#3405,#3406,#3407);
#3405 = CARTESIAN_POINT('',(-0.5,0.37,3.E-02));
#3406 = DIRECTION('',(0.,1.,0.));
#3407 = DIRECTION('',(0.,-0.,1.));
#3408 = ADVANCED_FACE('',(#3409),#3428,.T.);
#3409 = FACE_BOUND('',#3410,.T.);
#3410 = EDGE_LOOP('',(#3411,#3412,#3420,#3427));
#3411 = ORIENTED_EDGE('',*,*,#3267,.T.);
#3412 = ORIENTED_EDGE('',*,*,#3413,.T.);
#3413 = EDGE_CURVE('',#3260,#3414,#3416,.T.);
#3414 = VERTEX_POINT('',#3415);
#3415 = CARTESIAN_POINT('',(0.5,0.34,0.77));
#3416 = LINE('',#3417,#3418);
#3417 = CARTESIAN_POINT('',(-0.5,0.34,0.77));
#3418 = VECTOR('',#3419,1.);
#3419 = DIRECTION('',(1.,0.,0.));
#3420 = ORIENTED_EDGE('',*,*,#3421,.F.);
#3421 = EDGE_CURVE('',#3389,#3414,#3422,.T.);
#3422 = CIRCLE('',#3423,3.E-02);
#3423 = AXIS2_PLACEMENT_3D('',#3424,#3425,#3426);
#3424 = CARTESIAN_POINT('',(0.5,0.34,0.74));
#3425 = DIRECTION('',(1.,0.,-0.));
#3426 = DIRECTION('',(0.,0.,1.));
#3427 = ORIENTED_EDGE('',*,*,#3398,.F.);
#3428 = CYLINDRICAL_SURFACE('',#3429,3.E-02);
#3429 = AXIS2_PLACEMENT_3D('',#3430,#3431,#3432);
#3430 = CARTESIAN_POINT('',(-0.5,0.34,0.74));
#3431 = DIRECTION('',(1.,0.,0.));
#3432 = DIRECTION('',(-0.,1.,0.));
#3433 = ADVANCED_FACE('',(#3434),#3452,.T.);
#3434 = FACE_BOUND('',#3435,.T.);
#3435 = EDGE_LOOP('',(#3436,#3437,#3445,#3451));
#3436 = ORIENTED_EDGE('',*,*,#3259,.F.);
#3437 = ORIENTED_EDGE('',*,*,#3438,.T.);
#3438 = EDGE_CURVE('',#3251,#3439,#3441,.T.);
#3439 = VERTEX_POINT('',#3440);
#3440 = CARTESIAN_POINT('',(0.5,-0.34,0.77));
#3441 = LINE('',#3442,#3443);
#3442 = CARTESIAN_POINT('',(-0.5,-0.34,0.77));
#3443 = VECTOR('',#3444,1.);
#3444 = DIRECTION('',(1.,0.,0.));
#3445 = ORIENTED_EDGE('',*,*,#3446,.T.);
#3446 = EDGE_CURVE('',#3439,#3414,#3447,.T.);
#3447 = LINE('',#3448,#3449);
#3448 = CARTESIAN_POINT('',(0.5,-0.37,0.77));
#3449 = VECTOR('',#3450,1.);
#3450 = DIRECTION('',(0.,1.,0.));
#3451 = ORIENTED_EDGE('',*,*,#3413,.F.);
#3452 = PLANE('',#3453);
#3453 = AXIS2_PLACEMENT_3D('',#3454,#3455,#3456);
#3454 = CARTESIAN_POINT('',(-0.5,-0.37,0.77));
#3455 = DIRECTION('',(0.,0.,1.));
#3456 = DIRECTION('',(1.,0.,-0.));
#3457 = ADVANCED_FACE('',(#3458),#3477,.T.);
#3458 = FACE_BOUND('',#3459,.T.);
#3459 = EDGE_LOOP('',(#3460,#3468,#3475,#3476));
#3460 = ORIENTED_EDGE('',*,*,#3461,.T.);
#3461 = EDGE_CURVE('',#3243,#3462,#3464,.T.);
#3462 = VERTEX_POINT('',#3463);
#3463 = CARTESIAN_POINT('',(0.5,-0.37,0.74));
#3464 = LINE('',#3465,#3466);
#3465 = CARTESIAN_POINT('',(-0.5,-0.37,0.74));
#3466 = VECTOR('',#3467,1.);
#3467 = DIRECTION('',(1.,0.,0.));
#3468 = ORIENTED_EDGE('',*,*,#3469,.T.);
#3469 = EDGE_CURVE('',#3462,#3439,#3470,.T.);
#3470 = CIRCLE('',#3471,3.E-02);
#3471 = AXIS2_PLACEMENT_3D('',#3472,#3473,#3474);
#3472 = CARTESIAN_POINT('',(0.5,-0.34,0.74));
#3473 = DIRECTION('',(-1.,0.,0.));
#3474 = DIRECTION('',(0.,0.,1.));
#3475 = ORIENTED_EDGE('',*,*,#3438,.F.);
#3476 = ORIENTED_EDGE('',*,*,#3250,.F.);
#3477 = CYLINDRICAL_SURFACE('',#3478,3.E-02);
#3478 = AXIS2_PLACEMENT_3D('',#3479,#3480,#3481);
#3479 = CARTESIAN_POINT('',(-0.5,-0.34,0.74));
#3480 = DIRECTION('',(1.,0.,0.));
#3481 = DIRECTION('',(0.,-1.,0.));
#3482 = ADVANCED_FACE('',(#3483),#3494,.F.);
#3483 = FACE_BOUND('',#3484,.F.);
#3484 = EDGE_LOOP('',(#3485,#3491,#3492,#3493));
#3485 = ORIENTED_EDGE('',*,*,#3486,.F.);
#3486 = EDGE_CURVE('',#3317,#3462,#3487,.T.);
#3487 = LINE('',#3488,#3489);
#3488 = CARTESIAN_POINT('',(0.5,-0.37,3.E-02));
#3489 = VECTOR('',#3490,1.);
#3490 = DIRECTION('',(0.,0.,1.));
#3491 = ORIENTED_EDGE('',*,*,#3325,.F.);
#3492 = ORIENTED_EDGE('',*,*,#3242,.T.);
#3493 = ORIENTED_EDGE('',*,*,#3461,.T.);
#3494 = PLANE('',#3495);
#3495 = AXIS2_PLACEMENT_3D('',#3496,#3497,#3498);
#3496 = CARTESIAN_POINT('',(-0.5,-0.37,3.E-02));
#3497 = DIRECTION('',(0.,1.,0.));
#3498 = DIRECTION('',(0.,-0.,1.));
#3499 = ADVANCED_FACE('',(#3500,#3570),#3580,.F.);
#3500 = FACE_BOUND('',#3501,.F.);
#3501 = EDGE_LOOP('',(#3502,#3512,#3521,#3529,#3538,#3546,#3555,#3563));
#3502 = ORIENTED_EDGE('',*,*,#3503,.F.);
#3503 = EDGE_CURVE('',#3504,#3506,#3508,.T.);
#3504 = VERTEX_POINT('',#3505);
#3505 = CARTESIAN_POINT('',(0.5,-0.4,3.E-02));
#3506 = VERTEX_POINT('',#3507);
#3507 = CARTESIAN_POINT('',(0.5,-0.4,0.77));
#3508 = LINE('',#3509,#3510);
#3509 = CARTESIAN_POINT('',(0.5,-0.4,0.));
#3510 = VECTOR('',#3511,1.);
#3511 = DIRECTION('',(0.,0.,1.));
#3512 = ORIENTED_EDGE('',*,*,#3513,.T.);
#3513 = EDGE_CURVE('',#3504,#3514,#3516,.T.);
#3514 = VERTEX_POINT('',#3515);
#3515 = CARTESIAN_POINT('',(0.5,-0.37,0.));
#3516 = CIRCLE('',#3517,3.E-02);
#3517 = AXIS2_PLACEMENT_3D('',#3518,#3519,#3520);
#3518 = CARTESIAN_POINT('',(0.5,-0.37,3.E-02));
#3519 = DIRECTION('',(1.,0.,-0.));
#3520 = DIRECTION('',(0.,0.,1.));
#3521 = ORIENTED_EDGE('',*,*,#3522,.T.);
#3522 = EDGE_CURVE('',#3514,#3523,#3525,.T.);
#3523 = VERTEX_POINT('',#3524);
#3524 = CARTESIAN_POINT('',(0.5,0.37,0.));
#3525 = LINE('',#3526,#3527);
#3526 = CARTESIAN_POINT('',(0.5,-0.4,0.));
#3527 = VECTOR('',#3528,1.);
#3528 = DIRECTION('',(0.,1.,0.));
#3529 = ORIENTED_EDGE('',*,*,#3530,.F.);
#3530 = EDGE_CURVE('',#3531,#3523,#3533,.T.);
#3531 = VERTEX_POINT('',#3532);
#3532 = CARTESIAN_POINT('',(0.5,0.4,3.E-02));
#3533 = CIRCLE('',#3534,3.E-02);
#3534 = AXIS2_PLACEMENT_3D('',#3535,#3536,#3537);
#3535 = CARTESIAN_POINT('',(0.5,0.37,3.E-02));
#3536 = DIRECTION('',(-1.,0.,0.));
#3537 = DIRECTION('',(0.,0.,1.));
#3538 = ORIENTED_EDGE('',*,*,#3539,.T.);
#3539 = EDGE_CURVE('',#3531,#3540,#3542,.T.);
#3540 = VERTEX_POINT('',#3541);
#3541 = CARTESIAN_POINT('',(0.5,0.4,0.77));
#3542 = LINE('',#3543,#3544);
#3543 = CARTESIAN_POINT('',(0.5,0.4,0.));
#3544 = VECTOR('',#3545,1.);
#3545 = DIRECTION('',(0.,0.,1.));
#3546 = ORIENTED_EDGE('',*,*,#3547,.T.);
#3547 = EDGE_CURVE('',#3540,#3548,#3550,.T.);
#3548 = VERTEX_POINT('',#3549);
#3549 = CARTESIAN_POINT('',(0.5,0.37,0.8));
#3550 = CIRCLE('',#3551,3.E-02);
#3551 = AXIS2_PLACEMENT_3D('',#3552,#3553,#3554);
#3552 = CARTESIAN_POINT('',(0.5,0.37,0.77));
#3553 = DIRECTION('',(1.,0.,-0.));
#3554 = DIRECTION('',(0.,0.,1.));
#3555 = ORIENTED_EDGE('',*,*,#3556,.F.);
#3556 = EDGE_CURVE('',#3557,#3548,#3559,.T.);
#3557 = VERTEX_POINT('',#3558);
#3558 = CARTESIAN_POINT('',(0.5,-0.37,0.8));
#3559 = LINE('',#3560,#3561);
#3560 = CARTESIAN_POINT('',(0.5,-0.4,0.8));
#3561 = VECTOR('',#3562,1.);
#3562 = DIRECTION('',(0.,1.,0.));
#3563 = ORIENTED_EDGE('',*,*,#3564,.F.);
#3564 = EDGE_CURVE('',#3506,#3557,#3565,.T.);
#3565 = CIRCLE('',#3566,3.E-02);
#3566 = AXIS2_PLACEMENT_3D('',#3567,#3568,#3569);
#3567 = CARTESIAN_POINT('',(0.5,-0.37,0.77));
#3568 = DIRECTION('',(-1.,0.,0.));
#3569 = DIRECTION('',(0.,0.,1.));
#3570 = FACE_BOUND('',#3571,.F.);
#3571 = EDGE_LOOP('',(#3572,#3573,#3574,#3575,#3576,#3577,#3578,#3579));
#3572 = ORIENTED_EDGE('',*,*,#3316,.F.);
#3573 = ORIENTED_EDGE('',*,*,#3486,.T.);
#3574 = ORIENTED_EDGE('',*,*,#3469,.T.);
#3575 = ORIENTED_EDGE('',*,*,#3446,.T.);
#3576 = ORIENTED_EDGE('',*,*,#3421,.F.);
#3577 = ORIENTED_EDGE('',*,*,#3388,.F.);
#3578 = ORIENTED_EDGE('',*,*,#3371,.T.);
#3579 = ORIENTED_EDGE('',*,*,#3341,.F.);
#3580 = PLANE('',#3581);
#3581 = AXIS2_PLACEMENT_3D('',#3582,#3583,#3584);
#3582 = CARTESIAN_POINT('',(0.5,-0.4,0.));
#3583 = DIRECTION('',(1.,0.,0.));
#3584 = DIRECTION('',(0.,0.,1.));
#3585 = ADVANCED_FACE('',(#3586),#3611,.F.);
#3586 = FACE_BOUND('',#3587,.F.);
#3587 = EDGE_LOOP('',(#3588,#3598,#3604,#3605));
#3588 = ORIENTED_EDGE('',*,*,#3589,.F.);
#3589 = EDGE_CURVE('',#3590,#3592,#3594,.T.);
#3590 = VERTEX_POINT('',#3591);
#3591 = CARTESIAN_POINT('',(0.8,-0.4,3.E-02));
#3592 = VERTEX_POINT('',#3593);
#3593 = CARTESIAN_POINT('',(0.8,-0.4,0.77));
#3594 = LINE('',#3595,#3596);
#3595 = CARTESIAN_POINT('',(0.8,-0.4,0.));
#3596 = VECTOR('',#3597,1.);
#3597 = DIRECTION('',(0.,0.,1.));
#3598 = ORIENTED_EDGE('',*,*,#3599,.F.);
#3599 = EDGE_CURVE('',#3504,#3590,#3600,.T.);
#3600 = LINE('',#3601,#3602);
#3601 = CARTESIAN_POINT('',(0.5,-0.4,3.E-02));
#3602 = VECTOR('',#3603,1.);
#3603 = DIRECTION('',(1.,0.,0.));
#3604 = ORIENTED_EDGE('',*,*,#3503,.T.);
#3605 = ORIENTED_EDGE('',*,*,#3606,.T.);
#3606 = EDGE_CURVE('',#3506,#3592,#3607,.T.);
#3607 = LINE('',#3608,#3609);
#3608 = CARTESIAN_POINT('',(0.5,-0.4,0.77));
#3609 = VECTOR('',#3610,1.);
#3610 = DIRECTION('',(1.,0.,0.));
#3611 = PLANE('',#3612);
#3612 = AXIS2_PLACEMENT_3D('',#3613,#3614,#3615);
#3613 = CARTESIAN_POINT('',(0.5,-0.4,0.));
#3614 = DIRECTION('',(0.,1.,0.));
#3615 = DIRECTION('',(0.,-0.,1.));
#3616 = ADVANCED_FACE('',(#3617),#3636,.T.);
#3617 = FACE_BOUND('',#3618,.T.);
#3618 = EDGE_LOOP('',(#3619,#3620,#3628,#3635));
#3619 = ORIENTED_EDGE('',*,*,#3513,.T.);
#3620 = ORIENTED_EDGE('',*,*,#3621,.T.);
#3621 = EDGE_CURVE('',#3514,#3622,#3624,.T.);
#3622 = VERTEX_POINT('',#3623);
#3623 = CARTESIAN_POINT('',(0.8,-0.37,0.));
#3624 = LINE('',#3625,#3626);
#3625 = CARTESIAN_POINT('',(0.5,-0.37,0.));
#3626 = VECTOR('',#3627,1.);
#3627 = DIRECTION('',(1.,0.,0.));
#3628 = ORIENTED_EDGE('',*,*,#3629,.F.);
#3629 = EDGE_CURVE('',#3590,#3622,#3630,.T.);
#3630 = CIRCLE('',#3631,3.E-02);
#3631 = AXIS2_PLACEMENT_3D('',#3632,#3633,#3634);
#3632 = CARTESIAN_POINT('',(0.8,-0.37,3.E-02));
#3633 = DIRECTION('',(1.,0.,-0.));
#3634 = DIRECTION('',(0.,0.,1.));
#3635 = ORIENTED_EDGE('',*,*,#3599,.F.);
#3636 = CYLINDRICAL_SURFACE('',#3637,3.E-02);
#3637 = AXIS2_PLACEMENT_3D('',#3638,#3639,#3640);
#3638 = CARTESIAN_POINT('',(0.5,-0.37,3.E-02));
#3639 = DIRECTION('',(1.,0.,0.));
#3640 = DIRECTION('',(0.,-1.,0.));
#3641 = ADVANCED_FACE('',(#3642),#3661,.T.);
#3642 = FACE_BOUND('',#3643,.T.);
#3643 = EDGE_LOOP('',(#3644,#3645,#3654,#3660));
#3644 = ORIENTED_EDGE('',*,*,#3606,.T.);
#3645 = ORIENTED_EDGE('',*,*,#3646,.T.);
#3646 = EDGE_CURVE('',#3592,#3647,#3649,.T.);
#3647 = VERTEX_POINT('',#3648);
#3648 = CARTESIAN_POINT('',(0.8,-0.37,0.8));
#3649 = CIRCLE('',#3650,3.E-02);
#3650 = AXIS2_PLACEMENT_3D('',#3651,#3652,#3653);
#3651 = CARTESIAN_POINT('',(0.8,-0.37,0.77));
#3652 = DIRECTION('',(-1.,0.,0.));
#3653 = DIRECTION('',(0.,0.,1.));
#3654 = ORIENTED_EDGE('',*,*,#3655,.F.);
#3655 = EDGE_CURVE('',#3557,#3647,#3656,.T.);
#3656 = LINE('',#3657,#3658);
#3657 = CARTESIAN_POINT('',(0.5,-0.37,0.8));
#3658 = VECTOR('',#3659,1.);
#3659 = DIRECTION('',(1.,0.,0.));
#3660 = ORIENTED_EDGE('',*,*,#3564,.F.);
#3661 = CYLINDRICAL_SURFACE('',#3662,3.E-02);
#3662 = AXIS2_PLACEMENT_3D('',#3663,#3664,#3665);
#3663 = CARTESIAN_POINT('',(0.5,-0.37,0.77));
#3664 = DIRECTION('',(1.,0.,0.));
#3665 = DIRECTION('',(0.,-1.,0.));
#3666 = ADVANCED_FACE('',(#3667),#3685,.F.);
#3667 = FACE_BOUND('',#3668,.F.);
#3668 = EDGE_LOOP('',(#3669,#3670,#3671,#3679));
#3669 = ORIENTED_EDGE('',*,*,#3522,.F.);
#3670 = ORIENTED_EDGE('',*,*,#3621,.T.);
#3671 = ORIENTED_EDGE('',*,*,#3672,.T.);
#3672 = EDGE_CURVE('',#3622,#3673,#3675,.T.);
#3673 = VERTEX_POINT('',#3674);
#3674 = CARTESIAN_POINT('',(0.8,0.37,0.));
#3675 = LINE('',#3676,#3677);
#3676 = CARTESIAN_POINT('',(0.8,-0.4,0.));
#3677 = VECTOR('',#3678,1.);
#3678 = DIRECTION('',(0.,1.,0.));
#3679 = ORIENTED_EDGE('',*,*,#3680,.F.);
#3680 = EDGE_CURVE('',#3523,#3673,#3681,.T.);
#3681 = LINE('',#3682,#3683);
#3682 = CARTESIAN_POINT('',(0.5,0.37,0.));
#3683 = VECTOR('',#3684,1.);
#3684 = DIRECTION('',(1.,0.,0.));
#3685 = PLANE('',#3686);
#3686 = AXIS2_PLACEMENT_3D('',#3687,#3688,#3689);
#3687 = CARTESIAN_POINT('',(0.5,-0.4,0.));
#3688 = DIRECTION('',(0.,0.,1.));
#3689 = DIRECTION('',(1.,0.,-0.));
#3690 = ADVANCED_FACE('',(#3691),#3709,.T.);
#3691 = FACE_BOUND('',#3692,.T.);
#3692 = EDGE_LOOP('',(#3693,#3694,#3695,#3703));
#3693 = ORIENTED_EDGE('',*,*,#3556,.F.);
#3694 = ORIENTED_EDGE('',*,*,#3655,.T.);
#3695 = ORIENTED_EDGE('',*,*,#3696,.T.);
#3696 = EDGE_CURVE('',#3647,#3697,#3699,.T.);
#3697 = VERTEX_POINT('',#3698);
#3698 = CARTESIAN_POINT('',(0.8,0.37,0.8));
#3699 = LINE('',#3700,#3701);
#3700 = CARTESIAN_POINT('',(0.8,-0.4,0.8));
#3701 = VECTOR('',#3702,1.);
#3702 = DIRECTION('',(0.,1.,0.));
#3703 = ORIENTED_EDGE('',*,*,#3704,.F.);
#3704 = EDGE_CURVE('',#3548,#3697,#3705,.T.);
#3705 = LINE('',#3706,#3707);
#3706 = CARTESIAN_POINT('',(0.5,0.37,0.8));
#3707 = VECTOR('',#3708,1.);
#3708 = DIRECTION('',(1.,0.,0.));
#3709 = PLANE('',#3710);
#3710 = AXIS2_PLACEMENT_3D('',#3711,#3712,#3713);
#3711 = CARTESIAN_POINT('',(0.5,-0.4,0.8));
#3712 = DIRECTION('',(0.,0.,1.));
#3713 = DIRECTION('',(1.,0.,-0.));
#3714 = ADVANCED_FACE('',(#3715),#3734,.T.);
#3715 = FACE_BOUND('',#3716,.T.);
#3716 = EDGE_LOOP('',(#3717,#3725,#3732,#3733));
#3717 = ORIENTED_EDGE('',*,*,#3718,.T.);
#3718 = EDGE_CURVE('',#3531,#3719,#3721,.T.);
#3719 = VERTEX_POINT('',#3720);
#3720 = CARTESIAN_POINT('',(0.8,0.4,3.E-02));
#3721 = LINE('',#3722,#3723);
#3722 = CARTESIAN_POINT('',(0.5,0.4,3.E-02));
#3723 = VECTOR('',#3724,1.);
#3724 = DIRECTION('',(1.,0.,0.));
#3725 = ORIENTED_EDGE('',*,*,#3726,.T.);
#3726 = EDGE_CURVE('',#3719,#3673,#3727,.T.);
#3727 = CIRCLE('',#3728,3.E-02);
#3728 = AXIS2_PLACEMENT_3D('',#3729,#3730,#3731);
#3729 = CARTESIAN_POINT('',(0.8,0.37,3.E-02));
#3730 = DIRECTION('',(-1.,0.,0.));
#3731 = DIRECTION('',(0.,0.,1.));
#3732 = ORIENTED_EDGE('',*,*,#3680,.F.);
#3733 = ORIENTED_EDGE('',*,*,#3530,.F.);
#3734 = CYLINDRICAL_SURFACE('',#3735,3.E-02);
#3735 = AXIS2_PLACEMENT_3D('',#3736,#3737,#3738);
#3736 = CARTESIAN_POINT('',(0.5,0.37,3.E-02));
#3737 = DIRECTION('',(1.,0.,0.));
#3738 = DIRECTION('',(-0.,1.,0.));
#3739 = ADVANCED_FACE('',(#3740),#3759,.T.);
#3740 = FACE_BOUND('',#3741,.T.);
#3741 = EDGE_LOOP('',(#3742,#3743,#3744,#3753));
#3742 = ORIENTED_EDGE('',*,*,#3547,.T.);
#3743 = ORIENTED_EDGE('',*,*,#3704,.T.);
#3744 = ORIENTED_EDGE('',*,*,#3745,.F.);
#3745 = EDGE_CURVE('',#3746,#3697,#3748,.T.);
#3746 = VERTEX_POINT('',#3747);
#3747 = CARTESIAN_POINT('',(0.8,0.4,0.77));
#3748 = CIRCLE('',#3749,3.E-02);
#3749 = AXIS2_PLACEMENT_3D('',#3750,#3751,#3752);
#3750 = CARTESIAN_POINT('',(0.8,0.37,0.77));
#3751 = DIRECTION('',(1.,0.,-0.));
#3752 = DIRECTION('',(0.,0.,1.));
#3753 = ORIENTED_EDGE('',*,*,#3754,.F.);
#3754 = EDGE_CURVE('',#3540,#3746,#3755,.T.);
#3755 = LINE('',#3756,#3757);
#3756 = CARTESIAN_POINT('',(0.5,0.4,0.77));
#3757 = VECTOR('',#3758,1.);
#3758 = DIRECTION('',(1.,0.,0.));
#3759 = CYLINDRICAL_SURFACE('',#3760,3.E-02);
#3760 = AXIS2_PLACEMENT_3D('',#3761,#3762,#3763);
#3761 = CARTESIAN_POINT('',(0.5,0.37,0.77));
#3762 = DIRECTION('',(1.,0.,0.));
#3763 = DIRECTION('',(-0.,1.,0.));
#3764 = ADVANCED_FACE('',(#3765),#3776,.T.);
#3765 = FACE_BOUND('',#3766,.T.);
#3766 = EDGE_LOOP('',(#3767,#3773,#3774,#3775));
#3767 = ORIENTED_EDGE('',*,*,#3768,.F.);
#3768 = EDGE_CURVE('',#3719,#3746,#3769,.T.);
#3769 = LINE('',#3770,#3771);
#3770 = CARTESIAN_POINT('',(0.8,0.4,0.));
#3771 = VECTOR('',#3772,1.);
#3772 = DIRECTION('',(0.,0.,1.));
#3773 = ORIENTED_EDGE('',*,*,#3718,.F.);
#3774 = ORIENTED_EDGE('',*,*,#3539,.T.);
#3775 = ORIENTED_EDGE('',*,*,#3754,.T.);
#3776 = PLANE('',#3777);
#3777 = AXIS2_PLACEMENT_3D('',#3778,#3779,#3780);
#3778 = CARTESIAN_POINT('',(0.5,0.4,0.));
#3779 = DIRECTION('',(0.,1.,0.));
#3780 = DIRECTION('',(0.,-0.,1.));
#3781 = ADVANCED_FACE('',(#3782),#3792,.T.);
#3782 = FACE_BOUND('',#3783,.T.);
#3783 = EDGE_LOOP('',(#3784,#3785,#3786,#3787,#3788,#3789,#3790,#3791));
#3784 = ORIENTED_EDGE('',*,*,#3589,.F.);
#3785 = ORIENTED_EDGE('',*,*,#3629,.T.);
#3786 = ORIENTED_EDGE('',*,*,#3672,.T.);
#3787 = ORIENTED_EDGE('',*,*,#3726,.F.);
#3788 = ORIENTED_EDGE('',*,*,#3768,.T.);
#3789 = ORIENTED_EDGE('',*,*,#3745,.T.);
#3790 = ORIENTED_EDGE('',*,*,#3696,.F.);
#3791 = ORIENTED_EDGE('',*,*,#3646,.F.);
#3792 = PLANE('',#3793);
#3793 = AXIS2_PLACEMENT_3D('',#3794,#3795,#3796);
#3794 = CARTESIAN_POINT('',(0.8,-0.4,0.));
#3795 = DIRECTION('',(1.,0.,0.));
#3796 = DIRECTION('',(0.,0.,1.));
#3797 = ( GEOMETRIC_REPRESENTATION_CONTEXT(3) 
GLOBAL_UNCERTAINTY_ASSIGNED_CONTEXT((#3801)) 
GLOBAL_UNIT_ASSIGNED_CONTEXT((#3798,#3799,#3800)) REPRESENTATION_CONTEXT
('Context #1','3D Context with UNIT and UNCERTAINTY') );
#3798 = ( LENGTH_UNIT() NAMED_UNIT(*) SI_UNIT(.MILLI.,.METRE.) );
#3799 = ( NAMED_UNIT(*) PLANE_ANGLE_UNIT() SI_UNIT($,.RADIAN.) );
#3800 = ( NAMED_UNIT(*) SI_UNIT($,.STERADIAN.) SOLID_ANGLE_UNIT() );
#3801 = UNCERTAINTY_MEASURE_WITH_UNIT(LENGTH_MEASURE(1.E-07),#3798,
  'distance_accuracy_value','confusion accuracy');
#3802 = CONTEXT_DEPENDENT_SHAPE_REPRESENTATION(#3803,#3805);
#3803 = ( REPRESENTATION_RELATIONSHIP('','',#2942,#10) 
REPRESENTATION_RELATIONSHIP_WITH_TRANSFORMATION(#3804) 
SHAPE_REPRESENTATION_RELATIONSHIP() );
#3804 = ITEM_DEFINED_TRANSFORMATION('','',#11,#271);
#3805 = PRODUCT_DEFINITION_SHAPE('Placement','Placement of an item',
  #3806);
#3806 = NEXT_ASSEMBLY_USAGE_OCCURRENCE('65','C17','',#5,#2937,$);
#3807 = PRODUCT_RELATED_PRODUCT_CATEGORY('part',$,(#2939));
#3808 = CONTEXT_DEPENDENT_SHAPE_REPRESENTATION(#3809,#3811);
#3809 = ( REPRESENTATION_RELATIONSHIP('','',#2942,#10) 
REPRESENTATION_RELATIONSHIP_WITH_TRANSFORMATION(#3810) 
SHAPE_REPRESENTATION_RELATIONSHIP() );
#3810 = ITEM_DEFINED_TRANSFORMATION('','',#11,#275);
#3811 = PRODUCT_DEFINITION_SHAPE('Placement','Placement of an item',
  #3812);
#3812 = NEXT_ASSEMBLY_USAGE_OCCURRENCE('66','C33','',#5,#2937,$);
#3813 = CONTEXT_DEPENDENT_SHAPE_REPRESENTATION(#3814,#3816);
#3814 = ( REPRESENTATION_RELATIONSHIP('','',#2942,#10) 
REPRESENTATION_RELATIONSHIP_WITH_TRANSFORMATION(#3815) 
SHAPE_REPRESENTATION_RELATIONSHIP() );
#3815 = ITEM_DEFINED_TRANSFORMATION('','',#11,#279);
#3816 = PRODUCT_DEFINITION_SHAPE('Placement','Placement of an item',
  #3817);
#3817 = NEXT_ASSEMBLY_USAGE_OCCURRENCE('67','C7','',#5,#2937,$);
#3818 = CONTEXT_DEPENDENT_SHAPE_REPRESENTATION(#3819,#3821);
#3819 = ( REPRESENTATION_RELATIONSHIP('','',#2942,#10) 
REPRESENTATION_RELATIONSHIP_WITH_TRANSFORMATION(#3820) 
SHAPE_REPRESENTATION_RELATIONSHIP() );
#3820 = ITEM_DEFINED_TRANSFORMATION('','',#11,#283);
#3821 = PRODUCT_DEFINITION_SHAPE('Placement','Placement of an item',
  #3822);
#3822 = NEXT_ASSEMBLY_USAGE_OCCURRENCE('68','C53','',#5,#2937,$);
#3823 = CONTEXT_DEPENDENT_SHAPE_REPRESENTATION(#3824,#3826);
#3824 = ( REPRESENTATION_RELATIONSHIP('','',#2942,#10) 
REPRESENTATION_RELATIONSHIP_WITH_TRANSFORMATION(#3825) 
SHAPE_REPRESENTATION_RELATIONSHIP() );
#3825 = ITEM_DEFINED_TRANSFORMATION('','',#11,#287);
#3826 = PRODUCT_DEFINITION_SHAPE('Placement','Placement of an item',
  #3827);
#3827 = NEXT_ASSEMBLY_USAGE_OCCURRENCE('69','C64','',#5,#2937,$);
#3828 = CONTEXT_DEPENDENT_SHAPE_REPRESENTATION(#3829,#3831);
#3829 = ( REPRESENTATION_RELATIONSHIP('','',#2942,#10) 
REPRESENTATION_RELATIONSHIP_WITH_TRANSFORMATION(#3830) 
SHAPE_REPRESENTATION_RELATIONSHIP() );
#3830 = ITEM_DEFINED_TRANSFORMATION('','',#11,#291);
#3831 = PRODUCT_DEFINITION_SHAPE('Placement','Placement of an item',
  #3832);
#3832 = NEXT_ASSEMBLY_USAGE_OCCURRENCE('70','C9','',#5,#2937,$);
#3833 = CONTEXT_DEPENDENT_SHAPE_REPRESENTATION(#3834,#3836);
#3834 = ( REPRESENTATION_RELATIONSHIP('','',#2942,#10) 
REPRESENTATION_RELATIONSHIP_WITH_TRANSFORMATION(#3835) 
SHAPE_REPRESENTATION_RELATIONSHIP() );
#3835 = ITEM_DEFINED_TRANSFORMATION('','',#11,#295);
#3836 = PRODUCT_DEFINITION_SHAPE('Placement','Placement of an item',
  #3837);
#3837 = NEXT_ASSEMBLY_USAGE_OCCURRENCE('71','C27','',#5,#2937,$);
#3838 = CONTEXT_DEPENDENT_SHAPE_REPRESENTATION(#3839,#3841);
#3839 = ( REPRESENTATION_RELATIONSHIP('','',#2942,#10) 
REPRESENTATION_RELATIONSHIP_WITH_TRANSFORMATION(#3840) 
SHAPE_REPRESENTATION_RELATIONSHIP() );
#3840 = ITEM_DEFINED_TRANSFORMATION('','',#11,#299);
#3841 = PRODUCT_DEFINITION_SHAPE('Placement','Placement of an item',
  #3842);
#3842 = NEXT_ASSEMBLY_USAGE_OCCURRENCE('72','C39','',#5,#2937,$);
#3843 = CONTEXT_DEPENDENT_SHAPE_REPRESENTATION(#3844,#3846);
#3844 = ( REPRESENTATION_RELATIONSHIP('','',#2942,#10) 
REPRESENTATION_RELATIONSHIP_WITH_TRANSFORMATION(#3845) 
SHAPE_REPRESENTATION_RELATIONSHIP() );
#3845 = ITEM_DEFINED_TRANSFORMATION('','',#11,#303);
#3846 = PRODUCT_DEFINITION_SHAPE('Placement','Placement of an item',
  #3847);
#3847 = NEXT_ASSEMBLY_USAGE_OCCURRENCE('73','C11','',#5,#2937,$);
#3848 = CONTEXT_DEPENDENT_SHAPE_REPRESENTATION(#3849,#3851);
#3849 = ( REPRESENTATION_RELATIONSHIP('','',#2942,#10) 
REPRESENTATION_RELATIONSHIP_WITH_TRANSFORMATION(#3850) 
SHAPE_REPRESENTATION_RELATIONSHIP() );
#3850 = ITEM_DEFINED_TRANSFORMATION('','',#11,#307);
#3851 = PRODUCT_DEFINITION_SHAPE('Placement','Placement of an item',
  #3852);
#3852 = NEXT_ASSEMBLY_USAGE_OCCURRENCE('74','C57','',#5,#2937,$);
#3853 = CONTEXT_DEPENDENT_SHAPE_REPRESENTATION(#3854,#3856);
#3854 = ( REPRESENTATION_RELATIONSHIP('','',#2942,#10) 
REPRESENTATION_RELATIONSHIP_WITH_TRANSFORMATION(#3855) 
SHAPE_REPRESENTATION_RELATIONSHIP() );
#3855 = ITEM_DEFINED_TRANSFORMATION('','',#11,#311);
#3856 = PRODUCT_DEFINITION_SHAPE('Placement','Placement of an item',
  #3857);
#3857 = NEXT_ASSEMBLY_USAGE_OCCURRENCE('75','C34','',#5,#2937,$);
#3858 = CONTEXT_DEPENDENT_SHAPE_REPRESENTATION(#3859,#3861);
#3859 = ( REPRESENTATION_RELATIONSHIP('','',#2942,#10) 
REPRESENTATION_RELATIONSHIP_WITH_TRANSFORMATION(#3860) 
SHAPE_REPRESENTATION_RELATIONSHIP() );
#3860 = ITEM_DEFINED_TRANSFORMATION('','',#11,#315);
#3861 = PRODUCT_DEFINITION_SHAPE('Placement','Placement of an item',
  #3862);
#3862 = NEXT_ASSEMBLY_USAGE_OCCURRENCE('76','C62','',#5,#2937,$);
#3863 = CONTEXT_DEPENDENT_SHAPE_REPRESENTATION(#3864,#3866);
#3864 = ( REPRESENTATION_RELATIONSHIP('','',#2942,#10) 
REPRESENTATION_RELATIONSHIP_WITH_TRANSFORMATION(#3865) 
SHAPE_REPRESENTATION_RELATIONSHIP() );
#3865 = ITEM_DEFINED_TRANSFORMATION('','',#11,#319);
#3866 = PRODUCT_DEFINITION_SHAPE('Placement','Placement of an item',
  #3867);
#3867 = NEXT_ASSEMBLY_USAGE_OCCURRENCE('77','C12','',#5,#2937,$);
#3868 = CONTEXT_DEPENDENT_SHAPE_REPRESENTATION(#3869,#3871);
#3869 = ( REPRESENTATION_RELATIONSHIP('','',#2942,#10) 
REPRESENTATION_RELATIONSHIP_WITH_TRANSFORMATION(#3870) 
SHAPE_REPRESENTATION_RELATIONSHIP() );
#3870 = ITEM_DEFINED_TRANSFORMATION('','',#11,#323);
#3871 = PRODUCT_DEFINITION_SHAPE('Placement','Placement of an item',
  #3872);
#3872 = NEXT_ASSEMBLY_USAGE_OCCURRENCE('78','C14','',#5,#2937,$);
#3873 = CONTEXT_DEPENDENT_SHAPE_REPRESENTATION(#3874,#3876);
#3874 = ( REPRESENTATION_RELATIONSHIP('','',#2942,#10) 
REPRESENTATION_RELATIONSHIP_WITH_TRANSFORMATION(#3875) 
SHAPE_REPRESENTATION_RELATIONSHIP() );
#3875 = ITEM_DEFINED_TRANSFORMATION('','',#11,#327);
#3876 = PRODUCT_DEFINITION_SHAPE('Placement','Placement of an item',
  #3877);
#3877 = NEXT_ASSEMBLY_USAGE_OCCURRENCE('79','C44','',#5,#2937,$);
#3878 = CONTEXT_DEPENDENT_SHAPE_REPRESENTATION(#3879,#3881);
#3879 = ( REPRESENTATION_RELATIONSHIP('','',#2942,#10) 
REPRESENTATION_RELATIONSHIP_WITH_TRANSFORMATION(#3880) 
SHAPE_REPRESENTATION_RELATIONSHIP() );
#3880 = ITEM_DEFINED_TRANSFORMATION('','',#11,#331);
#3881 = PRODUCT_DEFINITION_SHAPE('Placement','Placement of an item',
  #3882);
#3882 = NEXT_ASSEMBLY_USAGE_OCCURRENCE('80','C59','',#5,#2937,$);
#3883 = CONTEXT_DEPENDENT_SHAPE_REPRESENTATION(#3884,#3886);
#3884 = ( REPRESENTATION_RELATIONSHIP('','',#2942,#10) 
REPRESENTATION_RELATIONSHIP_WITH_TRANSFORMATION(#3885) 
SHAPE_REPRESENTATION_RELATIONSHIP() );
#3885 = ITEM_DEFINED_TRANSFORMATION('','',#11,#335);
#3886 = PRODUCT_DEFINITION_SHAPE('Placement','Placement of an item',
  #3887);
#3887 = NEXT_ASSEMBLY_USAGE_OCCURRENCE('81','C38','',#5,#2937,$);
#3888 = CONTEXT_DEPENDENT_SHAPE_REPRESENTATION(#3889,#3891);
#3889 = ( REPRESENTATION_RELATIONSHIP('','',#2942,#10) 
REPRESENTATION_RELATIONSHIP_WITH_TRANSFORMATION(#3890) 
SHAPE_REPRESENTATION_RELATIONSHIP() );
#3890 = ITEM_DEFINED_TRANSFORMATION('','',#11,#339);
#3891 = PRODUCT_DEFINITION_SHAPE('Placement','Placement of an item',
  #3892);
#3892 = NEXT_ASSEMBLY_USAGE_OCCURRENCE('82','C47','',#5,#2937,$);
#3893 = CONTEXT_DEPENDENT_SHAPE_REPRESENTATION(#3894,#3896);
#3894 = ( REPRESENTATION_RELATIONSHIP('','',#2942,#10) 
REPRESENTATION_RELATIONSHIP_WITH_TRANSFORMATION(#3895) 
SHAPE_REPRESENTATION_RELATIONSHIP() );
#3895 = ITEM_DEFINED_TRANSFORMATION('','',#11,#343);
#3896 = PRODUCT_DEFINITION_SHAPE('Placement','Placement of an item',
  #3897);
#3897 = NEXT_ASSEMBLY_USAGE_OCCURRENCE('83','C21','',#5,#2937,$);
#3898 = CONTEXT_DEPENDENT_SHAPE_REPRESENTATION(#3899,#3901);
#3899 = ( REPRESENTATION_RELATIONSHIP('','',#2942,#10) 
REPRESENTATION_RELATIONSHIP_WITH_TRANSFORMATION(#3900) 
SHAPE_REPRESENTATION_RELATIONSHIP() );
#3900 = ITEM_DEFINED_TRANSFORMATION('','',#11,#347);
#3901 = PRODUCT_DEFINITION_SHAPE('Placement','Placement of an item',
  #3902);
#3902 = NEXT_ASSEMBLY_USAGE_OCCURRENCE('84','C13','',#5,#2937,$);
#3903 = CONTEXT_DEPENDENT_SHAPE_REPRESENTATION(#3904,#3906);
#3904 = ( REPRESENTATION_RELATIONSHIP('','',#2942,#10) 
REPRESENTATION_RELATIONSHIP_WITH_TRANSFORMATION(#3905) 
SHAPE_REPRESENTATION_RELATIONSHIP() );
#3905 = ITEM_DEFINED_TRANSFORMATION('','',#11,#351);
#3906 = PRODUCT_DEFINITION_SHAPE('Placement','Placement of an item',
  #3907);
#3907 = NEXT_ASSEMBLY_USAGE_OCCURRENCE('85','C25','',#5,#2937,$);
#3908 = CONTEXT_DEPENDENT_SHAPE_REPRESENTATION(#3909,#3911);
#3909 = ( REPRESENTATION_RELATIONSHIP('','',#2942,#10) 
REPRESENTATION_RELATIONSHIP_WITH_TRANSFORMATION(#3910) 
SHAPE_REPRESENTATION_RELATIONSHIP() );
#3910 = ITEM_DEFINED_TRANSFORMATION('','',#11,#355);
#3911 = PRODUCT_DEFINITION_SHAPE('Placement','Placement of an item',
  #3912);
#3912 = NEXT_ASSEMBLY_USAGE_OCCURRENCE('86','C58','',#5,#2937,$);
#3913 = CONTEXT_DEPENDENT_SHAPE_REPRESENTATION(#3914,#3916);
#3914 = ( REPRESENTATION_RELATIONSHIP('','',#2942,#10) 
REPRESENTATION_RELATIONSHIP_WITH_TRANSFORMATION(#3915) 
SHAPE_REPRESENTATION_RELATIONSHIP() );
#3915 = ITEM_DEFINED_TRANSFORMATION('','',#11,#359);
#3916 = PRODUCT_DEFINITION_SHAPE('Placement','Placement of an item',
  #3917);
#3917 = NEXT_ASSEMBLY_USAGE_OCCURRENCE('87','C61','',#5,#2937,$);
#3918 = CONTEXT_DEPENDENT_SHAPE_REPRESENTATION(#3919,#3921);
#3919 = ( REPRESENTATION_RELATIONSHIP('','',#2942,#10) 
REPRESENTATION_RELATIONSHIP_WITH_TRANSFORMATION(#3920) 
SHAPE_REPRESENTATION_RELATIONSHIP() );
#3920 = ITEM_DEFINED_TRANSFORMATION('','',#11,#363);
#3921 = PRODUCT_DEFINITION_SHAPE('Placement','Placement of an item',
  #3922);
#3922 = NEXT_ASSEMBLY_USAGE_OCCURRENCE('88','C32','',#5,#2937,$);
#3923 = CONTEXT_DEPENDENT_SHAPE_REPRESENTATION(#3924,#3926);
#3924 = ( REPRESENTATION_RELATIONSHIP('','',#2942,#10) 
REPRESENTATION_RELATIONSHIP_WITH_TRANSFORMATION(#3925) 
SHAPE_REPRESENTATION_RELATIONSHIP() );
#3925 = ITEM_DEFINED_TRANSFORMATION('','',#11,#367);
#3926 = PRODUCT_DEFINITION_SHAPE('Placement','Placement of an item',
  #3927);
#3927 = NEXT_ASSEMBLY_USAGE_OCCURRENCE('89','C54','',#5,#2937,$);
#3928 = CONTEXT_DEPENDENT_SHAPE_REPRESENTATION(#3929,#3931);
#3929 = ( REPRESENTATION_RELATIONSHIP('','',#2942,#10) 
REPRESENTATION_RELATIONSHIP_WITH_TRANSFORMATION(#3930) 
SHAPE_REPRESENTATION_RELATIONSHIP() );
#3930 = ITEM_DEFINED_TRANSFORMATION('','',#11,#371);
#3931 = PRODUCT_DEFINITION_SHAPE('Placement','Placement of an item',
  #3932);
#3932 = NEXT_ASSEMBLY_USAGE_OCCURRENCE('90','C41','',#5,#2937,$);
#3933 = CONTEXT_DEPENDENT_SHAPE_REPRESENTATION(#3934,#3936);
#3934 = ( REPRESENTATION_RELATIONSHIP('','',#2942,#10) 
REPRESENTATION_RELATIONSHIP_WITH_TRANSFORMATION(#3935) 
SHAPE_REPRESENTATION_RELATIONSHIP() );
#3935 = ITEM_DEFINED_TRANSFORMATION('','',#11,#375);
#3936 = PRODUCT_DEFINITION_SHAPE('Placement','Placement of an item',
  #3937);
#3937 = NEXT_ASSEMBLY_USAGE_OCCURRENCE('91','C30','',#5,#2937,$);
#3938 = CONTEXT_DEPENDENT_SHAPE_REPRESENTATION(#3939,#3941);
#3939 = ( REPRESENTATION_RELATIONSHIP('','',#2942,#10) 
REPRESENTATION_RELATIONSHIP_WITH_TRANSFORMATION(#3940) 
SHAPE_REPRESENTATION_RELATIONSHIP() );
#3940 = ITEM_DEFINED_TRANSFORMATION('','',#11,#379);
#3941 = PRODUCT_DEFINITION_SHAPE('Placement','Placement of an item',
  #3942);
#3942 = NEXT_ASSEMBLY_USAGE_OCCURRENCE('92','C60','',#5,#2937,$);
#3943 = CONTEXT_DEPENDENT_SHAPE_REPRESENTATION(#3944,#3946);
#3944 = ( REPRESENTATION_RELATIONSHIP('','',#2942,#10) 
REPRESENTATION_RELATIONSHIP_WITH_TRANSFORMATION(#3945) 
SHAPE_REPRESENTATION_RELATIONSHIP() );
#3945 = ITEM_DEFINED_TRANSFORMATION('','',#11,#383);
#3946 = PRODUCT_DEFINITION_SHAPE('Placement','Placement of an item',
  #3947);
#3947 = NEXT_ASSEMBLY_USAGE_OCCURRENCE('93','C20','',#5,#2937,$);
#3948 = CONTEXT_DEPENDENT_SHAPE_REPRESENTATION(#3949,#3951);
#3949 = ( REPRESENTATION_RELATIONSHIP('','',#2942,#10) 
REPRESENTATION_RELATIONSHIP_WITH_TRANSFORMATION(#3950) 
SHAPE_REPRESENTATION_RELATIONSHIP() );
#3950 = ITEM_DEFINED_TRANSFORMATION('','',#11,#387);
#3951 = PRODUCT_DEFINITION_SHAPE('Placement','Placement of an item',
  #3952);
#3952 = NEXT_ASSEMBLY_USAGE_OCCURRENCE('94','C5','',#5,#2937,$);
#3953 = CONTEXT_DEPENDENT_SHAPE_REPRESENTATION(#3954,#3956);
#3954 = ( REPRESENTATION_RELATIONSHIP('','',#2942,#10) 
REPRESENTATION_RELATIONSHIP_WITH_TRANSFORMATION(#3955) 
SHAPE_REPRESENTATION_RELATIONSHIP() );
#3955 = ITEM_DEFINED_TRANSFORMATION('','',#11,#391);
#3956 = PRODUCT_DEFINITION_SHAPE('Placement','Placement of an item',
  #3957);
#3957 = NEXT_ASSEMBLY_USAGE_OCCURRENCE('95','C22','',#5,#2937,$);
#3958 = CONTEXT_DEPENDENT_SHAPE_REPRESENTATION(#3959,#3961);
#3959 = ( REPRESENTATION_RELATIONSHIP('','',#2942,#10) 
REPRESENTATION_RELATIONSHIP_WITH_TRANSFORMATION(#3960) 
SHAPE_REPRESENTATION_RELATIONSHIP() );
#3960 = ITEM_DEFINED_TRANSFORMATION('','',#11,#395);
#3961 = PRODUCT_DEFINITION_SHAPE('Placement','Placement of an item',
  #3962);
#3962 = NEXT_ASSEMBLY_USAGE_OCCURRENCE('96','C50','',#5,#2937,$);
#3963 = CONTEXT_DEPENDENT_SHAPE_REPRESENTATION(#3964,#3966);
#3964 = ( REPRESENTATION_RELATIONSHIP('','',#2942,#10) 
REPRESENTATION_RELATIONSHIP_WITH_TRANSFORMATION(#3965) 
SHAPE_REPRESENTATION_RELATIONSHIP() );
#3965 = ITEM_DEFINED_TRANSFORMATION('','',#11,#399);
#3966 = PRODUCT_DEFINITION_SHAPE('Placement','Placement of an item',
  #3967);
#3967 = NEXT_ASSEMBLY_USAGE_OCCURRENCE('97','C28','',#5,#2937,$);
#3968 = CONTEXT_DEPENDENT_SHAPE_REPRESENTATION(#3969,#3971);
#3969 = ( REPRESENTATION_RELATIONSHIP('','',#2942,#10) 
REPRESENTATION_RELATIONSHIP_WITH_TRANSFORMATION(#3970) 
SHAPE_REPRESENTATION_RELATIONSHIP() );
#3970 = ITEM_DEFINED_TRANSFORMATION('','',#11,#403);
#3971 = PRODUCT_DEFINITION_SHAPE('Placement','Placement of an item',
  #3972);
#3972 = NEXT_ASSEMBLY_USAGE_OCCURRENCE('98','C55','',#5,#2937,$);
#3973 = CONTEXT_DEPENDENT_SHAPE_REPRESENTATION(#3974,#3976);
#3974 = ( REPRESENTATION_RELATIONSHIP('','',#2942,#10) 
REPRESENTATION_RELATIONSHIP_WITH_TRANSFORMATION(#3975) 
SHAPE_REPRESENTATION_RELATIONSHIP() );
#3975 = ITEM_DEFINED_TRANSFORMATION('','',#11,#407);
#3976 = PRODUCT_DEFINITION_SHAPE('Placement','Placement of an item',
  #3977);
#3977 = NEXT_ASSEMBLY_USAGE_OCCURRENCE('99','C37','',#5,#2937,$);
#3978 = SHAPE_DEFINITION_REPRESENTATION(#3979,#3985);
#3979 = PRODUCT_DEFINITION_SHAPE('','',#3980);
#3980 = PRODUCT_DEFINITION('design','',#3981,#3984);
#3981 = PRODUCT_DEFINITION_FORMATION('','',#3982);
#3982 = PRODUCT('PinHeader_1x03_P2.54mm_Vertical',
  'PinHeader_1x03_P2.54mm_Vertical','',(#3983));
#3983 = PRODUCT_CONTEXT('',#2,'mechanical');
#3984 = PRODUCT_DEFINITION_CONTEXT('part definition',#2,'design');
#3985 = ADVANCED_BREP_SHAPE_REPRESENTATION('',(#11,#3986),#6092);
#3986 = MANIFOLD_SOLID_BREP('',#3987);
#3987 = CLOSED_SHELL('',(#3988,#4028,#4059,#4090,#4337,#4584,#4601,#4618
    ,#4635,#4652,#4669,#4686,#4703,#4720,#4737,#4754,#4771,#4788,#4805,
    #4822,#4839,#4856,#4868,#4899,#4923,#4947,#4964,#4995,#5019,#5043,
    #5060,#5091,#5115,#5139,#5156,#5187,#5211,#5235,#5252,#5283,#5307,
    #5331,#5348,#5379,#5403,#5427,#5444,#5475,#5499,#5523,#5540,#5571,
    #5595,#5619,#5636,#5667,#5691,#5715,#5732,#5763,#5787,#5811,#5828,
    #5859,#5883,#5907,#5924,#5955,#5979,#6003,#6020,#6032,#6044,#6056,
    #6068,#6080));
#3988 = ADVANCED_FACE('',(#3989),#4023,.F.);
#3989 = FACE_BOUND('',#3990,.F.);
#3990 = EDGE_LOOP('',(#3991,#4001,#4009,#4017));
#3991 = ORIENTED_EDGE('',*,*,#3992,.T.);
#3992 = EDGE_CURVE('',#3993,#3995,#3997,.T.);
#3993 = VERTEX_POINT('',#3994);
#3994 = CARTESIAN_POINT('',(-1.016,1.27,0.));
#3995 = VERTEX_POINT('',#3996);
#3996 = CARTESIAN_POINT('',(-1.016,1.27,2.54));
#3997 = LINE('',#3998,#3999);
#3998 = CARTESIAN_POINT('',(-1.016,1.27,0.));
#3999 = VECTOR('',#4000,1.);
#4000 = DIRECTION('',(0.,0.,1.));
#4001 = ORIENTED_EDGE('',*,*,#4002,.T.);
#4002 = EDGE_CURVE('',#3995,#4003,#4005,.T.);
#4003 = VERTEX_POINT('',#4004);
#4004 = CARTESIAN_POINT('',(-1.27,1.016,2.54));
#4005 = LINE('',#4006,#4007);
#4006 = CARTESIAN_POINT('',(-1.016,1.27,2.54));
#4007 = VECTOR('',#4008,1.);
#4008 = DIRECTION('',(-0.707106781187,-0.707106781187,0.));
#4009 = ORIENTED_EDGE('',*,*,#4010,.F.);
#4010 = EDGE_CURVE('',#4011,#4003,#4013,.T.);
#4011 = VERTEX_POINT('',#4012);
#4012 = CARTESIAN_POINT('',(-1.27,1.016,0.));
#4013 = LINE('',#4014,#4015);
#4014 = CARTESIAN_POINT('',(-1.27,1.016,0.));
#4015 = VECTOR('',#4016,1.);
#4016 = DIRECTION('',(0.,0.,1.));
#4017 = ORIENTED_EDGE('',*,*,#4018,.F.);
#4018 = EDGE_CURVE('',#3993,#4011,#4019,.T.);
#4019 = LINE('',#4020,#4021);
#4020 = CARTESIAN_POINT('',(-1.016,1.27,0.));
#4021 = VECTOR('',#4022,1.);
#4022 = DIRECTION('',(-0.707106781187,-0.707106781187,0.));
#4023 = PLANE('',#4024);
#4024 = AXIS2_PLACEMENT_3D('',#4025,#4026,#4027);
#4025 = CARTESIAN_POINT('',(-1.016,1.27,0.));
#4026 = DIRECTION('',(0.707106781187,-0.707106781187,0.));
#4027 = DIRECTION('',(-0.707106781187,-0.707106781187,0.));
#4028 = ADVANCED_FACE('',(#4029),#4054,.F.);
#4029 = FACE_BOUND('',#4030,.F.);
#4030 = EDGE_LOOP('',(#4031,#4041,#4047,#4048));
#4031 = ORIENTED_EDGE('',*,*,#4032,.T.);
#4032 = EDGE_CURVE('',#4033,#4035,#4037,.T.);
#4033 = VERTEX_POINT('',#4034);
#4034 = CARTESIAN_POINT('',(1.016,1.27,0.));
#4035 = VERTEX_POINT('',#4036);
#4036 = CARTESIAN_POINT('',(1.016,1.27,2.54));
#4037 = LINE('',#4038,#4039);
#4038 = CARTESIAN_POINT('',(1.016,1.27,0.));
#4039 = VECTOR('',#4040,1.);
#4040 = DIRECTION('',(0.,0.,1.));
#4041 = ORIENTED_EDGE('',*,*,#4042,.T.);
#4042 = EDGE_CURVE('',#4035,#3995,#4043,.T.);
#4043 = LINE('',#4044,#4045);
#4044 = CARTESIAN_POINT('',(1.016,1.27,2.54));
#4045 = VECTOR('',#4046,1.);
#4046 = DIRECTION('',(-1.,0.,0.));
#4047 = ORIENTED_EDGE('',*,*,#3992,.F.);
#4048 = ORIENTED_EDGE('',*,*,#4049,.F.);
#4049 = EDGE_CURVE('',#4033,#3993,#4050,.T.);
#4050 = LINE('',#4051,#4052);
#4051 = CARTESIAN_POINT('',(1.016,1.27,0.));
#4052 = VECTOR('',#4053,1.);
#4053 = DIRECTION('',(-1.,0.,0.));
#4054 = PLANE('',#4055);
#4055 = AXIS2_PLACEMENT_3D('',#4056,#4057,#4058);
#4056 = CARTESIAN_POINT('',(1.016,1.27,0.));
#4057 = DIRECTION('',(0.,-1.,0.));
#4058 = DIRECTION('',(-1.,0.,0.));
#4059 = ADVANCED_FACE('',(#4060),#4085,.F.);
#4060 = FACE_BOUND('',#4061,.F.);
#4061 = EDGE_LOOP('',(#4062,#4063,#4071,#4079));
#4062 = ORIENTED_EDGE('',*,*,#4010,.T.);
#4063 = ORIENTED_EDGE('',*,*,#4064,.T.);
#4064 = EDGE_CURVE('',#4003,#4065,#4067,.T.);
#4065 = VERTEX_POINT('',#4066);
#4066 = CARTESIAN_POINT('',(-1.27,-1.016,2.54));
#4067 = LINE('',#4068,#4069);
#4068 = CARTESIAN_POINT('',(-1.27,1.016,2.54));
#4069 = VECTOR('',#4070,1.);
#4070 = DIRECTION('',(0.,-1.,0.));
#4071 = ORIENTED_EDGE('',*,*,#4072,.F.);
#4072 = EDGE_CURVE('',#4073,#4065,#4075,.T.);
#4073 = VERTEX_POINT('',#4074);
#4074 = CARTESIAN_POINT('',(-1.27,-1.016,0.));
#4075 = LINE('',#4076,#4077);
#4076 = CARTESIAN_POINT('',(-1.27,-1.016,0.));
#4077 = VECTOR('',#4078,1.);
#4078 = DIRECTION('',(0.,0.,1.));
#4079 = ORIENTED_EDGE('',*,*,#4080,.F.);
#4080 = EDGE_CURVE('',#4011,#4073,#4081,.T.);
#4081 = LINE('',#4082,#4083);
#4082 = CARTESIAN_POINT('',(-1.27,1.016,0.));
#4083 = VECTOR('',#4084,1.);
#4084 = DIRECTION('',(0.,-1.,0.));
#4085 = PLANE('',#4086);
#4086 = AXIS2_PLACEMENT_3D('',#4087,#4088,#4089);
#4087 = CARTESIAN_POINT('',(-1.27,1.016,0.));
#4088 = DIRECTION('',(1.,0.,0.));
#4089 = DIRECTION('',(0.,-1.,0.));
#4090 = ADVANCED_FACE('',(#4091,#4230,#4264,#4298),#4332,.F.);
#4091 = FACE_BOUND('',#4092,.F.);
#4092 = EDGE_LOOP('',(#4093,#4094,#4095,#4103,#4111,#4119,#4127,#4135,
    #4143,#4151,#4159,#4167,#4175,#4183,#4191,#4199,#4207,#4215,#4223,
    #4229));
#4093 = ORIENTED_EDGE('',*,*,#4018,.T.);
#4094 = ORIENTED_EDGE('',*,*,#4080,.T.);
#4095 = ORIENTED_EDGE('',*,*,#4096,.T.);
#4096 = EDGE_CURVE('',#4073,#4097,#4099,.T.);
#4097 = VERTEX_POINT('',#4098);
#4098 = CARTESIAN_POINT('',(-1.016,-1.27,0.));
#4099 = LINE('',#4100,#4101);
#4100 = CARTESIAN_POINT('',(-1.27,-1.016,0.));
#4101 = VECTOR('',#4102,1.);
#4102 = DIRECTION('',(0.707106781187,-0.707106781187,0.));
#4103 = ORIENTED_EDGE('',*,*,#4104,.T.);
#4104 = EDGE_CURVE('',#4097,#4105,#4107,.T.);
#4105 = VERTEX_POINT('',#4106);
#4106 = CARTESIAN_POINT('',(-1.27,-1.524,0.));
#4107 = LINE('',#4108,#4109);
#4108 = CARTESIAN_POINT('',(-1.016,-1.27,0.));
#4109 = VECTOR('',#4110,1.);
#4110 = DIRECTION('',(-0.707106781187,-0.707106781187,0.));
#4111 = ORIENTED_EDGE('',*,*,#4112,.T.);
#4112 = EDGE_CURVE('',#4105,#4113,#4115,.T.);
#4113 = VERTEX_POINT('',#4114);
#4114 = CARTESIAN_POINT('',(-1.27,-3.556,0.));
#4115 = LINE('',#4116,#4117);
#4116 = CARTESIAN_POINT('',(-1.27,-1.524,0.));
#4117 = VECTOR('',#4118,1.);
#4118 = DIRECTION('',(0.,-1.,0.));
#4119 = ORIENTED_EDGE('',*,*,#4120,.T.);
#4120 = EDGE_CURVE('',#4113,#4121,#4123,.T.);
#4121 = VERTEX_POINT('',#4122);
#4122 = CARTESIAN_POINT('',(-1.016,-3.81,0.));
#4123 = LINE('',#4124,#4125);
#4124 = CARTESIAN_POINT('',(-1.27,-3.556,0.));
#4125 = VECTOR('',#4126,1.);
#4126 = DIRECTION('',(0.707106781187,-0.707106781187,0.));
#4127 = ORIENTED_EDGE('',*,*,#4128,.T.);
#4128 = EDGE_CURVE('',#4121,#4129,#4131,.T.);
#4129 = VERTEX_POINT('',#4130);
#4130 = CARTESIAN_POINT('',(-1.27,-4.064,0.));
#4131 = LINE('',#4132,#4133);
#4132 = CARTESIAN_POINT('',(-1.016,-3.81,0.));
#4133 = VECTOR('',#4134,1.);
#4134 = DIRECTION('',(-0.707106781187,-0.707106781187,0.));
#4135 = ORIENTED_EDGE('',*,*,#4136,.T.);
#4136 = EDGE_CURVE('',#4129,#4137,#4139,.T.);
#4137 = VERTEX_POINT('',#4138);
#4138 = CARTESIAN_POINT('',(-1.27,-6.096,0.));
#4139 = LINE('',#4140,#4141);
#4140 = CARTESIAN_POINT('',(-1.27,-4.064,0.));
#4141 = VECTOR('',#4142,1.);
#4142 = DIRECTION('',(0.,-1.,0.));
#4143 = ORIENTED_EDGE('',*,*,#4144,.T.);
#4144 = EDGE_CURVE('',#4137,#4145,#4147,.T.);
#4145 = VERTEX_POINT('',#4146);
#4146 = CARTESIAN_POINT('',(-1.016,-6.35,0.));
#4147 = LINE('',#4148,#4149);
#4148 = CARTESIAN_POINT('',(-1.27,-6.096,0.));
#4149 = VECTOR('',#4150,1.);
#4150 = DIRECTION('',(0.707106781187,-0.707106781187,0.));
#4151 = ORIENTED_EDGE('',*,*,#4152,.T.);
#4152 = EDGE_CURVE('',#4145,#4153,#4155,.T.);
#4153 = VERTEX_POINT('',#4154);
#4154 = CARTESIAN_POINT('',(1.016,-6.35,0.));
#4155 = LINE('',#4156,#4157);
#4156 = CARTESIAN_POINT('',(-1.016,-6.35,0.));
#4157 = VECTOR('',#4158,1.);
#4158 = DIRECTION('',(1.,0.,0.));
#4159 = ORIENTED_EDGE('',*,*,#4160,.T.);
#4160 = EDGE_CURVE('',#4153,#4161,#4163,.T.);
#4161 = VERTEX_POINT('',#4162);
#4162 = CARTESIAN_POINT('',(1.27,-6.096,0.));
#4163 = LINE('',#4164,#4165);
#4164 = CARTESIAN_POINT('',(1.016,-6.35,0.));
#4165 = VECTOR('',#4166,1.);
#4166 = DIRECTION('',(0.707106781187,0.707106781187,0.));
#4167 = ORIENTED_EDGE('',*,*,#4168,.T.);
#4168 = EDGE_CURVE('',#4161,#4169,#4171,.T.);
#4169 = VERTEX_POINT('',#4170);
#4170 = CARTESIAN_POINT('',(1.27,-4.064,0.));
#4171 = LINE('',#4172,#4173);
#4172 = CARTESIAN_POINT('',(1.27,-6.096,0.));
#4173 = VECTOR('',#4174,1.);
#4174 = DIRECTION('',(0.,1.,0.));
#4175 = ORIENTED_EDGE('',*,*,#4176,.T.);
#4176 = EDGE_CURVE('',#4169,#4177,#4179,.T.);
#4177 = VERTEX_POINT('',#4178);
#4178 = CARTESIAN_POINT('',(1.016,-3.81,0.));
#4179 = LINE('',#4180,#4181);
#4180 = CARTESIAN_POINT('',(1.27,-4.064,0.));
#4181 = VECTOR('',#4182,1.);
#4182 = DIRECTION('',(-0.707106781187,0.707106781187,0.));
#4183 = ORIENTED_EDGE('',*,*,#4184,.T.);
#4184 = EDGE_CURVE('',#4177,#4185,#4187,.T.);
#4185 = VERTEX_POINT('',#4186);
#4186 = CARTESIAN_POINT('',(1.27,-3.556,0.));
#4187 = LINE('',#4188,#4189);
#4188 = CARTESIAN_POINT('',(1.016,-3.81,0.));
#4189 = VECTOR('',#4190,1.);
#4190 = DIRECTION('',(0.707106781187,0.707106781187,0.));
#4191 = ORIENTED_EDGE('',*,*,#4192,.T.);
#4192 = EDGE_CURVE('',#4185,#4193,#4195,.T.);
#4193 = VERTEX_POINT('',#4194);
#4194 = CARTESIAN_POINT('',(1.27,-1.524,0.));
#4195 = LINE('',#4196,#4197);
#4196 = CARTESIAN_POINT('',(1.27,-3.556,0.));
#4197 = VECTOR('',#4198,1.);
#4198 = DIRECTION('',(0.,1.,0.));
#4199 = ORIENTED_EDGE('',*,*,#4200,.T.);
#4200 = EDGE_CURVE('',#4193,#4201,#4203,.T.);
#4201 = VERTEX_POINT('',#4202);
#4202 = CARTESIAN_POINT('',(1.016,-1.27,0.));
#4203 = LINE('',#4204,#4205);
#4204 = CARTESIAN_POINT('',(1.27,-1.524,0.));
#4205 = VECTOR('',#4206,1.);
#4206 = DIRECTION('',(-0.707106781187,0.707106781187,0.));
#4207 = ORIENTED_EDGE('',*,*,#4208,.T.);
#4208 = EDGE_CURVE('',#4201,#4209,#4211,.T.);
#4209 = VERTEX_POINT('',#4210);
#4210 = CARTESIAN_POINT('',(1.27,-1.016,0.));
#4211 = LINE('',#4212,#4213);
#4212 = CARTESIAN_POINT('',(1.016,-1.27,0.));
#4213 = VECTOR('',#4214,1.);
#4214 = DIRECTION('',(0.707106781187,0.707106781187,0.));
#4215 = ORIENTED_EDGE('',*,*,#4216,.T.);
#4216 = EDGE_CURVE('',#4209,#4217,#4219,.T.);
#4217 = VERTEX_POINT('',#4218);
#4218 = CARTESIAN_POINT('',(1.27,1.016,0.));
#4219 = LINE('',#4220,#4221);
#4220 = CARTESIAN_POINT('',(1.27,-1.016,0.));
#4221 = VECTOR('',#4222,1.);
#4222 = DIRECTION('',(0.,1.,0.));
#4223 = ORIENTED_EDGE('',*,*,#4224,.T.);
#4224 = EDGE_CURVE('',#4217,#4033,#4225,.T.);
#4225 = LINE('',#4226,#4227);
#4226 = CARTESIAN_POINT('',(1.27,1.016,0.));
#4227 = VECTOR('',#4228,1.);
#4228 = DIRECTION('',(-0.707106781187,0.707106781187,0.));
#4229 = ORIENTED_EDGE('',*,*,#4049,.T.);
#4230 = FACE_BOUND('',#4231,.F.);
#4231 = EDGE_LOOP('',(#4232,#4242,#4250,#4258));
#4232 = ORIENTED_EDGE('',*,*,#4233,.F.);
#4233 = EDGE_CURVE('',#4234,#4236,#4238,.T.);
#4234 = VERTEX_POINT('',#4235);
#4235 = CARTESIAN_POINT('',(0.32,-0.32,0.));
#4236 = VERTEX_POINT('',#4237);
#4237 = CARTESIAN_POINT('',(0.32,0.32,0.));
#4238 = LINE('',#4239,#4240);
#4239 = CARTESIAN_POINT('',(0.32,-1.43,0.));
#4240 = VECTOR('',#4241,1.);
#4241 = DIRECTION('',(0.,1.,0.));
#4242 = ORIENTED_EDGE('',*,*,#4243,.T.);
#4243 = EDGE_CURVE('',#4234,#4244,#4246,.T.);
#4244 = VERTEX_POINT('',#4245);
#4245 = CARTESIAN_POINT('',(-0.32,-0.32,0.));
#4246 = LINE('',#4247,#4248);
#4247 = CARTESIAN_POINT('',(-0.16,-0.32,0.));
#4248 = VECTOR('',#4249,1.);
#4249 = DIRECTION('',(-1.,0.,0.));
#4250 = ORIENTED_EDGE('',*,*,#4251,.T.);
#4251 = EDGE_CURVE('',#4244,#4252,#4254,.T.);
#4252 = VERTEX_POINT('',#4253);
#4253 = CARTESIAN_POINT('',(-0.32,0.32,0.));
#4254 = LINE('',#4255,#4256);
#4255 = CARTESIAN_POINT('',(-0.32,-1.43,0.));
#4256 = VECTOR('',#4257,1.);
#4257 = DIRECTION('',(0.,1.,0.));
#4258 = ORIENTED_EDGE('',*,*,#4259,.F.);
#4259 = EDGE_CURVE('',#4236,#4252,#4260,.T.);
#4260 = LINE('',#4261,#4262);
#4261 = CARTESIAN_POINT('',(-0.16,0.32,0.));
#4262 = VECTOR('',#4263,1.);
#4263 = DIRECTION('',(-1.,0.,0.));
#4264 = FACE_BOUND('',#4265,.F.);
#4265 = EDGE_LOOP('',(#4266,#4276,#4284,#4292));
#4266 = ORIENTED_EDGE('',*,*,#4267,.T.);
#4267 = EDGE_CURVE('',#4268,#4270,#4272,.T.);
#4268 = VERTEX_POINT('',#4269);
#4269 = CARTESIAN_POINT('',(0.32,-2.86,0.));
#4270 = VERTEX_POINT('',#4271);
#4271 = CARTESIAN_POINT('',(-0.32,-2.86,0.));
#4272 = LINE('',#4273,#4274);
#4273 = CARTESIAN_POINT('',(-0.16,-2.86,0.));
#4274 = VECTOR('',#4275,1.);
#4275 = DIRECTION('',(-1.,0.,0.));
#4276 = ORIENTED_EDGE('',*,*,#4277,.T.);
#4277 = EDGE_CURVE('',#4270,#4278,#4280,.T.);
#4278 = VERTEX_POINT('',#4279);
#4279 = CARTESIAN_POINT('',(-0.32,-2.22,0.));
#4280 = LINE('',#4281,#4282);
#4281 = CARTESIAN_POINT('',(-0.32,-2.7,0.));
#4282 = VECTOR('',#4283,1.);
#4283 = DIRECTION('',(0.,1.,0.));
#4284 = ORIENTED_EDGE('',*,*,#4285,.F.);
#4285 = EDGE_CURVE('',#4286,#4278,#4288,.T.);
#4286 = VERTEX_POINT('',#4287);
#4287 = CARTESIAN_POINT('',(0.32,-2.22,0.));
#4288 = LINE('',#4289,#4290);
#4289 = CARTESIAN_POINT('',(-0.16,-2.22,0.));
#4290 = VECTOR('',#4291,1.);
#4291 = DIRECTION('',(-1.,0.,0.));
#4292 = ORIENTED_EDGE('',*,*,#4293,.F.);
#4293 = EDGE_CURVE('',#4268,#4286,#4294,.T.);
#4294 = LINE('',#4295,#4296);
#4295 = CARTESIAN_POINT('',(0.32,-2.7,0.));
#4296 = VECTOR('',#4297,1.);
#4297 = DIRECTION('',(0.,1.,0.));
#4298 = FACE_BOUND('',#4299,.F.);
#4299 = EDGE_LOOP('',(#4300,#4310,#4318,#4326));
#4300 = ORIENTED_EDGE('',*,*,#4301,.F.);
#4301 = EDGE_CURVE('',#4302,#4304,#4306,.T.);
#4302 = VERTEX_POINT('',#4303);
#4303 = CARTESIAN_POINT('',(0.32,-4.76,0.));
#4304 = VERTEX_POINT('',#4305);
#4305 = CARTESIAN_POINT('',(-0.32,-4.76,0.));
#4306 = LINE('',#4307,#4308);
#4307 = CARTESIAN_POINT('',(-0.16,-4.76,0.));
#4308 = VECTOR('',#4309,1.);
#4309 = DIRECTION('',(-1.,0.,0.));
#4310 = ORIENTED_EDGE('',*,*,#4311,.F.);
#4311 = EDGE_CURVE('',#4312,#4302,#4314,.T.);
#4312 = VERTEX_POINT('',#4313);
#4313 = CARTESIAN_POINT('',(0.32,-5.4,0.));
#4314 = LINE('',#4315,#4316);
#4315 = CARTESIAN_POINT('',(0.32,-3.97,0.));
#4316 = VECTOR('',#4317,1.);
#4317 = DIRECTION('',(0.,1.,0.));
#4318 = ORIENTED_EDGE('',*,*,#4319,.T.);
#4319 = EDGE_CURVE('',#4312,#4320,#4322,.T.);
#4320 = VERTEX_POINT('',#4321);
#4321 = CARTESIAN_POINT('',(-0.32,-5.4,0.));
#4322 = LINE('',#4323,#4324);
#4323 = CARTESIAN_POINT('',(-0.16,-5.4,0.));
#4324 = VECTOR('',#4325,1.);
#4325 = DIRECTION('',(-1.,0.,0.));
#4326 = ORIENTED_EDGE('',*,*,#4327,.T.);
#4327 = EDGE_CURVE('',#4320,#4304,#4328,.T.);
#4328 = LINE('',#4329,#4330);
#4329 = CARTESIAN_POINT('',(-0.32,-3.97,0.));
#4330 = VECTOR('',#4331,1.);
#4331 = DIRECTION('',(0.,1.,0.));
#4332 = PLANE('',#4333);
#4333 = AXIS2_PLACEMENT_3D('',#4334,#4335,#4336);
#4334 = CARTESIAN_POINT('',(5.398204781459E-17,-2.54,0.));
#4335 = DIRECTION('',(0.,0.,1.));
#4336 = DIRECTION('',(1.,0.,-0.));
#4337 = ADVANCED_FACE('',(#4338,#4477,#4511,#4545),#4579,.T.);
#4338 = FACE_BOUND('',#4339,.T.);
#4339 = EDGE_LOOP('',(#4340,#4341,#4342,#4350,#4358,#4366,#4374,#4382,
    #4390,#4398,#4406,#4414,#4422,#4430,#4438,#4446,#4454,#4462,#4470,
    #4476));
#4340 = ORIENTED_EDGE('',*,*,#4002,.T.);
#4341 = ORIENTED_EDGE('',*,*,#4064,.T.);
#4342 = ORIENTED_EDGE('',*,*,#4343,.T.);
#4343 = EDGE_CURVE('',#4065,#4344,#4346,.T.);
#4344 = VERTEX_POINT('',#4345);
#4345 = CARTESIAN_POINT('',(-1.016,-1.27,2.54));
#4346 = LINE('',#4347,#4348);
#4347 = CARTESIAN_POINT('',(-1.27,-1.016,2.54));
#4348 = VECTOR('',#4349,1.);
#4349 = DIRECTION('',(0.707106781187,-0.707106781187,0.));
#4350 = ORIENTED_EDGE('',*,*,#4351,.T.);
#4351 = EDGE_CURVE('',#4344,#4352,#4354,.T.);
#4352 = VERTEX_POINT('',#4353);
#4353 = CARTESIAN_POINT('',(-1.27,-1.524,2.54));
#4354 = LINE('',#4355,#4356);
#4355 = CARTESIAN_POINT('',(-1.016,-1.27,2.54));
#4356 = VECTOR('',#4357,1.);
#4357 = DIRECTION('',(-0.707106781187,-0.707106781187,0.));
#4358 = ORIENTED_EDGE('',*,*,#4359,.T.);
#4359 = EDGE_CURVE('',#4352,#4360,#4362,.T.);
#4360 = VERTEX_POINT('',#4361);
#4361 = CARTESIAN_POINT('',(-1.27,-3.556,2.54));
#4362 = LINE('',#4363,#4364);
#4363 = CARTESIAN_POINT('',(-1.27,-1.524,2.54));
#4364 = VECTOR('',#4365,1.);
#4365 = DIRECTION('',(0.,-1.,0.));
#4366 = ORIENTED_EDGE('',*,*,#4367,.T.);
#4367 = EDGE_CURVE('',#4360,#4368,#4370,.T.);
#4368 = VERTEX_POINT('',#4369);
#4369 = CARTESIAN_POINT('',(-1.016,-3.81,2.54));
#4370 = LINE('',#4371,#4372);
#4371 = CARTESIAN_POINT('',(-1.27,-3.556,2.54));
#4372 = VECTOR('',#4373,1.);
#4373 = DIRECTION('',(0.707106781187,-0.707106781187,0.));
#4374 = ORIENTED_EDGE('',*,*,#4375,.T.);
#4375 = EDGE_CURVE('',#4368,#4376,#4378,.T.);
#4376 = VERTEX_POINT('',#4377);
#4377 = CARTESIAN_POINT('',(-1.27,-4.064,2.54));
#4378 = LINE('',#4379,#4380);
#4379 = CARTESIAN_POINT('',(-1.016,-3.81,2.54));
#4380 = VECTOR('',#4381,1.);
#4381 = DIRECTION('',(-0.707106781187,-0.707106781187,0.));
#4382 = ORIENTED_EDGE('',*,*,#4383,.T.);
#4383 = EDGE_CURVE('',#4376,#4384,#4386,.T.);
#4384 = VERTEX_POINT('',#4385);
#4385 = CARTESIAN_POINT('',(-1.27,-6.096,2.54));
#4386 = LINE('',#4387,#4388);
#4387 = CARTESIAN_POINT('',(-1.27,-4.064,2.54));
#4388 = VECTOR('',#4389,1.);
#4389 = DIRECTION('',(0.,-1.,0.));
#4390 = ORIENTED_EDGE('',*,*,#4391,.T.);
#4391 = EDGE_CURVE('',#4384,#4392,#4394,.T.);
#4392 = VERTEX_POINT('',#4393);
#4393 = CARTESIAN_POINT('',(-1.016,-6.35,2.54));
#4394 = LINE('',#4395,#4396);
#4395 = CARTESIAN_POINT('',(-1.27,-6.096,2.54));
#4396 = VECTOR('',#4397,1.);
#4397 = DIRECTION('',(0.707106781187,-0.707106781187,0.));
#4398 = ORIENTED_EDGE('',*,*,#4399,.T.);
#4399 = EDGE_CURVE('',#4392,#4400,#4402,.T.);
#4400 = VERTEX_POINT('',#4401);
#4401 = CARTESIAN_POINT('',(1.016,-6.35,2.54));
#4402 = LINE('',#4403,#4404);
#4403 = CARTESIAN_POINT('',(-1.016,-6.35,2.54));
#4404 = VECTOR('',#4405,1.);
#4405 = DIRECTION('',(1.,0.,0.));
#4406 = ORIENTED_EDGE('',*,*,#4407,.T.);
#4407 = EDGE_CURVE('',#4400,#4408,#4410,.T.);
#4408 = VERTEX_POINT('',#4409);
#4409 = CARTESIAN_POINT('',(1.27,-6.096,2.54));
#4410 = LINE('',#4411,#4412);
#4411 = CARTESIAN_POINT('',(1.016,-6.35,2.54));
#4412 = VECTOR('',#4413,1.);
#4413 = DIRECTION('',(0.707106781187,0.707106781187,0.));
#4414 = ORIENTED_EDGE('',*,*,#4415,.T.);
#4415 = EDGE_CURVE('',#4408,#4416,#4418,.T.);
#4416 = VERTEX_POINT('',#4417);
#4417 = CARTESIAN_POINT('',(1.27,-4.064,2.54));
#4418 = LINE('',#4419,#4420);
#4419 = CARTESIAN_POINT('',(1.27,-6.096,2.54));
#4420 = VECTOR('',#4421,1.);
#4421 = DIRECTION('',(0.,1.,0.));
#4422 = ORIENTED_EDGE('',*,*,#4423,.T.);
#4423 = EDGE_CURVE('',#4416,#4424,#4426,.T.);
#4424 = VERTEX_POINT('',#4425);
#4425 = CARTESIAN_POINT('',(1.016,-3.81,2.54));
#4426 = LINE('',#4427,#4428);
#4427 = CARTESIAN_POINT('',(1.27,-4.064,2.54));
#4428 = VECTOR('',#4429,1.);
#4429 = DIRECTION('',(-0.707106781187,0.707106781187,0.));
#4430 = ORIENTED_EDGE('',*,*,#4431,.T.);
#4431 = EDGE_CURVE('',#4424,#4432,#4434,.T.);
#4432 = VERTEX_POINT('',#4433);
#4433 = CARTESIAN_POINT('',(1.27,-3.556,2.54));
#4434 = LINE('',#4435,#4436);
#4435 = CARTESIAN_POINT('',(1.016,-3.81,2.54));
#4436 = VECTOR('',#4437,1.);
#4437 = DIRECTION('',(0.707106781187,0.707106781187,0.));
#4438 = ORIENTED_EDGE('',*,*,#4439,.T.);
#4439 = EDGE_CURVE('',#4432,#4440,#4442,.T.);
#4440 = VERTEX_POINT('',#4441);
#4441 = CARTESIAN_POINT('',(1.27,-1.524,2.54));
#4442 = LINE('',#4443,#4444);
#4443 = CARTESIAN_POINT('',(1.27,-3.556,2.54));
#4444 = VECTOR('',#4445,1.);
#4445 = DIRECTION('',(0.,1.,0.));
#4446 = ORIENTED_EDGE('',*,*,#4447,.T.);
#4447 = EDGE_CURVE('',#4440,#4448,#4450,.T.);
#4448 = VERTEX_POINT('',#4449);
#4449 = CARTESIAN_POINT('',(1.016,-1.27,2.54));
#4450 = LINE('',#4451,#4452);
#4451 = CARTESIAN_POINT('',(1.27,-1.524,2.54));
#4452 = VECTOR('',#4453,1.);
#4453 = DIRECTION('',(-0.707106781187,0.707106781187,0.));
#4454 = ORIENTED_EDGE('',*,*,#4455,.T.);
#4455 = EDGE_CURVE('',#4448,#4456,#4458,.T.);
#4456 = VERTEX_POINT('',#4457);
#4457 = CARTESIAN_POINT('',(1.27,-1.016,2.54));
#4458 = LINE('',#4459,#4460);
#4459 = CARTESIAN_POINT('',(1.016,-1.27,2.54));
#4460 = VECTOR('',#4461,1.);
#4461 = DIRECTION('',(0.707106781187,0.707106781187,0.));
#4462 = ORIENTED_EDGE('',*,*,#4463,.T.);
#4463 = EDGE_CURVE('',#4456,#4464,#4466,.T.);
#4464 = VERTEX_POINT('',#4465);
#4465 = CARTESIAN_POINT('',(1.27,1.016,2.54));
#4466 = LINE('',#4467,#4468);
#4467 = CARTESIAN_POINT('',(1.27,-1.016,2.54));
#4468 = VECTOR('',#4469,1.);
#4469 = DIRECTION('',(0.,1.,0.));
#4470 = ORIENTED_EDGE('',*,*,#4471,.T.);
#4471 = EDGE_CURVE('',#4464,#4035,#4472,.T.);
#4472 = LINE('',#4473,#4474);
#4473 = CARTESIAN_POINT('',(1.27,1.016,2.54));
#4474 = VECTOR('',#4475,1.);
#4475 = DIRECTION('',(-0.707106781187,0.707106781187,0.));
#4476 = ORIENTED_EDGE('',*,*,#4042,.T.);
#4477 = FACE_BOUND('',#4478,.T.);
#4478 = EDGE_LOOP('',(#4479,#4489,#4497,#4505));
#4479 = ORIENTED_EDGE('',*,*,#4480,.F.);
#4480 = EDGE_CURVE('',#4481,#4483,#4485,.T.);
#4481 = VERTEX_POINT('',#4482);
#4482 = CARTESIAN_POINT('',(0.32,-0.32,2.54));
#4483 = VERTEX_POINT('',#4484);
#4484 = CARTESIAN_POINT('',(0.32,0.32,2.54));
#4485 = LINE('',#4486,#4487);
#4486 = CARTESIAN_POINT('',(0.32,-1.43,2.54));
#4487 = VECTOR('',#4488,1.);
#4488 = DIRECTION('',(0.,1.,0.));
#4489 = ORIENTED_EDGE('',*,*,#4490,.T.);
#4490 = EDGE_CURVE('',#4481,#4491,#4493,.T.);
#4491 = VERTEX_POINT('',#4492);
#4492 = CARTESIAN_POINT('',(-0.32,-0.32,2.54));
#4493 = LINE('',#4494,#4495);
#4494 = CARTESIAN_POINT('',(-0.16,-0.32,2.54));
#4495 = VECTOR('',#4496,1.);
#4496 = DIRECTION('',(-1.,0.,0.));
#4497 = ORIENTED_EDGE('',*,*,#4498,.T.);
#4498 = EDGE_CURVE('',#4491,#4499,#4501,.T.);
#4499 = VERTEX_POINT('',#4500);
#4500 = CARTESIAN_POINT('',(-0.32,0.32,2.54));
#4501 = LINE('',#4502,#4503);
#4502 = CARTESIAN_POINT('',(-0.32,-1.43,2.54));
#4503 = VECTOR('',#4504,1.);
#4504 = DIRECTION('',(0.,1.,0.));
#4505 = ORIENTED_EDGE('',*,*,#4506,.F.);
#4506 = EDGE_CURVE('',#4483,#4499,#4507,.T.);
#4507 = LINE('',#4508,#4509);
#4508 = CARTESIAN_POINT('',(-0.16,0.32,2.54));
#4509 = VECTOR('',#4510,1.);
#4510 = DIRECTION('',(-1.,0.,0.));
#4511 = FACE_BOUND('',#4512,.T.);
#4512 = EDGE_LOOP('',(#4513,#4523,#4531,#4539));
#4513 = ORIENTED_EDGE('',*,*,#4514,.T.);
#4514 = EDGE_CURVE('',#4515,#4517,#4519,.T.);
#4515 = VERTEX_POINT('',#4516);
#4516 = CARTESIAN_POINT('',(0.32,-2.86,2.54));
#4517 = VERTEX_POINT('',#4518);
#4518 = CARTESIAN_POINT('',(-0.32,-2.86,2.54));
#4519 = LINE('',#4520,#4521);
#4520 = CARTESIAN_POINT('',(-0.16,-2.86,2.54));
#4521 = VECTOR('',#4522,1.);
#4522 = DIRECTION('',(-1.,0.,0.));
#4523 = ORIENTED_EDGE('',*,*,#4524,.T.);
#4524 = EDGE_CURVE('',#4517,#4525,#4527,.T.);
#4525 = VERTEX_POINT('',#4526);
#4526 = CARTESIAN_POINT('',(-0.32,-2.22,2.54));
#4527 = LINE('',#4528,#4529);
#4528 = CARTESIAN_POINT('',(-0.32,-2.7,2.54));
#4529 = VECTOR('',#4530,1.);
#4530 = DIRECTION('',(0.,1.,0.));
#4531 = ORIENTED_EDGE('',*,*,#4532,.F.);
#4532 = EDGE_CURVE('',#4533,#4525,#4535,.T.);
#4533 = VERTEX_POINT('',#4534);
#4534 = CARTESIAN_POINT('',(0.32,-2.22,2.54));
#4535 = LINE('',#4536,#4537);
#4536 = CARTESIAN_POINT('',(-0.16,-2.22,2.54));
#4537 = VECTOR('',#4538,1.);
#4538 = DIRECTION('',(-1.,0.,0.));
#4539 = ORIENTED_EDGE('',*,*,#4540,.F.);
#4540 = EDGE_CURVE('',#4515,#4533,#4541,.T.);
#4541 = LINE('',#4542,#4543);
#4542 = CARTESIAN_POINT('',(0.32,-2.7,2.54));
#4543 = VECTOR('',#4544,1.);
#4544 = DIRECTION('',(0.,1.,0.));
#4545 = FACE_BOUND('',#4546,.T.);
#4546 = EDGE_LOOP('',(#4547,#4557,#4565,#4573));
#4547 = ORIENTED_EDGE('',*,*,#4548,.F.);
#4548 = EDGE_CURVE('',#4549,#4551,#4553,.T.);
#4549 = VERTEX_POINT('',#4550);
#4550 = CARTESIAN_POINT('',(0.32,-4.76,2.54));
#4551 = VERTEX_POINT('',#4552);
#4552 = CARTESIAN_POINT('',(-0.32,-4.76,2.54));
#4553 = LINE('',#4554,#4555);
#4554 = CARTESIAN_POINT('',(-0.16,-4.76,2.54));
#4555 = VECTOR('',#4556,1.);
#4556 = DIRECTION('',(-1.,0.,0.));
#4557 = ORIENTED_EDGE('',*,*,#4558,.F.);
#4558 = EDGE_CURVE('',#4559,#4549,#4561,.T.);
#4559 = VERTEX_POINT('',#4560);
#4560 = CARTESIAN_POINT('',(0.32,-5.4,2.54));
#4561 = LINE('',#4562,#4563);
#4562 = CARTESIAN_POINT('',(0.32,-3.97,2.54));
#4563 = VECTOR('',#4564,1.);
#4564 = DIRECTION('',(0.,1.,0.));
#4565 = ORIENTED_EDGE('',*,*,#4566,.T.);
#4566 = EDGE_CURVE('',#4559,#4567,#4569,.T.);
#4567 = VERTEX_POINT('',#4568);
#4568 = CARTESIAN_POINT('',(-0.32,-5.4,2.54));
#4569 = LINE('',#4570,#4571);
#4570 = CARTESIAN_POINT('',(-0.16,-5.4,2.54));
#4571 = VECTOR('',#4572,1.);
#4572 = DIRECTION('',(-1.,0.,0.));
#4573 = ORIENTED_EDGE('',*,*,#4574,.T.);
#4574 = EDGE_CURVE('',#4567,#4551,#4575,.T.);
#4575 = LINE('',#4576,#4577);
#4576 = CARTESIAN_POINT('',(-0.32,-3.97,2.54));
#4577 = VECTOR('',#4578,1.);
#4578 = DIRECTION('',(0.,1.,0.));
#4579 = PLANE('',#4580);
#4580 = AXIS2_PLACEMENT_3D('',#4581,#4582,#4583);
#4581 = CARTESIAN_POINT('',(5.398204781459E-17,-2.54,2.54));
#4582 = DIRECTION('',(0.,0.,1.));
#4583 = DIRECTION('',(1.,0.,-0.));
#4584 = ADVANCED_FACE('',(#4585),#4596,.F.);
#4585 = FACE_BOUND('',#4586,.F.);
#4586 = EDGE_LOOP('',(#4587,#4593,#4594,#4595));
#4587 = ORIENTED_EDGE('',*,*,#4588,.T.);
#4588 = EDGE_CURVE('',#4217,#4464,#4589,.T.);
#4589 = LINE('',#4590,#4591);
#4590 = CARTESIAN_POINT('',(1.27,1.016,0.));
#4591 = VECTOR('',#4592,1.);
#4592 = DIRECTION('',(0.,0.,1.));
#4593 = ORIENTED_EDGE('',*,*,#4471,.T.);
#4594 = ORIENTED_EDGE('',*,*,#4032,.F.);
#4595 = ORIENTED_EDGE('',*,*,#4224,.F.);
#4596 = PLANE('',#4597);
#4597 = AXIS2_PLACEMENT_3D('',#4598,#4599,#4600);
#4598 = CARTESIAN_POINT('',(1.27,1.016,0.));
#4599 = DIRECTION('',(-0.707106781187,-0.707106781187,0.));
#4600 = DIRECTION('',(-0.707106781187,0.707106781187,0.));
#4601 = ADVANCED_FACE('',(#4602),#4613,.F.);
#4602 = FACE_BOUND('',#4603,.F.);
#4603 = EDGE_LOOP('',(#4604,#4605,#4606,#4612));
#4604 = ORIENTED_EDGE('',*,*,#4072,.T.);
#4605 = ORIENTED_EDGE('',*,*,#4343,.T.);
#4606 = ORIENTED_EDGE('',*,*,#4607,.F.);
#4607 = EDGE_CURVE('',#4097,#4344,#4608,.T.);
#4608 = LINE('',#4609,#4610);
#4609 = CARTESIAN_POINT('',(-1.016,-1.27,0.));
#4610 = VECTOR('',#4611,1.);
#4611 = DIRECTION('',(0.,0.,1.));
#4612 = ORIENTED_EDGE('',*,*,#4096,.F.);
#4613 = PLANE('',#4614);
#4614 = AXIS2_PLACEMENT_3D('',#4615,#4616,#4617);
#4615 = CARTESIAN_POINT('',(-1.27,-1.016,0.));
#4616 = DIRECTION('',(0.707106781187,0.707106781187,0.));
#4617 = DIRECTION('',(0.707106781187,-0.707106781187,0.));
#4618 = ADVANCED_FACE('',(#4619),#4630,.F.);
#4619 = FACE_BOUND('',#4620,.F.);
#4620 = EDGE_LOOP('',(#4621,#4627,#4628,#4629));
#4621 = ORIENTED_EDGE('',*,*,#4622,.T.);
#4622 = EDGE_CURVE('',#4209,#4456,#4623,.T.);
#4623 = LINE('',#4624,#4625);
#4624 = CARTESIAN_POINT('',(1.27,-1.016,0.));
#4625 = VECTOR('',#4626,1.);
#4626 = DIRECTION('',(0.,0.,1.));
#4627 = ORIENTED_EDGE('',*,*,#4463,.T.);
#4628 = ORIENTED_EDGE('',*,*,#4588,.F.);
#4629 = ORIENTED_EDGE('',*,*,#4216,.F.);
#4630 = PLANE('',#4631);
#4631 = AXIS2_PLACEMENT_3D('',#4632,#4633,#4634);
#4632 = CARTESIAN_POINT('',(1.27,-1.016,0.));
#4633 = DIRECTION('',(-1.,0.,0.));
#4634 = DIRECTION('',(0.,1.,0.));
#4635 = ADVANCED_FACE('',(#4636),#4647,.F.);
#4636 = FACE_BOUND('',#4637,.F.);
#4637 = EDGE_LOOP('',(#4638,#4639,#4640,#4646));
#4638 = ORIENTED_EDGE('',*,*,#4607,.T.);
#4639 = ORIENTED_EDGE('',*,*,#4351,.T.);
#4640 = ORIENTED_EDGE('',*,*,#4641,.F.);
#4641 = EDGE_CURVE('',#4105,#4352,#4642,.T.);
#4642 = LINE('',#4643,#4644);
#4643 = CARTESIAN_POINT('',(-1.27,-1.524,0.));
#4644 = VECTOR('',#4645,1.);
#4645 = DIRECTION('',(0.,0.,1.));
#4646 = ORIENTED_EDGE('',*,*,#4104,.F.);
#4647 = PLANE('',#4648);
#4648 = AXIS2_PLACEMENT_3D('',#4649,#4650,#4651);
#4649 = CARTESIAN_POINT('',(-1.016,-1.27,0.));
#4650 = DIRECTION('',(0.707106781187,-0.707106781187,0.));
#4651 = DIRECTION('',(-0.707106781187,-0.707106781187,0.));
#4652 = ADVANCED_FACE('',(#4653),#4664,.F.);
#4653 = FACE_BOUND('',#4654,.F.);
#4654 = EDGE_LOOP('',(#4655,#4661,#4662,#4663));
#4655 = ORIENTED_EDGE('',*,*,#4656,.T.);
#4656 = EDGE_CURVE('',#4201,#4448,#4657,.T.);
#4657 = LINE('',#4658,#4659);
#4658 = CARTESIAN_POINT('',(1.016,-1.27,0.));
#4659 = VECTOR('',#4660,1.);
#4660 = DIRECTION('',(0.,0.,1.));
#4661 = ORIENTED_EDGE('',*,*,#4455,.T.);
#4662 = ORIENTED_EDGE('',*,*,#4622,.F.);
#4663 = ORIENTED_EDGE('',*,*,#4208,.F.);
#4664 = PLANE('',#4665);
#4665 = AXIS2_PLACEMENT_3D('',#4666,#4667,#4668);
#4666 = CARTESIAN_POINT('',(1.016,-1.27,0.));
#4667 = DIRECTION('',(-0.707106781187,0.707106781187,0.));
#4668 = DIRECTION('',(0.707106781187,0.707106781187,0.));
#4669 = ADVANCED_FACE('',(#4670),#4681,.F.);
#4670 = FACE_BOUND('',#4671,.F.);
#4671 = EDGE_LOOP('',(#4672,#4673,#4674,#4680));
#4672 = ORIENTED_EDGE('',*,*,#4641,.T.);
#4673 = ORIENTED_EDGE('',*,*,#4359,.T.);
#4674 = ORIENTED_EDGE('',*,*,#4675,.F.);
#4675 = EDGE_CURVE('',#4113,#4360,#4676,.T.);
#4676 = LINE('',#4677,#4678);
#4677 = CARTESIAN_POINT('',(-1.27,-3.556,0.));
#4678 = VECTOR('',#4679,1.);
#4679 = DIRECTION('',(0.,0.,1.));
#4680 = ORIENTED_EDGE('',*,*,#4112,.F.);
#4681 = PLANE('',#4682);
#4682 = AXIS2_PLACEMENT_3D('',#4683,#4684,#4685);
#4683 = CARTESIAN_POINT('',(-1.27,-1.524,0.));
#4684 = DIRECTION('',(1.,0.,0.));
#4685 = DIRECTION('',(0.,-1.,0.));
#4686 = ADVANCED_FACE('',(#4687),#4698,.F.);
#4687 = FACE_BOUND('',#4688,.F.);
#4688 = EDGE_LOOP('',(#4689,#4695,#4696,#4697));
#4689 = ORIENTED_EDGE('',*,*,#4690,.T.);
#4690 = EDGE_CURVE('',#4193,#4440,#4691,.T.);
#4691 = LINE('',#4692,#4693);
#4692 = CARTESIAN_POINT('',(1.27,-1.524,0.));
#4693 = VECTOR('',#4694,1.);
#4694 = DIRECTION('',(0.,0.,1.));
#4695 = ORIENTED_EDGE('',*,*,#4447,.T.);
#4696 = ORIENTED_EDGE('',*,*,#4656,.F.);
#4697 = ORIENTED_EDGE('',*,*,#4200,.F.);
#4698 = PLANE('',#4699);
#4699 = AXIS2_PLACEMENT_3D('',#4700,#4701,#4702);
#4700 = CARTESIAN_POINT('',(1.27,-1.524,0.));
#4701 = DIRECTION('',(-0.707106781187,-0.707106781187,0.));
#4702 = DIRECTION('',(-0.707106781187,0.707106781187,0.));
#4703 = ADVANCED_FACE('',(#4704),#4715,.F.);
#4704 = FACE_BOUND('',#4705,.F.);
#4705 = EDGE_LOOP('',(#4706,#4707,#4708,#4714));
#4706 = ORIENTED_EDGE('',*,*,#4675,.T.);
#4707 = ORIENTED_EDGE('',*,*,#4367,.T.);
#4708 = ORIENTED_EDGE('',*,*,#4709,.F.);
#4709 = EDGE_CURVE('',#4121,#4368,#4710,.T.);
#4710 = LINE('',#4711,#4712);
#4711 = CARTESIAN_POINT('',(-1.016,-3.81,0.));
#4712 = VECTOR('',#4713,1.);
#4713 = DIRECTION('',(0.,0.,1.));
#4714 = ORIENTED_EDGE('',*,*,#4120,.F.);
#4715 = PLANE('',#4716);
#4716 = AXIS2_PLACEMENT_3D('',#4717,#4718,#4719);
#4717 = CARTESIAN_POINT('',(-1.27,-3.556,0.));
#4718 = DIRECTION('',(0.707106781187,0.707106781187,0.));
#4719 = DIRECTION('',(0.707106781187,-0.707106781187,0.));
#4720 = ADVANCED_FACE('',(#4721),#4732,.F.);
#4721 = FACE_BOUND('',#4722,.F.);
#4722 = EDGE_LOOP('',(#4723,#4729,#4730,#4731));
#4723 = ORIENTED_EDGE('',*,*,#4724,.T.);
#4724 = EDGE_CURVE('',#4185,#4432,#4725,.T.);
#4725 = LINE('',#4726,#4727);
#4726 = CARTESIAN_POINT('',(1.27,-3.556,0.));
#4727 = VECTOR('',#4728,1.);
#4728 = DIRECTION('',(0.,0.,1.));
#4729 = ORIENTED_EDGE('',*,*,#4439,.T.);
#4730 = ORIENTED_EDGE('',*,*,#4690,.F.);
#4731 = ORIENTED_EDGE('',*,*,#4192,.F.);
#4732 = PLANE('',#4733);
#4733 = AXIS2_PLACEMENT_3D('',#4734,#4735,#4736);
#4734 = CARTESIAN_POINT('',(1.27,-3.556,0.));
#4735 = DIRECTION('',(-1.,0.,0.));
#4736 = DIRECTION('',(0.,1.,0.));
#4737 = ADVANCED_FACE('',(#4738),#4749,.F.);
#4738 = FACE_BOUND('',#4739,.F.);
#4739 = EDGE_LOOP('',(#4740,#4741,#4742,#4748));
#4740 = ORIENTED_EDGE('',*,*,#4709,.T.);
#4741 = ORIENTED_EDGE('',*,*,#4375,.T.);
#4742 = ORIENTED_EDGE('',*,*,#4743,.F.);
#4743 = EDGE_CURVE('',#4129,#4376,#4744,.T.);
#4744 = LINE('',#4745,#4746);
#4745 = CARTESIAN_POINT('',(-1.27,-4.064,0.));
#4746 = VECTOR('',#4747,1.);
#4747 = DIRECTION('',(0.,0.,1.));
#4748 = ORIENTED_EDGE('',*,*,#4128,.F.);
#4749 = PLANE('',#4750);
#4750 = AXIS2_PLACEMENT_3D('',#4751,#4752,#4753);
#4751 = CARTESIAN_POINT('',(-1.016,-3.81,0.));
#4752 = DIRECTION('',(0.707106781187,-0.707106781187,0.));
#4753 = DIRECTION('',(-0.707106781187,-0.707106781187,0.));
#4754 = ADVANCED_FACE('',(#4755),#4766,.F.);
#4755 = FACE_BOUND('',#4756,.F.);
#4756 = EDGE_LOOP('',(#4757,#4763,#4764,#4765));
#4757 = ORIENTED_EDGE('',*,*,#4758,.T.);
#4758 = EDGE_CURVE('',#4177,#4424,#4759,.T.);
#4759 = LINE('',#4760,#4761);
#4760 = CARTESIAN_POINT('',(1.016,-3.81,0.));
#4761 = VECTOR('',#4762,1.);
#4762 = DIRECTION('',(0.,0.,1.));
#4763 = ORIENTED_EDGE('',*,*,#4431,.T.);
#4764 = ORIENTED_EDGE('',*,*,#4724,.F.);
#4765 = ORIENTED_EDGE('',*,*,#4184,.F.);
#4766 = PLANE('',#4767);
#4767 = AXIS2_PLACEMENT_3D('',#4768,#4769,#4770);
#4768 = CARTESIAN_POINT('',(1.016,-3.81,0.));
#4769 = DIRECTION('',(-0.707106781187,0.707106781187,0.));
#4770 = DIRECTION('',(0.707106781187,0.707106781187,0.));
#4771 = ADVANCED_FACE('',(#4772),#4783,.F.);
#4772 = FACE_BOUND('',#4773,.F.);
#4773 = EDGE_LOOP('',(#4774,#4775,#4776,#4782));
#4774 = ORIENTED_EDGE('',*,*,#4743,.T.);
#4775 = ORIENTED_EDGE('',*,*,#4383,.T.);
#4776 = ORIENTED_EDGE('',*,*,#4777,.F.);
#4777 = EDGE_CURVE('',#4137,#4384,#4778,.T.);
#4778 = LINE('',#4779,#4780);
#4779 = CARTESIAN_POINT('',(-1.27,-6.096,0.));
#4780 = VECTOR('',#4781,1.);
#4781 = DIRECTION('',(0.,0.,1.));
#4782 = ORIENTED_EDGE('',*,*,#4136,.F.);
#4783 = PLANE('',#4784);
#4784 = AXIS2_PLACEMENT_3D('',#4785,#4786,#4787);
#4785 = CARTESIAN_POINT('',(-1.27,-4.064,0.));
#4786 = DIRECTION('',(1.,0.,0.));
#4787 = DIRECTION('',(0.,-1.,0.));
#4788 = ADVANCED_FACE('',(#4789),#4800,.F.);
#4789 = FACE_BOUND('',#4790,.F.);
#4790 = EDGE_LOOP('',(#4791,#4797,#4798,#4799));
#4791 = ORIENTED_EDGE('',*,*,#4792,.T.);
#4792 = EDGE_CURVE('',#4169,#4416,#4793,.T.);
#4793 = LINE('',#4794,#4795);
#4794 = CARTESIAN_POINT('',(1.27,-4.064,0.));
#4795 = VECTOR('',#4796,1.);
#4796 = DIRECTION('',(0.,0.,1.));
#4797 = ORIENTED_EDGE('',*,*,#4423,.T.);
#4798 = ORIENTED_EDGE('',*,*,#4758,.F.);
#4799 = ORIENTED_EDGE('',*,*,#4176,.F.);
#4800 = PLANE('',#4801);
#4801 = AXIS2_PLACEMENT_3D('',#4802,#4803,#4804);
#4802 = CARTESIAN_POINT('',(1.27,-4.064,0.));
#4803 = DIRECTION('',(-0.707106781187,-0.707106781187,0.));
#4804 = DIRECTION('',(-0.707106781187,0.707106781187,0.));
#4805 = ADVANCED_FACE('',(#4806),#4817,.F.);
#4806 = FACE_BOUND('',#4807,.F.);
#4807 = EDGE_LOOP('',(#4808,#4809,#4810,#4816));
#4808 = ORIENTED_EDGE('',*,*,#4777,.T.);
#4809 = ORIENTED_EDGE('',*,*,#4391,.T.);
#4810 = ORIENTED_EDGE('',*,*,#4811,.F.);
#4811 = EDGE_CURVE('',#4145,#4392,#4812,.T.);
#4812 = LINE('',#4813,#4814);
#4813 = CARTESIAN_POINT('',(-1.016,-6.35,0.));
#4814 = VECTOR('',#4815,1.);
#4815 = DIRECTION('',(0.,0.,1.));
#4816 = ORIENTED_EDGE('',*,*,#4144,.F.);
#4817 = PLANE('',#4818);
#4818 = AXIS2_PLACEMENT_3D('',#4819,#4820,#4821);
#4819 = CARTESIAN_POINT('',(-1.27,-6.096,0.));
#4820 = DIRECTION('',(0.707106781187,0.707106781187,0.));
#4821 = DIRECTION('',(0.707106781187,-0.707106781187,0.));
#4822 = ADVANCED_FACE('',(#4823),#4834,.F.);
#4823 = FACE_BOUND('',#4824,.F.);
#4824 = EDGE_LOOP('',(#4825,#4831,#4832,#4833));
#4825 = ORIENTED_EDGE('',*,*,#4826,.T.);
#4826 = EDGE_CURVE('',#4161,#4408,#4827,.T.);
#4827 = LINE('',#4828,#4829);
#4828 = CARTESIAN_POINT('',(1.27,-6.096,0.));
#4829 = VECTOR('',#4830,1.);
#4830 = DIRECTION('',(0.,0.,1.));
#4831 = ORIENTED_EDGE('',*,*,#4415,.T.);
#4832 = ORIENTED_EDGE('',*,*,#4792,.F.);
#4833 = ORIENTED_EDGE('',*,*,#4168,.F.);
#4834 = PLANE('',#4835);
#4835 = AXIS2_PLACEMENT_3D('',#4836,#4837,#4838);
#4836 = CARTESIAN_POINT('',(1.27,-6.096,0.));
#4837 = DIRECTION('',(-1.,0.,0.));
#4838 = DIRECTION('',(0.,1.,0.));
#4839 = ADVANCED_FACE('',(#4840),#4851,.F.);
#4840 = FACE_BOUND('',#4841,.F.);
#4841 = EDGE_LOOP('',(#4842,#4843,#4844,#4850));
#4842 = ORIENTED_EDGE('',*,*,#4811,.T.);
#4843 = ORIENTED_EDGE('',*,*,#4399,.T.);
#4844 = ORIENTED_EDGE('',*,*,#4845,.F.);
#4845 = EDGE_CURVE('',#4153,#4400,#4846,.T.);
#4846 = LINE('',#4847,#4848);
#4847 = CARTESIAN_POINT('',(1.016,-6.35,0.));
#4848 = VECTOR('',#4849,1.);
#4849 = DIRECTION('',(0.,0.,1.));
#4850 = ORIENTED_EDGE('',*,*,#4152,.F.);
#4851 = PLANE('',#4852);
#4852 = AXIS2_PLACEMENT_3D('',#4853,#4854,#4855);
#4853 = CARTESIAN_POINT('',(-1.016,-6.35,0.));
#4854 = DIRECTION('',(0.,1.,0.));
#4855 = DIRECTION('',(1.,0.,0.));
#4856 = ADVANCED_FACE('',(#4857),#4863,.F.);
#4857 = FACE_BOUND('',#4858,.F.);
#4858 = EDGE_LOOP('',(#4859,#4860,#4861,#4862));
#4859 = ORIENTED_EDGE('',*,*,#4845,.T.);
#4860 = ORIENTED_EDGE('',*,*,#4407,.T.);
#4861 = ORIENTED_EDGE('',*,*,#4826,.F.);
#4862 = ORIENTED_EDGE('',*,*,#4160,.F.);
#4863 = PLANE('',#4864);
#4864 = AXIS2_PLACEMENT_3D('',#4865,#4866,#4867);
#4865 = CARTESIAN_POINT('',(1.016,-6.35,0.));
#4866 = DIRECTION('',(-0.707106781187,0.707106781187,0.));
#4867 = DIRECTION('',(0.707106781187,0.707106781187,0.));
#4868 = ADVANCED_FACE('',(#4869),#4894,.T.);
#4869 = FACE_BOUND('',#4870,.T.);
#4870 = EDGE_LOOP('',(#4871,#4879,#4887,#4893));
#4871 = ORIENTED_EDGE('',*,*,#4872,.F.);
#4872 = EDGE_CURVE('',#4873,#4234,#4875,.T.);
#4873 = VERTEX_POINT('',#4874);
#4874 = CARTESIAN_POINT('',(0.32,-0.32,-2.84));
#4875 = LINE('',#4876,#4877);
#4876 = CARTESIAN_POINT('',(0.32,-0.32,-3.));
#4877 = VECTOR('',#4878,1.);
#4878 = DIRECTION('',(0.,0.,1.));
#4879 = ORIENTED_EDGE('',*,*,#4880,.T.);
#4880 = EDGE_CURVE('',#4873,#4881,#4883,.T.);
#4881 = VERTEX_POINT('',#4882);
#4882 = CARTESIAN_POINT('',(0.32,0.32,-2.84));
#4883 = LINE('',#4884,#4885);
#4884 = CARTESIAN_POINT('',(0.32,-0.32,-2.84));
#4885 = VECTOR('',#4886,1.);
#4886 = DIRECTION('',(0.,1.,0.));
#4887 = ORIENTED_EDGE('',*,*,#4888,.T.);
#4888 = EDGE_CURVE('',#4881,#4236,#4889,.T.);
#4889 = LINE('',#4890,#4891);
#4890 = CARTESIAN_POINT('',(0.32,0.32,-3.));
#4891 = VECTOR('',#4892,1.);
#4892 = DIRECTION('',(0.,0.,1.));
#4893 = ORIENTED_EDGE('',*,*,#4233,.F.);
#4894 = PLANE('',#4895);
#4895 = AXIS2_PLACEMENT_3D('',#4896,#4897,#4898);
#4896 = CARTESIAN_POINT('',(0.32,-0.32,-3.));
#4897 = DIRECTION('',(1.,0.,0.));
#4898 = DIRECTION('',(0.,0.,1.));
#4899 = ADVANCED_FACE('',(#4900),#4918,.T.);
#4900 = FACE_BOUND('',#4901,.T.);
#4901 = EDGE_LOOP('',(#4902,#4903,#4911,#4917));
#4902 = ORIENTED_EDGE('',*,*,#4888,.F.);
#4903 = ORIENTED_EDGE('',*,*,#4904,.F.);
#4904 = EDGE_CURVE('',#4905,#4881,#4907,.T.);
#4905 = VERTEX_POINT('',#4906);
#4906 = CARTESIAN_POINT('',(-0.32,0.32,-2.84));
#4907 = LINE('',#4908,#4909);
#4908 = CARTESIAN_POINT('',(-0.32,0.32,-2.84));
#4909 = VECTOR('',#4910,1.);
#4910 = DIRECTION('',(1.,0.,0.));
#4911 = ORIENTED_EDGE('',*,*,#4912,.T.);
#4912 = EDGE_CURVE('',#4905,#4252,#4913,.T.);
#4913 = LINE('',#4914,#4915);
#4914 = CARTESIAN_POINT('',(-0.32,0.32,-3.));
#4915 = VECTOR('',#4916,1.);
#4916 = DIRECTION('',(0.,0.,1.));
#4917 = ORIENTED_EDGE('',*,*,#4259,.F.);
#4918 = PLANE('',#4919);
#4919 = AXIS2_PLACEMENT_3D('',#4920,#4921,#4922);
#4920 = CARTESIAN_POINT('',(-0.32,0.32,-3.));
#4921 = DIRECTION('',(0.,1.,0.));
#4922 = DIRECTION('',(0.,-0.,1.));
#4923 = ADVANCED_FACE('',(#4924),#4942,.F.);
#4924 = FACE_BOUND('',#4925,.F.);
#4925 = EDGE_LOOP('',(#4926,#4934,#4940,#4941));
#4926 = ORIENTED_EDGE('',*,*,#4927,.F.);
#4927 = EDGE_CURVE('',#4928,#4244,#4930,.T.);
#4928 = VERTEX_POINT('',#4929);
#4929 = CARTESIAN_POINT('',(-0.32,-0.32,-2.84));
#4930 = LINE('',#4931,#4932);
#4931 = CARTESIAN_POINT('',(-0.32,-0.32,-3.));
#4932 = VECTOR('',#4933,1.);
#4933 = DIRECTION('',(0.,0.,1.));
#4934 = ORIENTED_EDGE('',*,*,#4935,.T.);
#4935 = EDGE_CURVE('',#4928,#4905,#4936,.T.);
#4936 = LINE('',#4937,#4938);
#4937 = CARTESIAN_POINT('',(-0.32,-0.32,-2.84));
#4938 = VECTOR('',#4939,1.);
#4939 = DIRECTION('',(0.,1.,0.));
#4940 = ORIENTED_EDGE('',*,*,#4912,.T.);
#4941 = ORIENTED_EDGE('',*,*,#4251,.F.);
#4942 = PLANE('',#4943);
#4943 = AXIS2_PLACEMENT_3D('',#4944,#4945,#4946);
#4944 = CARTESIAN_POINT('',(-0.32,-0.32,-3.));
#4945 = DIRECTION('',(1.,0.,0.));
#4946 = DIRECTION('',(0.,0.,1.));
#4947 = ADVANCED_FACE('',(#4948),#4959,.F.);
#4948 = FACE_BOUND('',#4949,.F.);
#4949 = EDGE_LOOP('',(#4950,#4951,#4957,#4958));
#4950 = ORIENTED_EDGE('',*,*,#4872,.F.);
#4951 = ORIENTED_EDGE('',*,*,#4952,.F.);
#4952 = EDGE_CURVE('',#4928,#4873,#4953,.T.);
#4953 = LINE('',#4954,#4955);
#4954 = CARTESIAN_POINT('',(-0.32,-0.32,-2.84));
#4955 = VECTOR('',#4956,1.);
#4956 = DIRECTION('',(1.,0.,0.));
#4957 = ORIENTED_EDGE('',*,*,#4927,.T.);
#4958 = ORIENTED_EDGE('',*,*,#4243,.F.);
#4959 = PLANE('',#4960);
#4960 = AXIS2_PLACEMENT_3D('',#4961,#4962,#4963);
#4961 = CARTESIAN_POINT('',(-0.32,-0.32,-3.));
#4962 = DIRECTION('',(0.,1.,0.));
#4963 = DIRECTION('',(0.,-0.,1.));
#4964 = ADVANCED_FACE('',(#4965),#4990,.F.);
#4965 = FACE_BOUND('',#4966,.F.);
#4966 = EDGE_LOOP('',(#4967,#4975,#4983,#4989));
#4967 = ORIENTED_EDGE('',*,*,#4968,.F.);
#4968 = EDGE_CURVE('',#4969,#4268,#4971,.T.);
#4969 = VERTEX_POINT('',#4970);
#4970 = CARTESIAN_POINT('',(0.32,-2.86,-2.84));
#4971 = LINE('',#4972,#4973);
#4972 = CARTESIAN_POINT('',(0.32,-2.86,-3.));
#4973 = VECTOR('',#4974,1.);
#4974 = DIRECTION('',(0.,0.,1.));
#4975 = ORIENTED_EDGE('',*,*,#4976,.F.);
#4976 = EDGE_CURVE('',#4977,#4969,#4979,.T.);
#4977 = VERTEX_POINT('',#4978);
#4978 = CARTESIAN_POINT('',(-0.32,-2.86,-2.84));
#4979 = LINE('',#4980,#4981);
#4980 = CARTESIAN_POINT('',(-0.32,-2.86,-2.84));
#4981 = VECTOR('',#4982,1.);
#4982 = DIRECTION('',(1.,0.,0.));
#4983 = ORIENTED_EDGE('',*,*,#4984,.T.);
#4984 = EDGE_CURVE('',#4977,#4270,#4985,.T.);
#4985 = LINE('',#4986,#4987);
#4986 = CARTESIAN_POINT('',(-0.32,-2.86,-3.));
#4987 = VECTOR('',#4988,1.);
#4988 = DIRECTION('',(0.,0.,1.));
#4989 = ORIENTED_EDGE('',*,*,#4267,.F.);
#4990 = PLANE('',#4991);
#4991 = AXIS2_PLACEMENT_3D('',#4992,#4993,#4994);
#4992 = CARTESIAN_POINT('',(-0.32,-2.86,-3.));
#4993 = DIRECTION('',(0.,1.,0.));
#4994 = DIRECTION('',(0.,-0.,1.));
#4995 = ADVANCED_FACE('',(#4996),#5014,.T.);
#4996 = FACE_BOUND('',#4997,.T.);
#4997 = EDGE_LOOP('',(#4998,#4999,#5007,#5013));
#4998 = ORIENTED_EDGE('',*,*,#4968,.F.);
#4999 = ORIENTED_EDGE('',*,*,#5000,.T.);
#5000 = EDGE_CURVE('',#4969,#5001,#5003,.T.);
#5001 = VERTEX_POINT('',#5002);
#5002 = CARTESIAN_POINT('',(0.32,-2.22,-2.84));
#5003 = LINE('',#5004,#5005);
#5004 = CARTESIAN_POINT('',(0.32,-2.86,-2.84));
#5005 = VECTOR('',#5006,1.);
#5006 = DIRECTION('',(0.,1.,0.));
#5007 = ORIENTED_EDGE('',*,*,#5008,.T.);
#5008 = EDGE_CURVE('',#5001,#4286,#5009,.T.);
#5009 = LINE('',#5010,#5011);
#5010 = CARTESIAN_POINT('',(0.32,-2.22,-3.));
#5011 = VECTOR('',#5012,1.);
#5012 = DIRECTION('',(0.,0.,1.));
#5013 = ORIENTED_EDGE('',*,*,#4293,.F.);
#5014 = PLANE('',#5015);
#5015 = AXIS2_PLACEMENT_3D('',#5016,#5017,#5018);
#5016 = CARTESIAN_POINT('',(0.32,-2.86,-3.));
#5017 = DIRECTION('',(1.,0.,0.));
#5018 = DIRECTION('',(0.,0.,1.));
#5019 = ADVANCED_FACE('',(#5020),#5038,.T.);
#5020 = FACE_BOUND('',#5021,.T.);
#5021 = EDGE_LOOP('',(#5022,#5023,#5031,#5037));
#5022 = ORIENTED_EDGE('',*,*,#5008,.F.);
#5023 = ORIENTED_EDGE('',*,*,#5024,.F.);
#5024 = EDGE_CURVE('',#5025,#5001,#5027,.T.);
#5025 = VERTEX_POINT('',#5026);
#5026 = CARTESIAN_POINT('',(-0.32,-2.22,-2.84));
#5027 = LINE('',#5028,#5029);
#5028 = CARTESIAN_POINT('',(-0.32,-2.22,-2.84));
#5029 = VECTOR('',#5030,1.);
#5030 = DIRECTION('',(1.,0.,0.));
#5031 = ORIENTED_EDGE('',*,*,#5032,.T.);
#5032 = EDGE_CURVE('',#5025,#4278,#5033,.T.);
#5033 = LINE('',#5034,#5035);
#5034 = CARTESIAN_POINT('',(-0.32,-2.22,-3.));
#5035 = VECTOR('',#5036,1.);
#5036 = DIRECTION('',(0.,0.,1.));
#5037 = ORIENTED_EDGE('',*,*,#4285,.F.);
#5038 = PLANE('',#5039);
#5039 = AXIS2_PLACEMENT_3D('',#5040,#5041,#5042);
#5040 = CARTESIAN_POINT('',(-0.32,-2.22,-3.));
#5041 = DIRECTION('',(0.,1.,0.));
#5042 = DIRECTION('',(0.,-0.,1.));
#5043 = ADVANCED_FACE('',(#5044),#5055,.F.);
#5044 = FACE_BOUND('',#5045,.F.);
#5045 = EDGE_LOOP('',(#5046,#5047,#5053,#5054));
#5046 = ORIENTED_EDGE('',*,*,#4984,.F.);
#5047 = ORIENTED_EDGE('',*,*,#5048,.T.);
#5048 = EDGE_CURVE('',#4977,#5025,#5049,.T.);
#5049 = LINE('',#5050,#5051);
#5050 = CARTESIAN_POINT('',(-0.32,-2.86,-2.84));
#5051 = VECTOR('',#5052,1.);
#5052 = DIRECTION('',(0.,1.,0.));
#5053 = ORIENTED_EDGE('',*,*,#5032,.T.);
#5054 = ORIENTED_EDGE('',*,*,#4277,.F.);
#5055 = PLANE('',#5056);
#5056 = AXIS2_PLACEMENT_3D('',#5057,#5058,#5059);
#5057 = CARTESIAN_POINT('',(-0.32,-2.86,-3.));
#5058 = DIRECTION('',(1.,0.,0.));
#5059 = DIRECTION('',(0.,0.,1.));
#5060 = ADVANCED_FACE('',(#5061),#5086,.T.);
#5061 = FACE_BOUND('',#5062,.T.);
#5062 = EDGE_LOOP('',(#5063,#5071,#5079,#5085));
#5063 = ORIENTED_EDGE('',*,*,#5064,.F.);
#5064 = EDGE_CURVE('',#5065,#4302,#5067,.T.);
#5065 = VERTEX_POINT('',#5066);
#5066 = CARTESIAN_POINT('',(0.32,-4.76,-2.84));
#5067 = LINE('',#5068,#5069);
#5068 = CARTESIAN_POINT('',(0.32,-4.76,-3.));
#5069 = VECTOR('',#5070,1.);
#5070 = DIRECTION('',(0.,0.,1.));
#5071 = ORIENTED_EDGE('',*,*,#5072,.F.);
#5072 = EDGE_CURVE('',#5073,#5065,#5075,.T.);
#5073 = VERTEX_POINT('',#5074);
#5074 = CARTESIAN_POINT('',(-0.32,-4.76,-2.84));
#5075 = LINE('',#5076,#5077);
#5076 = CARTESIAN_POINT('',(-0.32,-4.76,-2.84));
#5077 = VECTOR('',#5078,1.);
#5078 = DIRECTION('',(1.,0.,0.));
#5079 = ORIENTED_EDGE('',*,*,#5080,.T.);
#5080 = EDGE_CURVE('',#5073,#4304,#5081,.T.);
#5081 = LINE('',#5082,#5083);
#5082 = CARTESIAN_POINT('',(-0.32,-4.76,-3.));
#5083 = VECTOR('',#5084,1.);
#5084 = DIRECTION('',(0.,0.,1.));
#5085 = ORIENTED_EDGE('',*,*,#4301,.F.);
#5086 = PLANE('',#5087);
#5087 = AXIS2_PLACEMENT_3D('',#5088,#5089,#5090);
#5088 = CARTESIAN_POINT('',(-0.32,-4.76,-3.));
#5089 = DIRECTION('',(0.,1.,0.));
#5090 = DIRECTION('',(0.,-0.,1.));
#5091 = ADVANCED_FACE('',(#5092),#5110,.F.);
#5092 = FACE_BOUND('',#5093,.F.);
#5093 = EDGE_LOOP('',(#5094,#5102,#5108,#5109));
#5094 = ORIENTED_EDGE('',*,*,#5095,.F.);
#5095 = EDGE_CURVE('',#5096,#4320,#5098,.T.);
#5096 = VERTEX_POINT('',#5097);
#5097 = CARTESIAN_POINT('',(-0.32,-5.4,-2.84));
#5098 = LINE('',#5099,#5100);
#5099 = CARTESIAN_POINT('',(-0.32,-5.4,-3.));
#5100 = VECTOR('',#5101,1.);
#5101 = DIRECTION('',(0.,0.,1.));
#5102 = ORIENTED_EDGE('',*,*,#5103,.T.);
#5103 = EDGE_CURVE('',#5096,#5073,#5104,.T.);
#5104 = LINE('',#5105,#5106);
#5105 = CARTESIAN_POINT('',(-0.32,-5.4,-2.84));
#5106 = VECTOR('',#5107,1.);
#5107 = DIRECTION('',(0.,1.,0.));
#5108 = ORIENTED_EDGE('',*,*,#5080,.T.);
#5109 = ORIENTED_EDGE('',*,*,#4327,.F.);
#5110 = PLANE('',#5111);
#5111 = AXIS2_PLACEMENT_3D('',#5112,#5113,#5114);
#5112 = CARTESIAN_POINT('',(-0.32,-5.4,-3.));
#5113 = DIRECTION('',(1.,0.,0.));
#5114 = DIRECTION('',(0.,0.,1.));
#5115 = ADVANCED_FACE('',(#5116),#5134,.F.);
#5116 = FACE_BOUND('',#5117,.F.);
#5117 = EDGE_LOOP('',(#5118,#5126,#5132,#5133));
#5118 = ORIENTED_EDGE('',*,*,#5119,.F.);
#5119 = EDGE_CURVE('',#5120,#4312,#5122,.T.);
#5120 = VERTEX_POINT('',#5121);
#5121 = CARTESIAN_POINT('',(0.32,-5.4,-2.84));
#5122 = LINE('',#5123,#5124);
#5123 = CARTESIAN_POINT('',(0.32,-5.4,-3.));
#5124 = VECTOR('',#5125,1.);
#5125 = DIRECTION('',(0.,0.,1.));
#5126 = ORIENTED_EDGE('',*,*,#5127,.F.);
#5127 = EDGE_CURVE('',#5096,#5120,#5128,.T.);
#5128 = LINE('',#5129,#5130);
#5129 = CARTESIAN_POINT('',(-0.32,-5.4,-2.84));
#5130 = VECTOR('',#5131,1.);
#5131 = DIRECTION('',(1.,0.,0.));
#5132 = ORIENTED_EDGE('',*,*,#5095,.T.);
#5133 = ORIENTED_EDGE('',*,*,#4319,.F.);
#5134 = PLANE('',#5135);
#5135 = AXIS2_PLACEMENT_3D('',#5136,#5137,#5138);
#5136 = CARTESIAN_POINT('',(-0.32,-5.4,-3.));
#5137 = DIRECTION('',(0.,1.,0.));
#5138 = DIRECTION('',(0.,-0.,1.));
#5139 = ADVANCED_FACE('',(#5140),#5151,.T.);
#5140 = FACE_BOUND('',#5141,.T.);
#5141 = EDGE_LOOP('',(#5142,#5143,#5149,#5150));
#5142 = ORIENTED_EDGE('',*,*,#5119,.F.);
#5143 = ORIENTED_EDGE('',*,*,#5144,.T.);
#5144 = EDGE_CURVE('',#5120,#5065,#5145,.T.);
#5145 = LINE('',#5146,#5147);
#5146 = CARTESIAN_POINT('',(0.32,-5.4,-2.84));
#5147 = VECTOR('',#5148,1.);
#5148 = DIRECTION('',(0.,1.,0.));
#5149 = ORIENTED_EDGE('',*,*,#5064,.T.);
#5150 = ORIENTED_EDGE('',*,*,#4311,.F.);
#5151 = PLANE('',#5152);
#5152 = AXIS2_PLACEMENT_3D('',#5153,#5154,#5155);
#5153 = CARTESIAN_POINT('',(0.32,-5.4,-3.));
#5154 = DIRECTION('',(1.,0.,0.));
#5155 = DIRECTION('',(0.,0.,1.));
#5156 = ADVANCED_FACE('',(#5157),#5182,.T.);
#5157 = FACE_BOUND('',#5158,.T.);
#5158 = EDGE_LOOP('',(#5159,#5167,#5168,#5176));
#5159 = ORIENTED_EDGE('',*,*,#5160,.F.);
#5160 = EDGE_CURVE('',#4481,#5161,#5163,.T.);
#5161 = VERTEX_POINT('',#5162);
#5162 = CARTESIAN_POINT('',(0.32,-0.32,8.38));
#5163 = LINE('',#5164,#5165);
#5164 = CARTESIAN_POINT('',(0.32,-0.32,-3.));
#5165 = VECTOR('',#5166,1.);
#5166 = DIRECTION('',(0.,0.,1.));
#5167 = ORIENTED_EDGE('',*,*,#4480,.T.);
#5168 = ORIENTED_EDGE('',*,*,#5169,.T.);
#5169 = EDGE_CURVE('',#4483,#5170,#5172,.T.);
#5170 = VERTEX_POINT('',#5171);
#5171 = CARTESIAN_POINT('',(0.32,0.32,8.38));
#5172 = LINE('',#5173,#5174);
#5173 = CARTESIAN_POINT('',(0.32,0.32,-3.));
#5174 = VECTOR('',#5175,1.);
#5175 = DIRECTION('',(0.,0.,1.));
#5176 = ORIENTED_EDGE('',*,*,#5177,.F.);
#5177 = EDGE_CURVE('',#5161,#5170,#5178,.T.);
#5178 = LINE('',#5179,#5180);
#5179 = CARTESIAN_POINT('',(0.32,-0.32,8.38));
#5180 = VECTOR('',#5181,1.);
#5181 = DIRECTION('',(0.,1.,0.));
#5182 = PLANE('',#5183);
#5183 = AXIS2_PLACEMENT_3D('',#5184,#5185,#5186);
#5184 = CARTESIAN_POINT('',(0.32,-0.32,-3.));
#5185 = DIRECTION('',(1.,0.,0.));
#5186 = DIRECTION('',(0.,0.,1.));
#5187 = ADVANCED_FACE('',(#5188),#5206,.T.);
#5188 = FACE_BOUND('',#5189,.T.);
#5189 = EDGE_LOOP('',(#5190,#5191,#5192,#5200));
#5190 = ORIENTED_EDGE('',*,*,#5169,.F.);
#5191 = ORIENTED_EDGE('',*,*,#4506,.T.);
#5192 = ORIENTED_EDGE('',*,*,#5193,.T.);
#5193 = EDGE_CURVE('',#4499,#5194,#5196,.T.);
#5194 = VERTEX_POINT('',#5195);
#5195 = CARTESIAN_POINT('',(-0.32,0.32,8.38));
#5196 = LINE('',#5197,#5198);
#5197 = CARTESIAN_POINT('',(-0.32,0.32,-3.));
#5198 = VECTOR('',#5199,1.);
#5199 = DIRECTION('',(0.,0.,1.));
#5200 = ORIENTED_EDGE('',*,*,#5201,.T.);
#5201 = EDGE_CURVE('',#5194,#5170,#5202,.T.);
#5202 = LINE('',#5203,#5204);
#5203 = CARTESIAN_POINT('',(-0.32,0.32,8.38));
#5204 = VECTOR('',#5205,1.);
#5205 = DIRECTION('',(1.,0.,0.));
#5206 = PLANE('',#5207);
#5207 = AXIS2_PLACEMENT_3D('',#5208,#5209,#5210);
#5208 = CARTESIAN_POINT('',(-0.32,0.32,-3.));
#5209 = DIRECTION('',(0.,1.,0.));
#5210 = DIRECTION('',(0.,-0.,1.));
#5211 = ADVANCED_FACE('',(#5212),#5230,.F.);
#5212 = FACE_BOUND('',#5213,.F.);
#5213 = EDGE_LOOP('',(#5214,#5222,#5223,#5224));
#5214 = ORIENTED_EDGE('',*,*,#5215,.F.);
#5215 = EDGE_CURVE('',#4491,#5216,#5218,.T.);
#5216 = VERTEX_POINT('',#5217);
#5217 = CARTESIAN_POINT('',(-0.32,-0.32,8.38));
#5218 = LINE('',#5219,#5220);
#5219 = CARTESIAN_POINT('',(-0.32,-0.32,-3.));
#5220 = VECTOR('',#5221,1.);
#5221 = DIRECTION('',(0.,0.,1.));
#5222 = ORIENTED_EDGE('',*,*,#4498,.T.);
#5223 = ORIENTED_EDGE('',*,*,#5193,.T.);
#5224 = ORIENTED_EDGE('',*,*,#5225,.F.);
#5225 = EDGE_CURVE('',#5216,#5194,#5226,.T.);
#5226 = LINE('',#5227,#5228);
#5227 = CARTESIAN_POINT('',(-0.32,-0.32,8.38));
#5228 = VECTOR('',#5229,1.);
#5229 = DIRECTION('',(0.,1.,0.));
#5230 = PLANE('',#5231);
#5231 = AXIS2_PLACEMENT_3D('',#5232,#5233,#5234);
#5232 = CARTESIAN_POINT('',(-0.32,-0.32,-3.));
#5233 = DIRECTION('',(1.,0.,0.));
#5234 = DIRECTION('',(0.,0.,1.));
#5235 = ADVANCED_FACE('',(#5236),#5247,.F.);
#5236 = FACE_BOUND('',#5237,.F.);
#5237 = EDGE_LOOP('',(#5238,#5239,#5240,#5241));
#5238 = ORIENTED_EDGE('',*,*,#5160,.F.);
#5239 = ORIENTED_EDGE('',*,*,#4490,.T.);
#5240 = ORIENTED_EDGE('',*,*,#5215,.T.);
#5241 = ORIENTED_EDGE('',*,*,#5242,.T.);
#5242 = EDGE_CURVE('',#5216,#5161,#5243,.T.);
#5243 = LINE('',#5244,#5245);
#5244 = CARTESIAN_POINT('',(-0.32,-0.32,8.38));
#5245 = VECTOR('',#5246,1.);
#5246 = DIRECTION('',(1.,0.,0.));
#5247 = PLANE('',#5248);
#5248 = AXIS2_PLACEMENT_3D('',#5249,#5250,#5251);
#5249 = CARTESIAN_POINT('',(-0.32,-0.32,-3.));
#5250 = DIRECTION('',(0.,1.,0.));
#5251 = DIRECTION('',(0.,-0.,1.));
#5252 = ADVANCED_FACE('',(#5253),#5278,.F.);
#5253 = FACE_BOUND('',#5254,.F.);
#5254 = EDGE_LOOP('',(#5255,#5263,#5264,#5272));
#5255 = ORIENTED_EDGE('',*,*,#5256,.F.);
#5256 = EDGE_CURVE('',#4515,#5257,#5259,.T.);
#5257 = VERTEX_POINT('',#5258);
#5258 = CARTESIAN_POINT('',(0.32,-2.86,8.38));
#5259 = LINE('',#5260,#5261);
#5260 = CARTESIAN_POINT('',(0.32,-2.86,-3.));
#5261 = VECTOR('',#5262,1.);
#5262 = DIRECTION('',(0.,0.,1.));
#5263 = ORIENTED_EDGE('',*,*,#4514,.T.);
#5264 = ORIENTED_EDGE('',*,*,#5265,.T.);
#5265 = EDGE_CURVE('',#4517,#5266,#5268,.T.);
#5266 = VERTEX_POINT('',#5267);
#5267 = CARTESIAN_POINT('',(-0.32,-2.86,8.38));
#5268 = LINE('',#5269,#5270);
#5269 = CARTESIAN_POINT('',(-0.32,-2.86,-3.));
#5270 = VECTOR('',#5271,1.);
#5271 = DIRECTION('',(0.,0.,1.));
#5272 = ORIENTED_EDGE('',*,*,#5273,.T.);
#5273 = EDGE_CURVE('',#5266,#5257,#5274,.T.);
#5274 = LINE('',#5275,#5276);
#5275 = CARTESIAN_POINT('',(-0.32,-2.86,8.38));
#5276 = VECTOR('',#5277,1.);
#5277 = DIRECTION('',(1.,0.,0.));
#5278 = PLANE('',#5279);
#5279 = AXIS2_PLACEMENT_3D('',#5280,#5281,#5282);
#5280 = CARTESIAN_POINT('',(-0.32,-2.86,-3.));
#5281 = DIRECTION('',(0.,1.,0.));
#5282 = DIRECTION('',(0.,-0.,1.));
#5283 = ADVANCED_FACE('',(#5284),#5302,.T.);
#5284 = FACE_BOUND('',#5285,.T.);
#5285 = EDGE_LOOP('',(#5286,#5287,#5288,#5296));
#5286 = ORIENTED_EDGE('',*,*,#5256,.F.);
#5287 = ORIENTED_EDGE('',*,*,#4540,.T.);
#5288 = ORIENTED_EDGE('',*,*,#5289,.T.);
#5289 = EDGE_CURVE('',#4533,#5290,#5292,.T.);
#5290 = VERTEX_POINT('',#5291);
#5291 = CARTESIAN_POINT('',(0.32,-2.22,8.38));
#5292 = LINE('',#5293,#5294);
#5293 = CARTESIAN_POINT('',(0.32,-2.22,-3.));
#5294 = VECTOR('',#5295,1.);
#5295 = DIRECTION('',(0.,0.,1.));
#5296 = ORIENTED_EDGE('',*,*,#5297,.F.);
#5297 = EDGE_CURVE('',#5257,#5290,#5298,.T.);
#5298 = LINE('',#5299,#5300);
#5299 = CARTESIAN_POINT('',(0.32,-2.86,8.38));
#5300 = VECTOR('',#5301,1.);
#5301 = DIRECTION('',(0.,1.,0.));
#5302 = PLANE('',#5303);
#5303 = AXIS2_PLACEMENT_3D('',#5304,#5305,#5306);
#5304 = CARTESIAN_POINT('',(0.32,-2.86,-3.));
#5305 = DIRECTION('',(1.,0.,0.));
#5306 = DIRECTION('',(0.,0.,1.));
#5307 = ADVANCED_FACE('',(#5308),#5326,.T.);
#5308 = FACE_BOUND('',#5309,.T.);
#5309 = EDGE_LOOP('',(#5310,#5311,#5312,#5320));
#5310 = ORIENTED_EDGE('',*,*,#5289,.F.);
#5311 = ORIENTED_EDGE('',*,*,#4532,.T.);
#5312 = ORIENTED_EDGE('',*,*,#5313,.T.);
#5313 = EDGE_CURVE('',#4525,#5314,#5316,.T.);
#5314 = VERTEX_POINT('',#5315);
#5315 = CARTESIAN_POINT('',(-0.32,-2.22,8.38));
#5316 = LINE('',#5317,#5318);
#5317 = CARTESIAN_POINT('',(-0.32,-2.22,-3.));
#5318 = VECTOR('',#5319,1.);
#5319 = DIRECTION('',(0.,0.,1.));
#5320 = ORIENTED_EDGE('',*,*,#5321,.T.);
#5321 = EDGE_CURVE('',#5314,#5290,#5322,.T.);
#5322 = LINE('',#5323,#5324);
#5323 = CARTESIAN_POINT('',(-0.32,-2.22,8.38));
#5324 = VECTOR('',#5325,1.);
#5325 = DIRECTION('',(1.,0.,0.));
#5326 = PLANE('',#5327);
#5327 = AXIS2_PLACEMENT_3D('',#5328,#5329,#5330);
#5328 = CARTESIAN_POINT('',(-0.32,-2.22,-3.));
#5329 = DIRECTION('',(0.,1.,0.));
#5330 = DIRECTION('',(0.,-0.,1.));
#5331 = ADVANCED_FACE('',(#5332),#5343,.F.);
#5332 = FACE_BOUND('',#5333,.F.);
#5333 = EDGE_LOOP('',(#5334,#5335,#5336,#5337));
#5334 = ORIENTED_EDGE('',*,*,#5265,.F.);
#5335 = ORIENTED_EDGE('',*,*,#4524,.T.);
#5336 = ORIENTED_EDGE('',*,*,#5313,.T.);
#5337 = ORIENTED_EDGE('',*,*,#5338,.F.);
#5338 = EDGE_CURVE('',#5266,#5314,#5339,.T.);
#5339 = LINE('',#5340,#5341);
#5340 = CARTESIAN_POINT('',(-0.32,-2.86,8.38));
#5341 = VECTOR('',#5342,1.);
#5342 = DIRECTION('',(0.,1.,0.));
#5343 = PLANE('',#5344);
#5344 = AXIS2_PLACEMENT_3D('',#5345,#5346,#5347);
#5345 = CARTESIAN_POINT('',(-0.32,-2.86,-3.));
#5346 = DIRECTION('',(1.,0.,0.));
#5347 = DIRECTION('',(0.,0.,1.));
#5348 = ADVANCED_FACE('',(#5349),#5374,.T.);
#5349 = FACE_BOUND('',#5350,.T.);
#5350 = EDGE_LOOP('',(#5351,#5359,#5360,#5368));
#5351 = ORIENTED_EDGE('',*,*,#5352,.F.);
#5352 = EDGE_CURVE('',#4549,#5353,#5355,.T.);
#5353 = VERTEX_POINT('',#5354);
#5354 = CARTESIAN_POINT('',(0.32,-4.76,8.38));
#5355 = LINE('',#5356,#5357);
#5356 = CARTESIAN_POINT('',(0.32,-4.76,-3.));
#5357 = VECTOR('',#5358,1.);
#5358 = DIRECTION('',(0.,0.,1.));
#5359 = ORIENTED_EDGE('',*,*,#4548,.T.);
#5360 = ORIENTED_EDGE('',*,*,#5361,.T.);
#5361 = EDGE_CURVE('',#4551,#5362,#5364,.T.);
#5362 = VERTEX_POINT('',#5363);
#5363 = CARTESIAN_POINT('',(-0.32,-4.76,8.38));
#5364 = LINE('',#5365,#5366);
#5365 = CARTESIAN_POINT('',(-0.32,-4.76,-3.));
#5366 = VECTOR('',#5367,1.);
#5367 = DIRECTION('',(0.,0.,1.));
#5368 = ORIENTED_EDGE('',*,*,#5369,.T.);
#5369 = EDGE_CURVE('',#5362,#5353,#5370,.T.);
#5370 = LINE('',#5371,#5372);
#5371 = CARTESIAN_POINT('',(-0.32,-4.76,8.38));
#5372 = VECTOR('',#5373,1.);
#5373 = DIRECTION('',(1.,0.,0.));
#5374 = PLANE('',#5375);
#5375 = AXIS2_PLACEMENT_3D('',#5376,#5377,#5378);
#5376 = CARTESIAN_POINT('',(-0.32,-4.76,-3.));
#5377 = DIRECTION('',(0.,1.,0.));
#5378 = DIRECTION('',(0.,-0.,1.));
#5379 = ADVANCED_FACE('',(#5380),#5398,.F.);
#5380 = FACE_BOUND('',#5381,.F.);
#5381 = EDGE_LOOP('',(#5382,#5390,#5391,#5392));
#5382 = ORIENTED_EDGE('',*,*,#5383,.F.);
#5383 = EDGE_CURVE('',#4567,#5384,#5386,.T.);
#5384 = VERTEX_POINT('',#5385);
#5385 = CARTESIAN_POINT('',(-0.32,-5.4,8.38));
#5386 = LINE('',#5387,#5388);
#5387 = CARTESIAN_POINT('',(-0.32,-5.4,-3.));
#5388 = VECTOR('',#5389,1.);
#5389 = DIRECTION('',(0.,0.,1.));
#5390 = ORIENTED_EDGE('',*,*,#4574,.T.);
#5391 = ORIENTED_EDGE('',*,*,#5361,.T.);
#5392 = ORIENTED_EDGE('',*,*,#5393,.F.);
#5393 = EDGE_CURVE('',#5384,#5362,#5394,.T.);
#5394 = LINE('',#5395,#5396);
#5395 = CARTESIAN_POINT('',(-0.32,-5.4,8.38));
#5396 = VECTOR('',#5397,1.);
#5397 = DIRECTION('',(0.,1.,0.));
#5398 = PLANE('',#5399);
#5399 = AXIS2_PLACEMENT_3D('',#5400,#5401,#5402);
#5400 = CARTESIAN_POINT('',(-0.32,-5.4,-3.));
#5401 = DIRECTION('',(1.,0.,0.));
#5402 = DIRECTION('',(0.,0.,1.));
#5403 = ADVANCED_FACE('',(#5404),#5422,.F.);
#5404 = FACE_BOUND('',#5405,.F.);
#5405 = EDGE_LOOP('',(#5406,#5414,#5415,#5416));
#5406 = ORIENTED_EDGE('',*,*,#5407,.F.);
#5407 = EDGE_CURVE('',#4559,#5408,#5410,.T.);
#5408 = VERTEX_POINT('',#5409);
#5409 = CARTESIAN_POINT('',(0.32,-5.4,8.38));
#5410 = LINE('',#5411,#5412);
#5411 = CARTESIAN_POINT('',(0.32,-5.4,-3.));
#5412 = VECTOR('',#5413,1.);
#5413 = DIRECTION('',(0.,0.,1.));
#5414 = ORIENTED_EDGE('',*,*,#4566,.T.);
#5415 = ORIENTED_EDGE('',*,*,#5383,.T.);
#5416 = ORIENTED_EDGE('',*,*,#5417,.T.);
#5417 = EDGE_CURVE('',#5384,#5408,#5418,.T.);
#5418 = LINE('',#5419,#5420);
#5419 = CARTESIAN_POINT('',(-0.32,-5.4,8.38));
#5420 = VECTOR('',#5421,1.);
#5421 = DIRECTION('',(1.,0.,0.));
#5422 = PLANE('',#5423);
#5423 = AXIS2_PLACEMENT_3D('',#5424,#5425,#5426);
#5424 = CARTESIAN_POINT('',(-0.32,-5.4,-3.));
#5425 = DIRECTION('',(0.,1.,0.));
#5426 = DIRECTION('',(0.,-0.,1.));
#5427 = ADVANCED_FACE('',(#5428),#5439,.T.);
#5428 = FACE_BOUND('',#5429,.T.);
#5429 = EDGE_LOOP('',(#5430,#5431,#5432,#5433));
#5430 = ORIENTED_EDGE('',*,*,#5407,.F.);
#5431 = ORIENTED_EDGE('',*,*,#4558,.T.);
#5432 = ORIENTED_EDGE('',*,*,#5352,.T.);
#5433 = ORIENTED_EDGE('',*,*,#5434,.F.);
#5434 = EDGE_CURVE('',#5408,#5353,#5435,.T.);
#5435 = LINE('',#5436,#5437);
#5436 = CARTESIAN_POINT('',(0.32,-5.4,8.38));
#5437 = VECTOR('',#5438,1.);
#5438 = DIRECTION('',(0.,1.,0.));
#5439 = PLANE('',#5440);
#5440 = AXIS2_PLACEMENT_3D('',#5441,#5442,#5443);
#5441 = CARTESIAN_POINT('',(0.32,-5.4,-3.));
#5442 = DIRECTION('',(1.,0.,0.));
#5443 = DIRECTION('',(0.,0.,1.));
#5444 = ADVANCED_FACE('',(#5445),#5470,.F.);
#5445 = FACE_BOUND('',#5446,.F.);
#5446 = EDGE_LOOP('',(#5447,#5455,#5456,#5464));
#5447 = ORIENTED_EDGE('',*,*,#5448,.F.);
#5448 = EDGE_CURVE('',#4873,#5449,#5451,.T.);
#5449 = VERTEX_POINT('',#5450);
#5450 = CARTESIAN_POINT('',(0.16,-0.16,-3.));
#5451 = LINE('',#5452,#5453);
#5452 = CARTESIAN_POINT('',(0.16,-0.16,-3.));
#5453 = VECTOR('',#5454,1.);
#5454 = DIRECTION('',(-0.57735026919,0.57735026919,-0.57735026919));
#5455 = ORIENTED_EDGE('',*,*,#4880,.T.);
#5456 = ORIENTED_EDGE('',*,*,#5457,.T.);
#5457 = EDGE_CURVE('',#4881,#5458,#5460,.T.);
#5458 = VERTEX_POINT('',#5459);
#5459 = CARTESIAN_POINT('',(0.16,0.16,-3.));
#5460 = LINE('',#5461,#5462);
#5461 = CARTESIAN_POINT('',(5.333333333333E-02,5.333333333333E-02,
    -3.106666666667));
#5462 = VECTOR('',#5463,1.);
#5463 = DIRECTION('',(-0.57735026919,-0.57735026919,-0.57735026919));
#5464 = ORIENTED_EDGE('',*,*,#5465,.F.);
#5465 = EDGE_CURVE('',#5449,#5458,#5466,.T.);
#5466 = LINE('',#5467,#5468);
#5467 = CARTESIAN_POINT('',(0.16,-0.32,-3.));
#5468 = VECTOR('',#5469,1.);
#5469 = DIRECTION('',(0.,1.,0.));
#5470 = PLANE('',#5471);
#5471 = AXIS2_PLACEMENT_3D('',#5472,#5473,#5474);
#5472 = CARTESIAN_POINT('',(0.24,-0.32,-2.92));
#5473 = DIRECTION('',(-0.707106781187,1.735167508357E-18,0.707106781187)
  );
#5474 = DIRECTION('',(1.226948711654E-18,1.,-1.226948711654E-18));
#5475 = ADVANCED_FACE('',(#5476),#5494,.F.);
#5476 = FACE_BOUND('',#5477,.T.);
#5477 = EDGE_LOOP('',(#5478,#5486,#5487,#5488));
#5478 = ORIENTED_EDGE('',*,*,#5479,.F.);
#5479 = EDGE_CURVE('',#4905,#5480,#5482,.T.);
#5480 = VERTEX_POINT('',#5481);
#5481 = CARTESIAN_POINT('',(-0.16,0.16,-3.));
#5482 = LINE('',#5483,#5484);
#5483 = CARTESIAN_POINT('',(-0.16,0.16,-3.));
#5484 = VECTOR('',#5485,1.);
#5485 = DIRECTION('',(0.57735026919,-0.57735026919,-0.57735026919));
#5486 = ORIENTED_EDGE('',*,*,#4904,.T.);
#5487 = ORIENTED_EDGE('',*,*,#5457,.T.);
#5488 = ORIENTED_EDGE('',*,*,#5489,.F.);
#5489 = EDGE_CURVE('',#5480,#5458,#5490,.T.);
#5490 = LINE('',#5491,#5492);
#5491 = CARTESIAN_POINT('',(-0.32,0.16,-3.));
#5492 = VECTOR('',#5493,1.);
#5493 = DIRECTION('',(1.,0.,0.));
#5494 = PLANE('',#5495);
#5495 = AXIS2_PLACEMENT_3D('',#5496,#5497,#5498);
#5496 = CARTESIAN_POINT('',(-0.32,0.24,-2.92));
#5497 = DIRECTION('',(-1.735167508357E-18,-0.707106781187,0.707106781187
    ));
#5498 = DIRECTION('',(-1.,1.226948711654E-18,-1.226948711654E-18));
#5499 = ADVANCED_FACE('',(#5500),#5518,.T.);
#5500 = FACE_BOUND('',#5501,.T.);
#5501 = EDGE_LOOP('',(#5502,#5510,#5511,#5512));
#5502 = ORIENTED_EDGE('',*,*,#5503,.F.);
#5503 = EDGE_CURVE('',#4928,#5504,#5506,.T.);
#5504 = VERTEX_POINT('',#5505);
#5505 = CARTESIAN_POINT('',(-0.16,-0.16,-3.));
#5506 = LINE('',#5507,#5508);
#5507 = CARTESIAN_POINT('',(-0.266666666667,-0.266666666667,
    -2.893333333333));
#5508 = VECTOR('',#5509,1.);
#5509 = DIRECTION('',(0.57735026919,0.57735026919,-0.57735026919));
#5510 = ORIENTED_EDGE('',*,*,#4935,.T.);
#5511 = ORIENTED_EDGE('',*,*,#5479,.T.);
#5512 = ORIENTED_EDGE('',*,*,#5513,.F.);
#5513 = EDGE_CURVE('',#5504,#5480,#5514,.T.);
#5514 = LINE('',#5515,#5516);
#5515 = CARTESIAN_POINT('',(-0.16,-0.32,-3.));
#5516 = VECTOR('',#5517,1.);
#5517 = DIRECTION('',(0.,1.,0.));
#5518 = PLANE('',#5519);
#5519 = AXIS2_PLACEMENT_3D('',#5520,#5521,#5522);
#5520 = CARTESIAN_POINT('',(-0.24,-0.32,-2.92));
#5521 = DIRECTION('',(-0.707106781187,-1.735167508357E-18,
    -0.707106781187));
#5522 = DIRECTION('',(-1.226948711654E-18,1.,-1.226948711654E-18));
#5523 = ADVANCED_FACE('',(#5524),#5535,.T.);
#5524 = FACE_BOUND('',#5525,.F.);
#5525 = EDGE_LOOP('',(#5526,#5527,#5528,#5529));
#5526 = ORIENTED_EDGE('',*,*,#5503,.F.);
#5527 = ORIENTED_EDGE('',*,*,#4952,.T.);
#5528 = ORIENTED_EDGE('',*,*,#5448,.T.);
#5529 = ORIENTED_EDGE('',*,*,#5530,.F.);
#5530 = EDGE_CURVE('',#5504,#5449,#5531,.T.);
#5531 = LINE('',#5532,#5533);
#5532 = CARTESIAN_POINT('',(-0.32,-0.16,-3.));
#5533 = VECTOR('',#5534,1.);
#5534 = DIRECTION('',(1.,0.,0.));
#5535 = PLANE('',#5536);
#5536 = AXIS2_PLACEMENT_3D('',#5537,#5538,#5539);
#5537 = CARTESIAN_POINT('',(-0.32,-0.24,-2.92));
#5538 = DIRECTION('',(1.735167508357E-18,-0.707106781187,-0.707106781187
    ));
#5539 = DIRECTION('',(-1.,-1.226948711654E-18,-1.226948711654E-18));
#5540 = ADVANCED_FACE('',(#5541),#5566,.T.);
#5541 = FACE_BOUND('',#5542,.F.);
#5542 = EDGE_LOOP('',(#5543,#5551,#5552,#5560));
#5543 = ORIENTED_EDGE('',*,*,#5544,.F.);
#5544 = EDGE_CURVE('',#4977,#5545,#5547,.T.);
#5545 = VERTEX_POINT('',#5546);
#5546 = CARTESIAN_POINT('',(-0.16,-2.7,-3.));
#5547 = LINE('',#5548,#5549);
#5548 = CARTESIAN_POINT('',(-0.266666666667,-2.806666666667,
    -2.893333333333));
#5549 = VECTOR('',#5550,1.);
#5550 = DIRECTION('',(0.57735026919,0.57735026919,-0.57735026919));
#5551 = ORIENTED_EDGE('',*,*,#4976,.T.);
#5552 = ORIENTED_EDGE('',*,*,#5553,.T.);
#5553 = EDGE_CURVE('',#4969,#5554,#5556,.T.);
#5554 = VERTEX_POINT('',#5555);
#5555 = CARTESIAN_POINT('',(0.16,-2.7,-3.));
#5556 = LINE('',#5557,#5558);
#5557 = CARTESIAN_POINT('',(0.16,-2.7,-3.));
#5558 = VECTOR('',#5559,1.);
#5559 = DIRECTION('',(-0.57735026919,0.57735026919,-0.57735026919));
#5560 = ORIENTED_EDGE('',*,*,#5561,.F.);
#5561 = EDGE_CURVE('',#5545,#5554,#5562,.T.);
#5562 = LINE('',#5563,#5564);
#5563 = CARTESIAN_POINT('',(-0.32,-2.7,-3.));
#5564 = VECTOR('',#5565,1.);
#5565 = DIRECTION('',(1.,0.,0.));
#5566 = PLANE('',#5567);
#5567 = AXIS2_PLACEMENT_3D('',#5568,#5569,#5570);
#5568 = CARTESIAN_POINT('',(-0.32,-2.78,-2.92));
#5569 = DIRECTION('',(1.735167508357E-18,-0.707106781187,-0.707106781187
    ));
#5570 = DIRECTION('',(-1.,-1.226948711654E-18,-1.226948711654E-18));
#5571 = ADVANCED_FACE('',(#5572),#5590,.F.);
#5572 = FACE_BOUND('',#5573,.F.);
#5573 = EDGE_LOOP('',(#5574,#5575,#5576,#5584));
#5574 = ORIENTED_EDGE('',*,*,#5553,.F.);
#5575 = ORIENTED_EDGE('',*,*,#5000,.T.);
#5576 = ORIENTED_EDGE('',*,*,#5577,.T.);
#5577 = EDGE_CURVE('',#5001,#5578,#5580,.T.);
#5578 = VERTEX_POINT('',#5579);
#5579 = CARTESIAN_POINT('',(0.16,-2.38,-3.));
#5580 = LINE('',#5581,#5582);
#5581 = CARTESIAN_POINT('',(5.333333333333E-02,-2.486666666667,
    -3.106666666667));
#5582 = VECTOR('',#5583,1.);
#5583 = DIRECTION('',(-0.57735026919,-0.57735026919,-0.57735026919));
#5584 = ORIENTED_EDGE('',*,*,#5585,.F.);
#5585 = EDGE_CURVE('',#5554,#5578,#5586,.T.);
#5586 = LINE('',#5587,#5588);
#5587 = CARTESIAN_POINT('',(0.16,-2.86,-3.));
#5588 = VECTOR('',#5589,1.);
#5589 = DIRECTION('',(0.,1.,0.));
#5590 = PLANE('',#5591);
#5591 = AXIS2_PLACEMENT_3D('',#5592,#5593,#5594);
#5592 = CARTESIAN_POINT('',(0.24,-2.86,-2.92));
#5593 = DIRECTION('',(-0.707106781187,1.735167508357E-18,0.707106781187)
  );
#5594 = DIRECTION('',(1.226948711654E-18,1.,-1.226948711654E-18));
#5595 = ADVANCED_FACE('',(#5596),#5614,.F.);
#5596 = FACE_BOUND('',#5597,.T.);
#5597 = EDGE_LOOP('',(#5598,#5606,#5607,#5608));
#5598 = ORIENTED_EDGE('',*,*,#5599,.F.);
#5599 = EDGE_CURVE('',#5025,#5600,#5602,.T.);
#5600 = VERTEX_POINT('',#5601);
#5601 = CARTESIAN_POINT('',(-0.16,-2.38,-3.));
#5602 = LINE('',#5603,#5604);
#5603 = CARTESIAN_POINT('',(-0.16,-2.38,-3.));
#5604 = VECTOR('',#5605,1.);
#5605 = DIRECTION('',(0.57735026919,-0.57735026919,-0.57735026919));
#5606 = ORIENTED_EDGE('',*,*,#5024,.T.);
#5607 = ORIENTED_EDGE('',*,*,#5577,.T.);
#5608 = ORIENTED_EDGE('',*,*,#5609,.F.);
#5609 = EDGE_CURVE('',#5600,#5578,#5610,.T.);
#5610 = LINE('',#5611,#5612);
#5611 = CARTESIAN_POINT('',(-0.32,-2.38,-3.));
#5612 = VECTOR('',#5613,1.);
#5613 = DIRECTION('',(1.,0.,0.));
#5614 = PLANE('',#5615);
#5615 = AXIS2_PLACEMENT_3D('',#5616,#5617,#5618);
#5616 = CARTESIAN_POINT('',(-0.32,-2.3,-2.92));
#5617 = DIRECTION('',(-1.735167508357E-18,-0.707106781187,0.707106781187
    ));
#5618 = DIRECTION('',(-1.,1.226948711654E-18,-1.226948711654E-18));
#5619 = ADVANCED_FACE('',(#5620),#5631,.T.);
#5620 = FACE_BOUND('',#5621,.T.);
#5621 = EDGE_LOOP('',(#5622,#5623,#5624,#5625));
#5622 = ORIENTED_EDGE('',*,*,#5544,.F.);
#5623 = ORIENTED_EDGE('',*,*,#5048,.T.);
#5624 = ORIENTED_EDGE('',*,*,#5599,.T.);
#5625 = ORIENTED_EDGE('',*,*,#5626,.F.);
#5626 = EDGE_CURVE('',#5545,#5600,#5627,.T.);
#5627 = LINE('',#5628,#5629);
#5628 = CARTESIAN_POINT('',(-0.16,-2.86,-3.));
#5629 = VECTOR('',#5630,1.);
#5630 = DIRECTION('',(0.,1.,0.));
#5631 = PLANE('',#5632);
#5632 = AXIS2_PLACEMENT_3D('',#5633,#5634,#5635);
#5633 = CARTESIAN_POINT('',(-0.24,-2.86,-2.92));
#5634 = DIRECTION('',(-0.707106781187,-1.735167508357E-18,
    -0.707106781187));
#5635 = DIRECTION('',(-1.226948711654E-18,1.,-1.226948711654E-18));
#5636 = ADVANCED_FACE('',(#5637),#5662,.F.);
#5637 = FACE_BOUND('',#5638,.T.);
#5638 = EDGE_LOOP('',(#5639,#5647,#5648,#5656));
#5639 = ORIENTED_EDGE('',*,*,#5640,.F.);
#5640 = EDGE_CURVE('',#5073,#5641,#5643,.T.);
#5641 = VERTEX_POINT('',#5642);
#5642 = CARTESIAN_POINT('',(-0.16,-4.92,-3.));
#5643 = LINE('',#5644,#5645);
#5644 = CARTESIAN_POINT('',(-0.16,-4.92,-3.));
#5645 = VECTOR('',#5646,1.);
#5646 = DIRECTION('',(0.57735026919,-0.57735026919,-0.57735026919));
#5647 = ORIENTED_EDGE('',*,*,#5072,.T.);
#5648 = ORIENTED_EDGE('',*,*,#5649,.T.);
#5649 = EDGE_CURVE('',#5065,#5650,#5652,.T.);
#5650 = VERTEX_POINT('',#5651);
#5651 = CARTESIAN_POINT('',(0.16,-4.92,-3.));
#5652 = LINE('',#5653,#5654);
#5653 = CARTESIAN_POINT('',(5.333333333333E-02,-5.026666666667,
    -3.106666666667));
#5654 = VECTOR('',#5655,1.);
#5655 = DIRECTION('',(-0.57735026919,-0.57735026919,-0.57735026919));
#5656 = ORIENTED_EDGE('',*,*,#5657,.F.);
#5657 = EDGE_CURVE('',#5641,#5650,#5658,.T.);
#5658 = LINE('',#5659,#5660);
#5659 = CARTESIAN_POINT('',(-0.32,-4.92,-3.));
#5660 = VECTOR('',#5661,1.);
#5661 = DIRECTION('',(1.,0.,0.));
#5662 = PLANE('',#5663);
#5663 = AXIS2_PLACEMENT_3D('',#5664,#5665,#5666);
#5664 = CARTESIAN_POINT('',(-0.32,-4.84,-2.92));
#5665 = DIRECTION('',(-1.735167508357E-18,-0.707106781187,0.707106781187
    ));
#5666 = DIRECTION('',(-1.,1.226948711654E-18,-1.226948711654E-18));
#5667 = ADVANCED_FACE('',(#5668),#5686,.T.);
#5668 = FACE_BOUND('',#5669,.T.);
#5669 = EDGE_LOOP('',(#5670,#5678,#5679,#5680));
#5670 = ORIENTED_EDGE('',*,*,#5671,.F.);
#5671 = EDGE_CURVE('',#5096,#5672,#5674,.T.);
#5672 = VERTEX_POINT('',#5673);
#5673 = CARTESIAN_POINT('',(-0.16,-5.24,-3.));
#5674 = LINE('',#5675,#5676);
#5675 = CARTESIAN_POINT('',(-0.266666666667,-5.346666666667,
    -2.893333333333));
#5676 = VECTOR('',#5677,1.);
#5677 = DIRECTION('',(0.57735026919,0.57735026919,-0.57735026919));
#5678 = ORIENTED_EDGE('',*,*,#5103,.T.);
#5679 = ORIENTED_EDGE('',*,*,#5640,.T.);
#5680 = ORIENTED_EDGE('',*,*,#5681,.F.);
#5681 = EDGE_CURVE('',#5672,#5641,#5682,.T.);
#5682 = LINE('',#5683,#5684);
#5683 = CARTESIAN_POINT('',(-0.16,-5.4,-3.));
#5684 = VECTOR('',#5685,1.);
#5685 = DIRECTION('',(0.,1.,0.));
#5686 = PLANE('',#5687);
#5687 = AXIS2_PLACEMENT_3D('',#5688,#5689,#5690);
#5688 = CARTESIAN_POINT('',(-0.24,-5.4,-2.92));
#5689 = DIRECTION('',(-0.707106781187,-1.735167508357E-18,
    -0.707106781187));
#5690 = DIRECTION('',(-1.226948711654E-18,1.,-1.226948711654E-18));
#5691 = ADVANCED_FACE('',(#5692),#5710,.T.);
#5692 = FACE_BOUND('',#5693,.F.);
#5693 = EDGE_LOOP('',(#5694,#5695,#5696,#5704));
#5694 = ORIENTED_EDGE('',*,*,#5671,.F.);
#5695 = ORIENTED_EDGE('',*,*,#5127,.T.);
#5696 = ORIENTED_EDGE('',*,*,#5697,.T.);
#5697 = EDGE_CURVE('',#5120,#5698,#5700,.T.);
#5698 = VERTEX_POINT('',#5699);
#5699 = CARTESIAN_POINT('',(0.16,-5.24,-3.));
#5700 = LINE('',#5701,#5702);
#5701 = CARTESIAN_POINT('',(0.16,-5.24,-3.));
#5702 = VECTOR('',#5703,1.);
#5703 = DIRECTION('',(-0.57735026919,0.57735026919,-0.57735026919));
#5704 = ORIENTED_EDGE('',*,*,#5705,.F.);
#5705 = EDGE_CURVE('',#5672,#5698,#5706,.T.);
#5706 = LINE('',#5707,#5708);
#5707 = CARTESIAN_POINT('',(-0.32,-5.24,-3.));
#5708 = VECTOR('',#5709,1.);
#5709 = DIRECTION('',(1.,0.,0.));
#5710 = PLANE('',#5711);
#5711 = AXIS2_PLACEMENT_3D('',#5712,#5713,#5714);
#5712 = CARTESIAN_POINT('',(-0.32,-5.32,-2.92));
#5713 = DIRECTION('',(1.735167508357E-18,-0.707106781187,-0.707106781187
    ));
#5714 = DIRECTION('',(-1.,-1.226948711654E-18,-1.226948711654E-18));
#5715 = ADVANCED_FACE('',(#5716),#5727,.F.);
#5716 = FACE_BOUND('',#5717,.F.);
#5717 = EDGE_LOOP('',(#5718,#5719,#5720,#5721));
#5718 = ORIENTED_EDGE('',*,*,#5697,.F.);
#5719 = ORIENTED_EDGE('',*,*,#5144,.T.);
#5720 = ORIENTED_EDGE('',*,*,#5649,.T.);
#5721 = ORIENTED_EDGE('',*,*,#5722,.F.);
#5722 = EDGE_CURVE('',#5698,#5650,#5723,.T.);
#5723 = LINE('',#5724,#5725);
#5724 = CARTESIAN_POINT('',(0.16,-5.4,-3.));
#5725 = VECTOR('',#5726,1.);
#5726 = DIRECTION('',(0.,1.,0.));
#5727 = PLANE('',#5728);
#5728 = AXIS2_PLACEMENT_3D('',#5729,#5730,#5731);
#5729 = CARTESIAN_POINT('',(0.24,-5.4,-2.92));
#5730 = DIRECTION('',(-0.707106781187,1.735167508357E-18,0.707106781187)
  );
#5731 = DIRECTION('',(1.226948711654E-18,1.,-1.226948711654E-18));
#5732 = ADVANCED_FACE('',(#5733),#5758,.T.);
#5733 = FACE_BOUND('',#5734,.T.);
#5734 = EDGE_LOOP('',(#5735,#5743,#5744,#5752));
#5735 = ORIENTED_EDGE('',*,*,#5736,.F.);
#5736 = EDGE_CURVE('',#5161,#5737,#5739,.T.);
#5737 = VERTEX_POINT('',#5738);
#5738 = CARTESIAN_POINT('',(0.16,-0.16,8.54));
#5739 = LINE('',#5740,#5741);
#5740 = CARTESIAN_POINT('',(0.16,-0.16,8.54));
#5741 = VECTOR('',#5742,1.);
#5742 = DIRECTION('',(-0.57735026919,0.57735026919,0.57735026919));
#5743 = ORIENTED_EDGE('',*,*,#5177,.T.);
#5744 = ORIENTED_EDGE('',*,*,#5745,.T.);
#5745 = EDGE_CURVE('',#5170,#5746,#5748,.T.);
#5746 = VERTEX_POINT('',#5747);
#5747 = CARTESIAN_POINT('',(0.16,0.16,8.54));
#5748 = LINE('',#5749,#5750);
#5749 = CARTESIAN_POINT('',(5.333333333333E-02,5.333333333333E-02,
    8.646666666667));
#5750 = VECTOR('',#5751,1.);
#5751 = DIRECTION('',(-0.57735026919,-0.57735026919,0.57735026919));
#5752 = ORIENTED_EDGE('',*,*,#5753,.F.);
#5753 = EDGE_CURVE('',#5737,#5746,#5754,.T.);
#5754 = LINE('',#5755,#5756);
#5755 = CARTESIAN_POINT('',(0.16,-0.32,8.54));
#5756 = VECTOR('',#5757,1.);
#5757 = DIRECTION('',(0.,1.,0.));
#5758 = PLANE('',#5759);
#5759 = AXIS2_PLACEMENT_3D('',#5760,#5761,#5762);
#5760 = CARTESIAN_POINT('',(0.24,-0.32,8.46));
#5761 = DIRECTION('',(0.707106781187,-1.735167508357E-18,0.707106781187)
  );
#5762 = DIRECTION('',(1.226948711654E-18,1.,1.226948711654E-18));
#5763 = ADVANCED_FACE('',(#5764),#5782,.T.);
#5764 = FACE_BOUND('',#5765,.F.);
#5765 = EDGE_LOOP('',(#5766,#5774,#5775,#5776));
#5766 = ORIENTED_EDGE('',*,*,#5767,.F.);
#5767 = EDGE_CURVE('',#5194,#5768,#5770,.T.);
#5768 = VERTEX_POINT('',#5769);
#5769 = CARTESIAN_POINT('',(-0.16,0.16,8.54));
#5770 = LINE('',#5771,#5772);
#5771 = CARTESIAN_POINT('',(-0.16,0.16,8.54));
#5772 = VECTOR('',#5773,1.);
#5773 = DIRECTION('',(0.57735026919,-0.57735026919,0.57735026919));
#5774 = ORIENTED_EDGE('',*,*,#5201,.T.);
#5775 = ORIENTED_EDGE('',*,*,#5745,.T.);
#5776 = ORIENTED_EDGE('',*,*,#5777,.F.);
#5777 = EDGE_CURVE('',#5768,#5746,#5778,.T.);
#5778 = LINE('',#5779,#5780);
#5779 = CARTESIAN_POINT('',(-0.32,0.16,8.54));
#5780 = VECTOR('',#5781,1.);
#5781 = DIRECTION('',(1.,0.,0.));
#5782 = PLANE('',#5783);
#5783 = AXIS2_PLACEMENT_3D('',#5784,#5785,#5786);
#5784 = CARTESIAN_POINT('',(-0.32,0.24,8.46));
#5785 = DIRECTION('',(1.735167508357E-18,0.707106781187,0.707106781187)
  );
#5786 = DIRECTION('',(-1.,1.226948711654E-18,1.226948711654E-18));
#5787 = ADVANCED_FACE('',(#5788),#5806,.F.);
#5788 = FACE_BOUND('',#5789,.F.);
#5789 = EDGE_LOOP('',(#5790,#5798,#5799,#5800));
#5790 = ORIENTED_EDGE('',*,*,#5791,.F.);
#5791 = EDGE_CURVE('',#5216,#5792,#5794,.T.);
#5792 = VERTEX_POINT('',#5793);
#5793 = CARTESIAN_POINT('',(-0.16,-0.16,8.54));
#5794 = LINE('',#5795,#5796);
#5795 = CARTESIAN_POINT('',(-0.266666666667,-0.266666666667,
    8.433333333333));
#5796 = VECTOR('',#5797,1.);
#5797 = DIRECTION('',(0.57735026919,0.57735026919,0.57735026919));
#5798 = ORIENTED_EDGE('',*,*,#5225,.T.);
#5799 = ORIENTED_EDGE('',*,*,#5767,.T.);
#5800 = ORIENTED_EDGE('',*,*,#5801,.F.);
#5801 = EDGE_CURVE('',#5792,#5768,#5802,.T.);
#5802 = LINE('',#5803,#5804);
#5803 = CARTESIAN_POINT('',(-0.16,-0.32,8.54));
#5804 = VECTOR('',#5805,1.);
#5805 = DIRECTION('',(0.,1.,0.));
#5806 = PLANE('',#5807);
#5807 = AXIS2_PLACEMENT_3D('',#5808,#5809,#5810);
#5808 = CARTESIAN_POINT('',(-0.24,-0.32,8.46));
#5809 = DIRECTION('',(0.707106781187,1.735167508357E-18,-0.707106781187)
  );
#5810 = DIRECTION('',(-1.226948711654E-18,1.,1.226948711654E-18));
#5811 = ADVANCED_FACE('',(#5812),#5823,.F.);
#5812 = FACE_BOUND('',#5813,.T.);
#5813 = EDGE_LOOP('',(#5814,#5815,#5816,#5817));
#5814 = ORIENTED_EDGE('',*,*,#5791,.F.);
#5815 = ORIENTED_EDGE('',*,*,#5242,.T.);
#5816 = ORIENTED_EDGE('',*,*,#5736,.T.);
#5817 = ORIENTED_EDGE('',*,*,#5818,.F.);
#5818 = EDGE_CURVE('',#5792,#5737,#5819,.T.);
#5819 = LINE('',#5820,#5821);
#5820 = CARTESIAN_POINT('',(-0.32,-0.16,8.54));
#5821 = VECTOR('',#5822,1.);
#5822 = DIRECTION('',(1.,0.,0.));
#5823 = PLANE('',#5824);
#5824 = AXIS2_PLACEMENT_3D('',#5825,#5826,#5827);
#5825 = CARTESIAN_POINT('',(-0.32,-0.24,8.46));
#5826 = DIRECTION('',(-1.735167508357E-18,0.707106781187,-0.707106781187
    ));
#5827 = DIRECTION('',(-1.,-1.226948711654E-18,1.226948711654E-18));
#5828 = ADVANCED_FACE('',(#5829),#5854,.F.);
#5829 = FACE_BOUND('',#5830,.T.);
#5830 = EDGE_LOOP('',(#5831,#5839,#5840,#5848));
#5831 = ORIENTED_EDGE('',*,*,#5832,.F.);
#5832 = EDGE_CURVE('',#5266,#5833,#5835,.T.);
#5833 = VERTEX_POINT('',#5834);
#5834 = CARTESIAN_POINT('',(-0.16,-2.7,8.54));
#5835 = LINE('',#5836,#5837);
#5836 = CARTESIAN_POINT('',(-0.266666666667,-2.806666666667,
    8.433333333333));
#5837 = VECTOR('',#5838,1.);
#5838 = DIRECTION('',(0.57735026919,0.57735026919,0.57735026919));
#5839 = ORIENTED_EDGE('',*,*,#5273,.T.);
#5840 = ORIENTED_EDGE('',*,*,#5841,.T.);
#5841 = EDGE_CURVE('',#5257,#5842,#5844,.T.);
#5842 = VERTEX_POINT('',#5843);
#5843 = CARTESIAN_POINT('',(0.16,-2.7,8.54));
#5844 = LINE('',#5845,#5846);
#5845 = CARTESIAN_POINT('',(0.16,-2.7,8.54));
#5846 = VECTOR('',#5847,1.);
#5847 = DIRECTION('',(-0.57735026919,0.57735026919,0.57735026919));
#5848 = ORIENTED_EDGE('',*,*,#5849,.F.);
#5849 = EDGE_CURVE('',#5833,#5842,#5850,.T.);
#5850 = LINE('',#5851,#5852);
#5851 = CARTESIAN_POINT('',(-0.32,-2.7,8.54));
#5852 = VECTOR('',#5853,1.);
#5853 = DIRECTION('',(1.,0.,0.));
#5854 = PLANE('',#5855);
#5855 = AXIS2_PLACEMENT_3D('',#5856,#5857,#5858);
#5856 = CARTESIAN_POINT('',(-0.32,-2.78,8.46));
#5857 = DIRECTION('',(-1.735167508357E-18,0.707106781187,-0.707106781187
    ));
#5858 = DIRECTION('',(-1.,-1.226948711654E-18,1.226948711654E-18));
#5859 = ADVANCED_FACE('',(#5860),#5878,.T.);
#5860 = FACE_BOUND('',#5861,.T.);
#5861 = EDGE_LOOP('',(#5862,#5863,#5864,#5872));
#5862 = ORIENTED_EDGE('',*,*,#5841,.F.);
#5863 = ORIENTED_EDGE('',*,*,#5297,.T.);
#5864 = ORIENTED_EDGE('',*,*,#5865,.T.);
#5865 = EDGE_CURVE('',#5290,#5866,#5868,.T.);
#5866 = VERTEX_POINT('',#5867);
#5867 = CARTESIAN_POINT('',(0.16,-2.38,8.54));
#5868 = LINE('',#5869,#5870);
#5869 = CARTESIAN_POINT('',(5.333333333333E-02,-2.486666666667,
    8.646666666667));
#5870 = VECTOR('',#5871,1.);
#5871 = DIRECTION('',(-0.57735026919,-0.57735026919,0.57735026919));
#5872 = ORIENTED_EDGE('',*,*,#5873,.F.);
#5873 = EDGE_CURVE('',#5842,#5866,#5874,.T.);
#5874 = LINE('',#5875,#5876);
#5875 = CARTESIAN_POINT('',(0.16,-2.86,8.54));
#5876 = VECTOR('',#5877,1.);
#5877 = DIRECTION('',(0.,1.,0.));
#5878 = PLANE('',#5879);
#5879 = AXIS2_PLACEMENT_3D('',#5880,#5881,#5882);
#5880 = CARTESIAN_POINT('',(0.24,-2.86,8.46));
#5881 = DIRECTION('',(0.707106781187,-1.735167508357E-18,0.707106781187)
  );
#5882 = DIRECTION('',(1.226948711654E-18,1.,1.226948711654E-18));
#5883 = ADVANCED_FACE('',(#5884),#5902,.T.);
#5884 = FACE_BOUND('',#5885,.F.);
#5885 = EDGE_LOOP('',(#5886,#5894,#5895,#5896));
#5886 = ORIENTED_EDGE('',*,*,#5887,.F.);
#5887 = EDGE_CURVE('',#5314,#5888,#5890,.T.);
#5888 = VERTEX_POINT('',#5889);
#5889 = CARTESIAN_POINT('',(-0.16,-2.38,8.54));
#5890 = LINE('',#5891,#5892);
#5891 = CARTESIAN_POINT('',(-0.16,-2.38,8.54));
#5892 = VECTOR('',#5893,1.);
#5893 = DIRECTION('',(0.57735026919,-0.57735026919,0.57735026919));
#5894 = ORIENTED_EDGE('',*,*,#5321,.T.);
#5895 = ORIENTED_EDGE('',*,*,#5865,.T.);
#5896 = ORIENTED_EDGE('',*,*,#5897,.F.);
#5897 = EDGE_CURVE('',#5888,#5866,#5898,.T.);
#5898 = LINE('',#5899,#5900);
#5899 = CARTESIAN_POINT('',(-0.32,-2.38,8.54));
#5900 = VECTOR('',#5901,1.);
#5901 = DIRECTION('',(1.,0.,0.));
#5902 = PLANE('',#5903);
#5903 = AXIS2_PLACEMENT_3D('',#5904,#5905,#5906);
#5904 = CARTESIAN_POINT('',(-0.32,-2.3,8.46));
#5905 = DIRECTION('',(1.735167508357E-18,0.707106781187,0.707106781187)
  );
#5906 = DIRECTION('',(-1.,1.226948711654E-18,1.226948711654E-18));
#5907 = ADVANCED_FACE('',(#5908),#5919,.F.);
#5908 = FACE_BOUND('',#5909,.F.);
#5909 = EDGE_LOOP('',(#5910,#5911,#5912,#5913));
#5910 = ORIENTED_EDGE('',*,*,#5832,.F.);
#5911 = ORIENTED_EDGE('',*,*,#5338,.T.);
#5912 = ORIENTED_EDGE('',*,*,#5887,.T.);
#5913 = ORIENTED_EDGE('',*,*,#5914,.F.);
#5914 = EDGE_CURVE('',#5833,#5888,#5915,.T.);
#5915 = LINE('',#5916,#5917);
#5916 = CARTESIAN_POINT('',(-0.16,-2.86,8.54));
#5917 = VECTOR('',#5918,1.);
#5918 = DIRECTION('',(0.,1.,0.));
#5919 = PLANE('',#5920);
#5920 = AXIS2_PLACEMENT_3D('',#5921,#5922,#5923);
#5921 = CARTESIAN_POINT('',(-0.24,-2.86,8.46));
#5922 = DIRECTION('',(0.707106781187,1.735167508357E-18,-0.707106781187)
  );
#5923 = DIRECTION('',(-1.226948711654E-18,1.,1.226948711654E-18));
#5924 = ADVANCED_FACE('',(#5925),#5950,.T.);
#5925 = FACE_BOUND('',#5926,.F.);
#5926 = EDGE_LOOP('',(#5927,#5935,#5936,#5944));
#5927 = ORIENTED_EDGE('',*,*,#5928,.F.);
#5928 = EDGE_CURVE('',#5362,#5929,#5931,.T.);
#5929 = VERTEX_POINT('',#5930);
#5930 = CARTESIAN_POINT('',(-0.16,-4.92,8.54));
#5931 = LINE('',#5932,#5933);
#5932 = CARTESIAN_POINT('',(-0.16,-4.92,8.54));
#5933 = VECTOR('',#5934,1.);
#5934 = DIRECTION('',(0.57735026919,-0.57735026919,0.57735026919));
#5935 = ORIENTED_EDGE('',*,*,#5369,.T.);
#5936 = ORIENTED_EDGE('',*,*,#5937,.T.);
#5937 = EDGE_CURVE('',#5353,#5938,#5940,.T.);
#5938 = VERTEX_POINT('',#5939);
#5939 = CARTESIAN_POINT('',(0.16,-4.92,8.54));
#5940 = LINE('',#5941,#5942);
#5941 = CARTESIAN_POINT('',(5.333333333333E-02,-5.026666666667,
    8.646666666667));
#5942 = VECTOR('',#5943,1.);
#5943 = DIRECTION('',(-0.57735026919,-0.57735026919,0.57735026919));
#5944 = ORIENTED_EDGE('',*,*,#5945,.F.);
#5945 = EDGE_CURVE('',#5929,#5938,#5946,.T.);
#5946 = LINE('',#5947,#5948);
#5947 = CARTESIAN_POINT('',(-0.32,-4.92,8.54));
#5948 = VECTOR('',#5949,1.);
#5949 = DIRECTION('',(1.,0.,0.));
#5950 = PLANE('',#5951);
#5951 = AXIS2_PLACEMENT_3D('',#5952,#5953,#5954);
#5952 = CARTESIAN_POINT('',(-0.32,-4.84,8.46));
#5953 = DIRECTION('',(1.735167508357E-18,0.707106781187,0.707106781187)
  );
#5954 = DIRECTION('',(-1.,1.226948711654E-18,1.226948711654E-18));
#5955 = ADVANCED_FACE('',(#5956),#5974,.F.);
#5956 = FACE_BOUND('',#5957,.F.);
#5957 = EDGE_LOOP('',(#5958,#5966,#5967,#5968));
#5958 = ORIENTED_EDGE('',*,*,#5959,.F.);
#5959 = EDGE_CURVE('',#5384,#5960,#5962,.T.);
#5960 = VERTEX_POINT('',#5961);
#5961 = CARTESIAN_POINT('',(-0.16,-5.24,8.54));
#5962 = LINE('',#5963,#5964);
#5963 = CARTESIAN_POINT('',(-0.266666666667,-5.346666666667,
    8.433333333333));
#5964 = VECTOR('',#5965,1.);
#5965 = DIRECTION('',(0.57735026919,0.57735026919,0.57735026919));
#5966 = ORIENTED_EDGE('',*,*,#5393,.T.);
#5967 = ORIENTED_EDGE('',*,*,#5928,.T.);
#5968 = ORIENTED_EDGE('',*,*,#5969,.F.);
#5969 = EDGE_CURVE('',#5960,#5929,#5970,.T.);
#5970 = LINE('',#5971,#5972);
#5971 = CARTESIAN_POINT('',(-0.16,-5.4,8.54));
#5972 = VECTOR('',#5973,1.);
#5973 = DIRECTION('',(0.,1.,0.));
#5974 = PLANE('',#5975);
#5975 = AXIS2_PLACEMENT_3D('',#5976,#5977,#5978);
#5976 = CARTESIAN_POINT('',(-0.24,-5.4,8.46));
#5977 = DIRECTION('',(0.707106781187,1.735167508357E-18,-0.707106781187)
  );
#5978 = DIRECTION('',(-1.226948711654E-18,1.,1.226948711654E-18));
#5979 = ADVANCED_FACE('',(#5980),#5998,.F.);
#5980 = FACE_BOUND('',#5981,.T.);
#5981 = EDGE_LOOP('',(#5982,#5983,#5984,#5992));
#5982 = ORIENTED_EDGE('',*,*,#5959,.F.);
#5983 = ORIENTED_EDGE('',*,*,#5417,.T.);
#5984 = ORIENTED_EDGE('',*,*,#5985,.T.);
#5985 = EDGE_CURVE('',#5408,#5986,#5988,.T.);
#5986 = VERTEX_POINT('',#5987);
#5987 = CARTESIAN_POINT('',(0.16,-5.24,8.54));
#5988 = LINE('',#5989,#5990);
#5989 = CARTESIAN_POINT('',(0.16,-5.24,8.54));
#5990 = VECTOR('',#5991,1.);
#5991 = DIRECTION('',(-0.57735026919,0.57735026919,0.57735026919));
#5992 = ORIENTED_EDGE('',*,*,#5993,.F.);
#5993 = EDGE_CURVE('',#5960,#5986,#5994,.T.);
#5994 = LINE('',#5995,#5996);
#5995 = CARTESIAN_POINT('',(-0.32,-5.24,8.54));
#5996 = VECTOR('',#5997,1.);
#5997 = DIRECTION('',(1.,0.,0.));
#5998 = PLANE('',#5999);
#5999 = AXIS2_PLACEMENT_3D('',#6000,#6001,#6002);
#6000 = CARTESIAN_POINT('',(-0.32,-5.32,8.46));
#6001 = DIRECTION('',(-1.735167508357E-18,0.707106781187,-0.707106781187
    ));
#6002 = DIRECTION('',(-1.,-1.226948711654E-18,1.226948711654E-18));
#6003 = ADVANCED_FACE('',(#6004),#6015,.T.);
#6004 = FACE_BOUND('',#6005,.T.);
#6005 = EDGE_LOOP('',(#6006,#6007,#6008,#6009));
#6006 = ORIENTED_EDGE('',*,*,#5985,.F.);
#6007 = ORIENTED_EDGE('',*,*,#5434,.T.);
#6008 = ORIENTED_EDGE('',*,*,#5937,.T.);
#6009 = ORIENTED_EDGE('',*,*,#6010,.F.);
#6010 = EDGE_CURVE('',#5986,#5938,#6011,.T.);
#6011 = LINE('',#6012,#6013);
#6012 = CARTESIAN_POINT('',(0.16,-5.4,8.54));
#6013 = VECTOR('',#6014,1.);
#6014 = DIRECTION('',(0.,1.,0.));
#6015 = PLANE('',#6016);
#6016 = AXIS2_PLACEMENT_3D('',#6017,#6018,#6019);
#6017 = CARTESIAN_POINT('',(0.24,-5.4,8.46));
#6018 = DIRECTION('',(0.707106781187,-1.735167508357E-18,0.707106781187)
  );
#6019 = DIRECTION('',(1.226948711654E-18,1.,1.226948711654E-18));
#6020 = ADVANCED_FACE('',(#6021),#6027,.F.);
#6021 = FACE_BOUND('',#6022,.F.);
#6022 = EDGE_LOOP('',(#6023,#6024,#6025,#6026));
#6023 = ORIENTED_EDGE('',*,*,#5489,.F.);
#6024 = ORIENTED_EDGE('',*,*,#5513,.F.);
#6025 = ORIENTED_EDGE('',*,*,#5530,.T.);
#6026 = ORIENTED_EDGE('',*,*,#5465,.T.);
#6027 = PLANE('',#6028);
#6028 = AXIS2_PLACEMENT_3D('',#6029,#6030,#6031);
#6029 = CARTESIAN_POINT('',(-0.32,-0.32,-3.));
#6030 = DIRECTION('',(0.,0.,1.));
#6031 = DIRECTION('',(1.,0.,-0.));
#6032 = ADVANCED_FACE('',(#6033),#6039,.F.);
#6033 = FACE_BOUND('',#6034,.F.);
#6034 = EDGE_LOOP('',(#6035,#6036,#6037,#6038));
#6035 = ORIENTED_EDGE('',*,*,#5609,.F.);
#6036 = ORIENTED_EDGE('',*,*,#5626,.F.);
#6037 = ORIENTED_EDGE('',*,*,#5561,.T.);
#6038 = ORIENTED_EDGE('',*,*,#5585,.T.);
#6039 = PLANE('',#6040);
#6040 = AXIS2_PLACEMENT_3D('',#6041,#6042,#6043);
#6041 = CARTESIAN_POINT('',(-0.32,-2.86,-3.));
#6042 = DIRECTION('',(0.,0.,1.));
#6043 = DIRECTION('',(1.,0.,-0.));
#6044 = ADVANCED_FACE('',(#6045),#6051,.F.);
#6045 = FACE_BOUND('',#6046,.F.);
#6046 = EDGE_LOOP('',(#6047,#6048,#6049,#6050));
#6047 = ORIENTED_EDGE('',*,*,#5657,.F.);
#6048 = ORIENTED_EDGE('',*,*,#5681,.F.);
#6049 = ORIENTED_EDGE('',*,*,#5705,.T.);
#6050 = ORIENTED_EDGE('',*,*,#5722,.T.);
#6051 = PLANE('',#6052);
#6052 = AXIS2_PLACEMENT_3D('',#6053,#6054,#6055);
#6053 = CARTESIAN_POINT('',(-0.32,-5.4,-3.));
#6054 = DIRECTION('',(0.,0.,1.));
#6055 = DIRECTION('',(1.,0.,-0.));
#6056 = ADVANCED_FACE('',(#6057),#6063,.T.);
#6057 = FACE_BOUND('',#6058,.T.);
#6058 = EDGE_LOOP('',(#6059,#6060,#6061,#6062));
#6059 = ORIENTED_EDGE('',*,*,#5818,.T.);
#6060 = ORIENTED_EDGE('',*,*,#5753,.T.);
#6061 = ORIENTED_EDGE('',*,*,#5777,.F.);
#6062 = ORIENTED_EDGE('',*,*,#5801,.F.);
#6063 = PLANE('',#6064);
#6064 = AXIS2_PLACEMENT_3D('',#6065,#6066,#6067);
#6065 = CARTESIAN_POINT('',(-0.32,-0.32,8.54));
#6066 = DIRECTION('',(0.,0.,1.));
#6067 = DIRECTION('',(1.,0.,-0.));
#6068 = ADVANCED_FACE('',(#6069),#6075,.T.);
#6069 = FACE_BOUND('',#6070,.T.);
#6070 = EDGE_LOOP('',(#6071,#6072,#6073,#6074));
#6071 = ORIENTED_EDGE('',*,*,#5849,.T.);
#6072 = ORIENTED_EDGE('',*,*,#5873,.T.);
#6073 = ORIENTED_EDGE('',*,*,#5897,.F.);
#6074 = ORIENTED_EDGE('',*,*,#5914,.F.);
#6075 = PLANE('',#6076);
#6076 = AXIS2_PLACEMENT_3D('',#6077,#6078,#6079);
#6077 = CARTESIAN_POINT('',(-0.32,-2.86,8.54));
#6078 = DIRECTION('',(0.,0.,1.));
#6079 = DIRECTION('',(1.,0.,-0.));
#6080 = ADVANCED_FACE('',(#6081),#6087,.T.);
#6081 = FACE_BOUND('',#6082,.T.);
#6082 = EDGE_LOOP('',(#6083,#6084,#6085,#6086));
#6083 = ORIENTED_EDGE('',*,*,#5993,.T.);
#6084 = ORIENTED_EDGE('',*,*,#6010,.T.);
#6085 = ORIENTED_EDGE('',*,*,#5945,.F.);
#6086 = ORIENTED_EDGE('',*,*,#5969,.F.);
#6087 = PLANE('',#6088);
#6088 = AXIS2_PLACEMENT_3D('',#6089,#6090,#6091);
#6089 = CARTESIAN_POINT('',(-0.32,-5.4,8.54));
#6090 = DIRECTION('',(0.,0.,1.));
#6091 = DIRECTION('',(1.,0.,-0.));
#6092 = ( GEOMETRIC_REPRESENTATION_CONTEXT(3) 
GLOBAL_UNCERTAINTY_ASSIGNED_CONTEXT((#6096)) 
GLOBAL_UNIT_ASSIGNED_CONTEXT((#6093,#6094,#6095)) REPRESENTATION_CONTEXT
('Context #1','3D Context with UNIT and UNCERTAINTY') );
#6093 = ( LENGTH_UNIT() NAMED_UNIT(*) SI_UNIT(.MILLI.,.METRE.) );
#6094 = ( NAMED_UNIT(*) PLANE_ANGLE_UNIT() SI_UNIT($,.RADIAN.) );
#6095 = ( NAMED_UNIT(*) SI_UNIT($,.STERADIAN.) SOLID_ANGLE_UNIT() );
#6096 = UNCERTAINTY_MEASURE_WITH_UNIT(LENGTH_MEASURE(1.E-07),#6093,
  'distance_accuracy_value','confusion accuracy');
#6097 = CONTEXT_DEPENDENT_SHAPE_REPRESENTATION(#6098,#6100);
#6098 = ( REPRESENTATION_RELATIONSHIP('','',#3985,#10) 
REPRESENTATION_RELATIONSHIP_WITH_TRANSFORMATION(#6099) 
SHAPE_REPRESENTATION_RELATIONSHIP() );
#6099 = ITEM_DEFINED_TRANSFORMATION('','',#11,#411);
#6100 = PRODUCT_DEFINITION_SHAPE('Placement','Placement of an item',
  #6101);
#6101 = NEXT_ASSEMBLY_USAGE_OCCURRENCE('100','J1','',#5,#3980,$);
#6102 = PRODUCT_RELATED_PRODUCT_CATEGORY('part',$,(#3982));
#6103 = CONTEXT_DEPENDENT_SHAPE_REPRESENTATION(#6104,#6106);
#6104 = ( REPRESENTATION_RELATIONSHIP('','',#2942,#10) 
REPRESENTATION_RELATIONSHIP_WITH_TRANSFORMATION(#6105) 
SHAPE_REPRESENTATION_RELATIONSHIP() );
#6105 = ITEM_DEFINED_TRANSFORMATION('','',#11,#415);
#6106 = PRODUCT_DEFINITION_SHAPE('Placement','Placement of an item',
  #6107);
#6107 = NEXT_ASSEMBLY_USAGE_OCCURRENCE('101','C43','',#5,#2937,$);
#6108 = CONTEXT_DEPENDENT_SHAPE_REPRESENTATION(#6109,#6111);
#6109 = ( REPRESENTATION_RELATIONSHIP('','',#2942,#10) 
REPRESENTATION_RELATIONSHIP_WITH_TRANSFORMATION(#6110) 
SHAPE_REPRESENTATION_RELATIONSHIP() );
#6110 = ITEM_DEFINED_TRANSFORMATION('','',#11,#419);
#6111 = PRODUCT_DEFINITION_SHAPE('Placement','Placement of an item',
  #6112);
#6112 = NEXT_ASSEMBLY_USAGE_OCCURRENCE('102','C36','',#5,#2937,$);
#6113 = CONTEXT_DEPENDENT_SHAPE_REPRESENTATION(#6114,#6116);
#6114 = ( REPRESENTATION_RELATIONSHIP('','',#2942,#10) 
REPRESENTATION_RELATIONSHIP_WITH_TRANSFORMATION(#6115) 
SHAPE_REPRESENTATION_RELATIONSHIP() );
#6115 = ITEM_DEFINED_TRANSFORMATION('','',#11,#423);
#6116 = PRODUCT_DEFINITION_SHAPE('Placement','Placement of an item',
  #6117);
#6117 = NEXT_ASSEMBLY_USAGE_OCCURRENCE('103','C63','',#5,#2937,$);
#6118 = CONTEXT_DEPENDENT_SHAPE_REPRESENTATION(#6119,#6121);
#6119 = ( REPRESENTATION_RELATIONSHIP('','',#2942,#10) 
REPRESENTATION_RELATIONSHIP_WITH_TRANSFORMATION(#6120) 
SHAPE_REPRESENTATION_RELATIONSHIP() );
#6120 = ITEM_DEFINED_TRANSFORMATION('','',#11,#427);
#6121 = PRODUCT_DEFINITION_SHAPE('Placement','Placement of an item',
  #6122);
#6122 = NEXT_ASSEMBLY_USAGE_OCCURRENCE('104','C26','',#5,#2937,$);
#6123 = CONTEXT_DEPENDENT_SHAPE_REPRESENTATION(#6124,#6126);
#6124 = ( REPRESENTATION_RELATIONSHIP('','',#2942,#10) 
REPRESENTATION_RELATIONSHIP_WITH_TRANSFORMATION(#6125) 
SHAPE_REPRESENTATION_RELATIONSHIP() );
#6125 = ITEM_DEFINED_TRANSFORMATION('','',#11,#431);
#6126 = PRODUCT_DEFINITION_SHAPE('Placement','Placement of an item',
  #6127);
#6127 = NEXT_ASSEMBLY_USAGE_OCCURRENCE('105','C45','',#5,#2937,$);
#6128 = CONTEXT_DEPENDENT_SHAPE_REPRESENTATION(#6129,#6131);
#6129 = ( REPRESENTATION_RELATIONSHIP('','',#2942,#10) 
REPRESENTATION_RELATIONSHIP_WITH_TRANSFORMATION(#6130) 
SHAPE_REPRESENTATION_RELATIONSHIP() );
#6130 = ITEM_DEFINED_TRANSFORMATION('','',#11,#435);
#6131 = PRODUCT_DEFINITION_SHAPE('Placement','Placement of an item',
  #6132);
#6132 = NEXT_ASSEMBLY_USAGE_OCCURRENCE('106','C15','',#5,#2937,$);
#6133 = CONTEXT_DEPENDENT_SHAPE_REPRESENTATION(#6134,#6136);
#6134 = ( REPRESENTATION_RELATIONSHIP('','',#2942,#10) 
REPRESENTATION_RELATIONSHIP_WITH_TRANSFORMATION(#6135) 
SHAPE_REPRESENTATION_RELATIONSHIP() );
#6135 = ITEM_DEFINED_TRANSFORMATION('','',#11,#439);
#6136 = PRODUCT_DEFINITION_SHAPE('Placement','Placement of an item',
  #6137);
#6137 = NEXT_ASSEMBLY_USAGE_OCCURRENCE('107','C1','',#5,#2937,$);
#6138 = CONTEXT_DEPENDENT_SHAPE_REPRESENTATION(#6139,#6141);
#6139 = ( REPRESENTATION_RELATIONSHIP('','',#2942,#10) 
REPRESENTATION_RELATIONSHIP_WITH_TRANSFORMATION(#6140) 
SHAPE_REPRESENTATION_RELATIONSHIP() );
#6140 = ITEM_DEFINED_TRANSFORMATION('','',#11,#443);
#6141 = PRODUCT_DEFINITION_SHAPE('Placement','Placement of an item',
  #6142);
#6142 = NEXT_ASSEMBLY_USAGE_OCCURRENCE('108','C3','',#5,#2937,$);
#6143 = CONTEXT_DEPENDENT_SHAPE_REPRESENTATION(#6144,#6146);
#6144 = ( REPRESENTATION_RELATIONSHIP('','',#2942,#10) 
REPRESENTATION_RELATIONSHIP_WITH_TRANSFORMATION(#6145) 
SHAPE_REPRESENTATION_RELATIONSHIP() );
#6145 = ITEM_DEFINED_TRANSFORMATION('','',#11,#447);
#6146 = PRODUCT_DEFINITION_SHAPE('Placement','Placement of an item',
  #6147);
#6147 = NEXT_ASSEMBLY_USAGE_OCCURRENCE('109','C42','',#5,#2937,$);
#6148 = CONTEXT_DEPENDENT_SHAPE_REPRESENTATION(#6149,#6151);
#6149 = ( REPRESENTATION_RELATIONSHIP('','',#2942,#10) 
REPRESENTATION_RELATIONSHIP_WITH_TRANSFORMATION(#6150) 
SHAPE_REPRESENTATION_RELATIONSHIP() );
#6150 = ITEM_DEFINED_TRANSFORMATION('','',#11,#451);
#6151 = PRODUCT_DEFINITION_SHAPE('Placement','Placement of an item',
  #6152);
#6152 = NEXT_ASSEMBLY_USAGE_OCCURRENCE('110','C40','',#5,#2937,$);
#6153 = CONTEXT_DEPENDENT_SHAPE_REPRESENTATION(#6154,#6156);
#6154 = ( REPRESENTATION_RELATIONSHIP('','',#2942,#10) 
REPRESENTATION_RELATIONSHIP_WITH_TRANSFORMATION(#6155) 
SHAPE_REPRESENTATION_RELATIONSHIP() );
#6155 = ITEM_DEFINED_TRANSFORMATION('','',#11,#455);
#6156 = PRODUCT_DEFINITION_SHAPE('Placement','Placement of an item',
  #6157);
#6157 = NEXT_ASSEMBLY_USAGE_OCCURRENCE('111','C35','',#5,#2937,$);
#6158 = CONTEXT_DEPENDENT_SHAPE_REPRESENTATION(#6159,#6161);
#6159 = ( REPRESENTATION_RELATIONSHIP('','',#2942,#10) 
REPRESENTATION_RELATIONSHIP_WITH_TRANSFORMATION(#6160) 
SHAPE_REPRESENTATION_RELATIONSHIP() );
#6160 = ITEM_DEFINED_TRANSFORMATION('','',#11,#459);
#6161 = PRODUCT_DEFINITION_SHAPE('Placement','Placement of an item',
  #6162);
#6162 = NEXT_ASSEMBLY_USAGE_OCCURRENCE('112','C8','',#5,#2937,$);
#6163 = CONTEXT_DEPENDENT_SHAPE_REPRESENTATION(#6164,#6166);
#6164 = ( REPRESENTATION_RELATIONSHIP('','',#2942,#10) 
REPRESENTATION_RELATIONSHIP_WITH_TRANSFORMATION(#6165) 
SHAPE_REPRESENTATION_RELATIONSHIP() );
#6165 = ITEM_DEFINED_TRANSFORMATION('','',#11,#463);
#6166 = PRODUCT_DEFINITION_SHAPE('Placement','Placement of an item',
  #6167);
#6167 = NEXT_ASSEMBLY_USAGE_OCCURRENCE('113','C46','',#5,#2937,$);
#6168 = CONTEXT_DEPENDENT_SHAPE_REPRESENTATION(#6169,#6171);
#6169 = ( REPRESENTATION_RELATIONSHIP('','',#2942,#10) 
REPRESENTATION_RELATIONSHIP_WITH_TRANSFORMATION(#6170) 
SHAPE_REPRESENTATION_RELATIONSHIP() );
#6170 = ITEM_DEFINED_TRANSFORMATION('','',#11,#467);
#6171 = PRODUCT_DEFINITION_SHAPE('Placement','Placement of an item',
  #6172);
#6172 = NEXT_ASSEMBLY_USAGE_OCCURRENCE('114','C24','',#5,#2937,$);
#6173 = CONTEXT_DEPENDENT_SHAPE_REPRESENTATION(#6174,#6176);
#6174 = ( REPRESENTATION_RELATIONSHIP('','',#2942,#10) 
REPRESENTATION_RELATIONSHIP_WITH_TRANSFORMATION(#6175) 
SHAPE_REPRESENTATION_RELATIONSHIP() );
#6175 = ITEM_DEFINED_TRANSFORMATION('','',#11,#471);
#6176 = PRODUCT_DEFINITION_SHAPE('Placement','Placement of an item',
  #6177);
#6177 = NEXT_ASSEMBLY_USAGE_OCCURRENCE('115','C6','',#5,#2937,$);
#6178 = CONTEXT_DEPENDENT_SHAPE_REPRESENTATION(#6179,#6181);
#6179 = ( REPRESENTATION_RELATIONSHIP('','',#2942,#10) 
REPRESENTATION_RELATIONSHIP_WITH_TRANSFORMATION(#6180) 
SHAPE_REPRESENTATION_RELATIONSHIP() );
#6180 = ITEM_DEFINED_TRANSFORMATION('','',#11,#475);
#6181 = PRODUCT_DEFINITION_SHAPE('Placement','Placement of an item',
  #6182);
#6182 = NEXT_ASSEMBLY_USAGE_OCCURRENCE('116','C51','',#5,#2937,$);
#6183 = CONTEXT_DEPENDENT_SHAPE_REPRESENTATION(#6184,#6186);
#6184 = ( REPRESENTATION_RELATIONSHIP('','',#2942,#10) 
REPRESENTATION_RELATIONSHIP_WITH_TRANSFORMATION(#6185) 
SHAPE_REPRESENTATION_RELATIONSHIP() );
#6185 = ITEM_DEFINED_TRANSFORMATION('','',#11,#479);
#6186 = PRODUCT_DEFINITION_SHAPE('Placement','Placement of an item',
  #6187);
#6187 = NEXT_ASSEMBLY_USAGE_OCCURRENCE('117','C10','',#5,#2937,$);
#6188 = CONTEXT_DEPENDENT_SHAPE_REPRESENTATION(#6189,#6191);
#6189 = ( REPRESENTATION_RELATIONSHIP('','',#2942,#10) 
REPRESENTATION_RELATIONSHIP_WITH_TRANSFORMATION(#6190) 
SHAPE_REPRESENTATION_RELATIONSHIP() );
#6190 = ITEM_DEFINED_TRANSFORMATION('','',#11,#483);
#6191 = PRODUCT_DEFINITION_SHAPE('Placement','Placement of an item',
  #6192);
#6192 = NEXT_ASSEMBLY_USAGE_OCCURRENCE('118','C49','',#5,#2937,$);
#6193 = CONTEXT_DEPENDENT_SHAPE_REPRESENTATION(#6194,#6196);
#6194 = ( REPRESENTATION_RELATIONSHIP('','',#2942,#10) 
REPRESENTATION_RELATIONSHIP_WITH_TRANSFORMATION(#6195) 
SHAPE_REPRESENTATION_RELATIONSHIP() );
#6195 = ITEM_DEFINED_TRANSFORMATION('','',#11,#487);
#6196 = PRODUCT_DEFINITION_SHAPE('Placement','Placement of an item',
  #6197);
#6197 = NEXT_ASSEMBLY_USAGE_OCCURRENCE('119','C31','',#5,#2937,$);
#6198 = CONTEXT_DEPENDENT_SHAPE_REPRESENTATION(#6199,#6201);
#6199 = ( REPRESENTATION_RELATIONSHIP('','',#3985,#10) 
REPRESENTATION_RELATIONSHIP_WITH_TRANSFORMATION(#6200) 
SHAPE_REPRESENTATION_RELATIONSHIP() );
#6200 = ITEM_DEFINED_TRANSFORMATION('','',#11,#491);
#6201 = PRODUCT_DEFINITION_SHAPE('Placement','Placement of an item',
  #6202);
#6202 = NEXT_ASSEMBLY_USAGE_OCCURRENCE('120','J2','',#5,#3980,$);
#6203 = CONTEXT_DEPENDENT_SHAPE_REPRESENTATION(#6204,#6206);
#6204 = ( REPRESENTATION_RELATIONSHIP('','',#2942,#10) 
REPRESENTATION_RELATIONSHIP_WITH_TRANSFORMATION(#6205) 
SHAPE_REPRESENTATION_RELATIONSHIP() );
#6205 = ITEM_DEFINED_TRANSFORMATION('','',#11,#495);
#6206 = PRODUCT_DEFINITION_SHAPE('Placement','Placement of an item',
  #6207);
#6207 = NEXT_ASSEMBLY_USAGE_OCCURRENCE('121','C52','',#5,#2937,$);
#6208 = CONTEXT_DEPENDENT_SHAPE_REPRESENTATION(#6209,#6211);
#6209 = ( REPRESENTATION_RELATIONSHIP('','',#2942,#10) 
REPRESENTATION_RELATIONSHIP_WITH_TRANSFORMATION(#6210) 
SHAPE_REPRESENTATION_RELATIONSHIP() );
#6210 = ITEM_DEFINED_TRANSFORMATION('','',#11,#499);
#6211 = PRODUCT_DEFINITION_SHAPE('Placement','Placement of an item',
  #6212);
#6212 = NEXT_ASSEMBLY_USAGE_OCCURRENCE('122','C23','',#5,#2937,$);
#6213 = CONTEXT_DEPENDENT_SHAPE_REPRESENTATION(#6214,#6216);
#6214 = ( REPRESENTATION_RELATIONSHIP('','',#2942,#10) 
REPRESENTATION_RELATIONSHIP_WITH_TRANSFORMATION(#6215) 
SHAPE_REPRESENTATION_RELATIONSHIP() );
#6215 = ITEM_DEFINED_TRANSFORMATION('','',#11,#503);
#6216 = PRODUCT_DEFINITION_SHAPE('Placement','Placement of an item',
  #6217);
#6217 = NEXT_ASSEMBLY_USAGE_OCCURRENCE('123','C16','',#5,#2937,$);
#6218 = CONTEXT_DEPENDENT_SHAPE_REPRESENTATION(#6219,#6221);
#6219 = ( REPRESENTATION_RELATIONSHIP('','',#2942,#10) 
REPRESENTATION_RELATIONSHIP_WITH_TRANSFORMATION(#6220) 
SHAPE_REPRESENTATION_RELATIONSHIP() );
#6220 = ITEM_DEFINED_TRANSFORMATION('','',#11,#507);
#6221 = PRODUCT_DEFINITION_SHAPE('Placement','Placement of an item',
  #6222);
#6222 = NEXT_ASSEMBLY_USAGE_OCCURRENCE('124','C56','',#5,#2937,$);
#6223 = CONTEXT_DEPENDENT_SHAPE_REPRESENTATION(#6224,#6226);
#6224 = ( REPRESENTATION_RELATIONSHIP('','',#2942,#10) 
REPRESENTATION_RELATIONSHIP_WITH_TRANSFORMATION(#6225) 
SHAPE_REPRESENTATION_RELATIONSHIP() );
#6225 = ITEM_DEFINED_TRANSFORMATION('','',#11,#511);
#6226 = PRODUCT_DEFINITION_SHAPE('Placement','Placement of an item',
  #6227);
#6227 = NEXT_ASSEMBLY_USAGE_OCCURRENCE('125','C18','',#5,#2937,$);
#6228 = CONTEXT_DEPENDENT_SHAPE_REPRESENTATION(#6229,#6231);
#6229 = ( REPRESENTATION_RELATIONSHIP('','',#2942,#10) 
REPRESENTATION_RELATIONSHIP_WITH_TRANSFORMATION(#6230) 
SHAPE_REPRESENTATION_RELATIONSHIP() );
#6230 = ITEM_DEFINED_TRANSFORMATION('','',#11,#515);
#6231 = PRODUCT_DEFINITION_SHAPE('Placement','Placement of an item',
  #6232);
#6232 = NEXT_ASSEMBLY_USAGE_OCCURRENCE('126','C48','',#5,#2937,$);
#6233 = CONTEXT_DEPENDENT_SHAPE_REPRESENTATION(#6234,#6236);
#6234 = ( REPRESENTATION_RELATIONSHIP('','',#2942,#10) 
REPRESENTATION_RELATIONSHIP_WITH_TRANSFORMATION(#6235) 
SHAPE_REPRESENTATION_RELATIONSHIP() );
#6235 = ITEM_DEFINED_TRANSFORMATION('','',#11,#519);
#6236 = PRODUCT_DEFINITION_SHAPE('Placement','Placement of an item',
  #6237);
#6237 = NEXT_ASSEMBLY_USAGE_OCCURRENCE('127','C2','',#5,#2937,$);
#6238 = CONTEXT_DEPENDENT_SHAPE_REPRESENTATION(#6239,#6241);
#6239 = ( REPRESENTATION_RELATIONSHIP('','',#2942,#10) 
REPRESENTATION_RELATIONSHIP_WITH_TRANSFORMATION(#6240) 
SHAPE_REPRESENTATION_RELATIONSHIP() );
#6240 = ITEM_DEFINED_TRANSFORMATION('','',#11,#523);
#6241 = PRODUCT_DEFINITION_SHAPE('Placement','Placement of an item',
  #6242);
#6242 = NEXT_ASSEMBLY_USAGE_OCCURRENCE('128','C29','',#5,#2937,$);
#6243 = CONTEXT_DEPENDENT_SHAPE_REPRESENTATION(#6244,#6246);
#6244 = ( REPRESENTATION_RELATIONSHIP('','',#2942,#10) 
REPRESENTATION_RELATIONSHIP_WITH_TRANSFORMATION(#6245) 
SHAPE_REPRESENTATION_RELATIONSHIP() );
#6245 = ITEM_DEFINED_TRANSFORMATION('','',#11,#527);
#6246 = PRODUCT_DEFINITION_SHAPE('Placement','Placement of an item',
  #6247);
#6247 = NEXT_ASSEMBLY_USAGE_OCCURRENCE('129','C19','',#5,#2937,$);
#6248 = CONTEXT_DEPENDENT_SHAPE_REPRESENTATION(#6249,#6251);
#6249 = ( REPRESENTATION_RELATIONSHIP('','',#2942,#10) 
REPRESENTATION_RELATIONSHIP_WITH_TRANSFORMATION(#6250) 
SHAPE_REPRESENTATION_RELATIONSHIP() );
#6250 = ITEM_DEFINED_TRANSFORMATION('','',#11,#531);
#6251 = PRODUCT_DEFINITION_SHAPE('Placement','Placement of an item',
  #6252);
#6252 = NEXT_ASSEMBLY_USAGE_OCCURRENCE('130','C4','',#5,#2937,$);
#6253 = SHAPE_DEFINITION_REPRESENTATION(#6254,#6260);
#6254 = PRODUCT_DEFINITION_SHAPE('','',#6255);
#6255 = PRODUCT_DEFINITION('design','',#6256,#6259);
#6256 = PRODUCT_DEFINITION_FORMATION('','',#6257);
#6257 = PRODUCT('MatrixBoard_PCB','MatrixBoard_PCB','',(#6258));
#6258 = PRODUCT_CONTEXT('',#2,'mechanical');
#6259 = PRODUCT_DEFINITION_CONTEXT('part definition',#2,'design');
#6260 = ADVANCED_BREP_SHAPE_REPRESENTATION('',(#11,#6261),#6941);
#6261 = MANIFOLD_SOLID_BREP('',#6262);
#6262 = CLOSED_SHELL('',(#6263,#6305,#6336,#6367,#6529,#6691,#6708,#6725
    ,#6742,#6759,#6771,#6788,#6805,#6822,#6839,#6856,#6873,#6890,#6907,
    #6924));
#6263 = ADVANCED_FACE('',(#6264),#6300,.T.);
#6264 = FACE_BOUND('',#6265,.T.);
#6265 = EDGE_LOOP('',(#6266,#6276,#6285,#6293));
#6266 = ORIENTED_EDGE('',*,*,#6267,.T.);
#6267 = EDGE_CURVE('',#6268,#6270,#6272,.T.);
#6268 = VERTEX_POINT('',#6269);
#6269 = CARTESIAN_POINT('',(182.,-88.,0.));
#6270 = VERTEX_POINT('',#6271);
#6271 = CARTESIAN_POINT('',(182.,-88.,1.51));
#6272 = LINE('',#6273,#6274);
#6273 = CARTESIAN_POINT('',(182.,-88.,0.));
#6274 = VECTOR('',#6275,1.);
#6275 = DIRECTION('',(0.,0.,1.));
#6276 = ORIENTED_EDGE('',*,*,#6277,.T.);
#6277 = EDGE_CURVE('',#6270,#6278,#6280,.T.);
#6278 = VERTEX_POINT('',#6279);
#6279 = CARTESIAN_POINT('',(184.,-90.,1.51));
#6280 = CIRCLE('',#6281,1.99999850585);
#6281 = AXIS2_PLACEMENT_3D('',#6282,#6283,#6284);
#6282 = CARTESIAN_POINT('',(182.00000149415,-89.99999850585,1.51));
#6283 = DIRECTION('',(0.,0.,-1.));
#6284 = DIRECTION('',(-7.470757349539E-07,1.,0.));
#6285 = ORIENTED_EDGE('',*,*,#6286,.F.);
#6286 = EDGE_CURVE('',#6287,#6278,#6289,.T.);
#6287 = VERTEX_POINT('',#6288);
#6288 = CARTESIAN_POINT('',(184.,-90.,0.));
#6289 = LINE('',#6290,#6291);
#6290 = CARTESIAN_POINT('',(184.,-90.,0.));
#6291 = VECTOR('',#6292,1.);
#6292 = DIRECTION('',(0.,0.,1.));
#6293 = ORIENTED_EDGE('',*,*,#6294,.F.);
#6294 = EDGE_CURVE('',#6268,#6287,#6295,.T.);
#6295 = CIRCLE('',#6296,1.99999850585);
#6296 = AXIS2_PLACEMENT_3D('',#6297,#6298,#6299);
#6297 = CARTESIAN_POINT('',(182.00000149415,-89.99999850585,0.));
#6298 = DIRECTION('',(0.,0.,-1.));
#6299 = DIRECTION('',(-7.470757349539E-07,1.,0.));
#6300 = CYLINDRICAL_SURFACE('',#6301,1.99999850585);
#6301 = AXIS2_PLACEMENT_3D('',#6302,#6303,#6304);
#6302 = CARTESIAN_POINT('',(182.00000149415,-89.99999850585,0.));
#6303 = DIRECTION('',(0.,0.,-1.));
#6304 = DIRECTION('',(-7.470757349539E-07,1.,0.));
#6305 = ADVANCED_FACE('',(#6306),#6331,.T.);
#6306 = FACE_BOUND('',#6307,.T.);
#6307 = EDGE_LOOP('',(#6308,#6318,#6324,#6325));
#6308 = ORIENTED_EDGE('',*,*,#6309,.T.);
#6309 = EDGE_CURVE('',#6310,#6312,#6314,.T.);
#6310 = VERTEX_POINT('',#6311);
#6311 = CARTESIAN_POINT('',(146.,-88.,0.));
#6312 = VERTEX_POINT('',#6313);
#6313 = CARTESIAN_POINT('',(146.,-88.,1.51));
#6314 = LINE('',#6315,#6316);
#6315 = CARTESIAN_POINT('',(146.,-88.,0.));
#6316 = VECTOR('',#6317,1.);
#6317 = DIRECTION('',(0.,0.,1.));
#6318 = ORIENTED_EDGE('',*,*,#6319,.T.);
#6319 = EDGE_CURVE('',#6312,#6270,#6320,.T.);
#6320 = LINE('',#6321,#6322);
#6321 = CARTESIAN_POINT('',(146.,-88.,1.51));
#6322 = VECTOR('',#6323,1.);
#6323 = DIRECTION('',(1.,0.,0.));
#6324 = ORIENTED_EDGE('',*,*,#6267,.F.);
#6325 = ORIENTED_EDGE('',*,*,#6326,.F.);
#6326 = EDGE_CURVE('',#6310,#6268,#6327,.T.);
#6327 = LINE('',#6328,#6329);
#6328 = CARTESIAN_POINT('',(146.,-88.,0.));
#6329 = VECTOR('',#6330,1.);
#6330 = DIRECTION('',(1.,0.,0.));
#6331 = PLANE('',#6332);
#6332 = AXIS2_PLACEMENT_3D('',#6333,#6334,#6335);
#6333 = CARTESIAN_POINT('',(146.,-88.,0.));
#6334 = DIRECTION('',(0.,1.,0.));
#6335 = DIRECTION('',(1.,0.,0.));
#6336 = ADVANCED_FACE('',(#6337),#6362,.T.);
#6337 = FACE_BOUND('',#6338,.T.);
#6338 = EDGE_LOOP('',(#6339,#6340,#6348,#6356));
#6339 = ORIENTED_EDGE('',*,*,#6286,.T.);
#6340 = ORIENTED_EDGE('',*,*,#6341,.T.);
#6341 = EDGE_CURVE('',#6278,#6342,#6344,.T.);
#6342 = VERTEX_POINT('',#6343);
#6343 = CARTESIAN_POINT('',(184.,-118.,1.51));
#6344 = LINE('',#6345,#6346);
#6345 = CARTESIAN_POINT('',(184.,-90.,1.51));
#6346 = VECTOR('',#6347,1.);
#6347 = DIRECTION('',(0.,-1.,0.));
#6348 = ORIENTED_EDGE('',*,*,#6349,.F.);
#6349 = EDGE_CURVE('',#6350,#6342,#6352,.T.);
#6350 = VERTEX_POINT('',#6351);
#6351 = CARTESIAN_POINT('',(184.,-118.,0.));
#6352 = LINE('',#6353,#6354);
#6353 = CARTESIAN_POINT('',(184.,-118.,0.));
#6354 = VECTOR('',#6355,1.);
#6355 = DIRECTION('',(0.,0.,1.));
#6356 = ORIENTED_EDGE('',*,*,#6357,.F.);
#6357 = EDGE_CURVE('',#6287,#6350,#6358,.T.);
#6358 = LINE('',#6359,#6360);
#6359 = CARTESIAN_POINT('',(184.,-90.,0.));
#6360 = VECTOR('',#6361,1.);
#6361 = DIRECTION('',(0.,-1.,0.));
#6362 = PLANE('',#6363);
#6363 = AXIS2_PLACEMENT_3D('',#6364,#6365,#6366);
#6364 = CARTESIAN_POINT('',(184.,-90.,0.));
#6365 = DIRECTION('',(1.,0.,-0.));
#6366 = DIRECTION('',(0.,-1.,0.));
#6367 = ADVANCED_FACE('',(#6368,#6414,#6425,#6436,#6447,#6458,#6469,
    #6480,#6491,#6502,#6513),#6524,.F.);
#6368 = FACE_BOUND('',#6369,.F.);
#6369 = EDGE_LOOP('',(#6370,#6371,#6372,#6381,#6389,#6398,#6406,#6413));
#6370 = ORIENTED_EDGE('',*,*,#6294,.F.);
#6371 = ORIENTED_EDGE('',*,*,#6326,.F.);
#6372 = ORIENTED_EDGE('',*,*,#6373,.F.);
#6373 = EDGE_CURVE('',#6374,#6310,#6376,.T.);
#6374 = VERTEX_POINT('',#6375);
#6375 = CARTESIAN_POINT('',(144.,-90.,0.));
#6376 = CIRCLE('',#6377,1.99999850585);
#6377 = AXIS2_PLACEMENT_3D('',#6378,#6379,#6380);
#6378 = CARTESIAN_POINT('',(145.99999850585,-89.99999850585,0.));
#6379 = DIRECTION('',(0.,0.,-1.));
#6380 = DIRECTION('',(-1.,-7.470757349539E-07,-0.));
#6381 = ORIENTED_EDGE('',*,*,#6382,.F.);
#6382 = EDGE_CURVE('',#6383,#6374,#6385,.T.);
#6383 = VERTEX_POINT('',#6384);
#6384 = CARTESIAN_POINT('',(144.,-118.,0.));
#6385 = LINE('',#6386,#6387);
#6386 = CARTESIAN_POINT('',(144.,-118.,0.));
#6387 = VECTOR('',#6388,1.);
#6388 = DIRECTION('',(0.,1.,0.));
#6389 = ORIENTED_EDGE('',*,*,#6390,.F.);
#6390 = EDGE_CURVE('',#6391,#6383,#6393,.T.);
#6391 = VERTEX_POINT('',#6392);
#6392 = CARTESIAN_POINT('',(146.,-120.,0.));
#6393 = CIRCLE('',#6394,1.99999850585);
#6394 = AXIS2_PLACEMENT_3D('',#6395,#6396,#6397);
#6395 = CARTESIAN_POINT('',(145.99999850585,-118.0000014941,0.));
#6396 = DIRECTION('',(0.,0.,-1.));
#6397 = DIRECTION('',(7.470757349539E-07,-1.,0.));
#6398 = ORIENTED_EDGE('',*,*,#6399,.F.);
#6399 = EDGE_CURVE('',#6400,#6391,#6402,.T.);
#6400 = VERTEX_POINT('',#6401);
#6401 = CARTESIAN_POINT('',(182.,-120.,0.));
#6402 = LINE('',#6403,#6404);
#6403 = CARTESIAN_POINT('',(182.,-120.,0.));
#6404 = VECTOR('',#6405,1.);
#6405 = DIRECTION('',(-1.,0.,0.));
#6406 = ORIENTED_EDGE('',*,*,#6407,.F.);
#6407 = EDGE_CURVE('',#6350,#6400,#6408,.T.);
#6408 = CIRCLE('',#6409,1.99999850585);
#6409 = AXIS2_PLACEMENT_3D('',#6410,#6411,#6412);
#6410 = CARTESIAN_POINT('',(182.00000149415,-118.0000014941,0.));
#6411 = DIRECTION('',(0.,0.,-1.));
#6412 = DIRECTION('',(1.,7.470757349539E-07,0.));
#6413 = ORIENTED_EDGE('',*,*,#6357,.F.);
#6414 = FACE_BOUND('',#6415,.F.);
#6415 = EDGE_LOOP('',(#6416));
#6416 = ORIENTED_EDGE('',*,*,#6417,.F.);
#6417 = EDGE_CURVE('',#6418,#6418,#6420,.T.);
#6418 = VERTEX_POINT('',#6419);
#6419 = CARTESIAN_POINT('',(147.,-118.,0.));
#6420 = CIRCLE('',#6421,1.);
#6421 = AXIS2_PLACEMENT_3D('',#6422,#6423,#6424);
#6422 = CARTESIAN_POINT('',(146.,-118.,0.));
#6423 = DIRECTION('',(0.,0.,1.));
#6424 = DIRECTION('',(1.,0.,-0.));
#6425 = FACE_BOUND('',#6426,.F.);
#6426 = EDGE_LOOP('',(#6427));
#6427 = ORIENTED_EDGE('',*,*,#6428,.T.);
#6428 = EDGE_CURVE('',#6429,#6429,#6431,.T.);
#6429 = VERTEX_POINT('',#6430);
#6430 = CARTESIAN_POINT('',(146.5,-107.04,0.));
#6431 = CIRCLE('',#6432,0.5);
#6432 = AXIS2_PLACEMENT_3D('',#6433,#6434,#6435);
#6433 = CARTESIAN_POINT('',(146.5,-106.54,0.));
#6434 = DIRECTION('',(-0.,0.,-1.));
#6435 = DIRECTION('',(-0.,-1.,0.));
#6436 = FACE_BOUND('',#6437,.F.);
#6437 = EDGE_LOOP('',(#6438));
#6438 = ORIENTED_EDGE('',*,*,#6439,.F.);
#6439 = EDGE_CURVE('',#6440,#6440,#6442,.T.);
#6440 = VERTEX_POINT('',#6441);
#6441 = CARTESIAN_POINT('',(183.,-118.,0.));
#6442 = CIRCLE('',#6443,1.);
#6443 = AXIS2_PLACEMENT_3D('',#6444,#6445,#6446);
#6444 = CARTESIAN_POINT('',(182.,-118.,0.));
#6445 = DIRECTION('',(0.,0.,1.));
#6446 = DIRECTION('',(1.,0.,-0.));
#6447 = FACE_BOUND('',#6448,.F.);
#6448 = EDGE_LOOP('',(#6449));
#6449 = ORIENTED_EDGE('',*,*,#6450,.T.);
#6450 = EDGE_CURVE('',#6451,#6451,#6453,.T.);
#6451 = VERTEX_POINT('',#6452);
#6452 = CARTESIAN_POINT('',(181.5,-107.04,0.));
#6453 = CIRCLE('',#6454,0.5);
#6454 = AXIS2_PLACEMENT_3D('',#6455,#6456,#6457);
#6455 = CARTESIAN_POINT('',(181.5,-106.54,0.));
#6456 = DIRECTION('',(-0.,0.,-1.));
#6457 = DIRECTION('',(-0.,-1.,0.));
#6458 = FACE_BOUND('',#6459,.F.);
#6459 = EDGE_LOOP('',(#6460));
#6460 = ORIENTED_EDGE('',*,*,#6461,.T.);
#6461 = EDGE_CURVE('',#6462,#6462,#6464,.T.);
#6462 = VERTEX_POINT('',#6463);
#6463 = CARTESIAN_POINT('',(146.5,-104.5,0.));
#6464 = CIRCLE('',#6465,0.5);
#6465 = AXIS2_PLACEMENT_3D('',#6466,#6467,#6468);
#6466 = CARTESIAN_POINT('',(146.5,-104.,0.));
#6467 = DIRECTION('',(-0.,0.,-1.));
#6468 = DIRECTION('',(-0.,-1.,0.));
#6469 = FACE_BOUND('',#6470,.F.);
#6470 = EDGE_LOOP('',(#6471));
#6471 = ORIENTED_EDGE('',*,*,#6472,.T.);
#6472 = EDGE_CURVE('',#6473,#6473,#6475,.T.);
#6473 = VERTEX_POINT('',#6474);
#6474 = CARTESIAN_POINT('',(146.5,-101.96,0.));
#6475 = CIRCLE('',#6476,0.5);
#6476 = AXIS2_PLACEMENT_3D('',#6477,#6478,#6479);
#6477 = CARTESIAN_POINT('',(146.5,-101.46,0.));
#6478 = DIRECTION('',(-0.,0.,-1.));
#6479 = DIRECTION('',(-0.,-1.,0.));
#6480 = FACE_BOUND('',#6481,.F.);
#6481 = EDGE_LOOP('',(#6482));
#6482 = ORIENTED_EDGE('',*,*,#6483,.F.);
#6483 = EDGE_CURVE('',#6484,#6484,#6486,.T.);
#6484 = VERTEX_POINT('',#6485);
#6485 = CARTESIAN_POINT('',(147.,-90.,0.));
#6486 = CIRCLE('',#6487,1.);
#6487 = AXIS2_PLACEMENT_3D('',#6488,#6489,#6490);
#6488 = CARTESIAN_POINT('',(146.,-90.,0.));
#6489 = DIRECTION('',(0.,0.,1.));
#6490 = DIRECTION('',(1.,0.,-0.));
#6491 = FACE_BOUND('',#6492,.F.);
#6492 = EDGE_LOOP('',(#6493));
#6493 = ORIENTED_EDGE('',*,*,#6494,.T.);
#6494 = EDGE_CURVE('',#6495,#6495,#6497,.T.);
#6495 = VERTEX_POINT('',#6496);
#6496 = CARTESIAN_POINT('',(181.5,-104.5,0.));
#6497 = CIRCLE('',#6498,0.5);
#6498 = AXIS2_PLACEMENT_3D('',#6499,#6500,#6501);
#6499 = CARTESIAN_POINT('',(181.5,-104.,0.));
#6500 = DIRECTION('',(-0.,0.,-1.));
#6501 = DIRECTION('',(-0.,-1.,0.));
#6502 = FACE_BOUND('',#6503,.F.);
#6503 = EDGE_LOOP('',(#6504));
#6504 = ORIENTED_EDGE('',*,*,#6505,.T.);
#6505 = EDGE_CURVE('',#6506,#6506,#6508,.T.);
#6506 = VERTEX_POINT('',#6507);
#6507 = CARTESIAN_POINT('',(181.5,-101.96,0.));
#6508 = CIRCLE('',#6509,0.5);
#6509 = AXIS2_PLACEMENT_3D('',#6510,#6511,#6512);
#6510 = CARTESIAN_POINT('',(181.5,-101.46,0.));
#6511 = DIRECTION('',(-0.,0.,-1.));
#6512 = DIRECTION('',(-0.,-1.,0.));
#6513 = FACE_BOUND('',#6514,.F.);
#6514 = EDGE_LOOP('',(#6515));
#6515 = ORIENTED_EDGE('',*,*,#6516,.F.);
#6516 = EDGE_CURVE('',#6517,#6517,#6519,.T.);
#6517 = VERTEX_POINT('',#6518);
#6518 = CARTESIAN_POINT('',(183.,-90.,0.));
#6519 = CIRCLE('',#6520,1.);
#6520 = AXIS2_PLACEMENT_3D('',#6521,#6522,#6523);
#6521 = CARTESIAN_POINT('',(182.,-90.,0.));
#6522 = DIRECTION('',(0.,0.,1.));
#6523 = DIRECTION('',(1.,0.,-0.));
#6524 = PLANE('',#6525);
#6525 = AXIS2_PLACEMENT_3D('',#6526,#6527,#6528);
#6526 = CARTESIAN_POINT('',(0.,0.,0.));
#6527 = DIRECTION('',(0.,0.,1.));
#6528 = DIRECTION('',(1.,0.,-0.));
#6529 = ADVANCED_FACE('',(#6530,#6576,#6587,#6598,#6609,#6620,#6631,
    #6642,#6653,#6664,#6675),#6686,.T.);
#6530 = FACE_BOUND('',#6531,.T.);
#6531 = EDGE_LOOP('',(#6532,#6533,#6534,#6543,#6551,#6560,#6568,#6575));
#6532 = ORIENTED_EDGE('',*,*,#6277,.F.);
#6533 = ORIENTED_EDGE('',*,*,#6319,.F.);
#6534 = ORIENTED_EDGE('',*,*,#6535,.F.);
#6535 = EDGE_CURVE('',#6536,#6312,#6538,.T.);
#6536 = VERTEX_POINT('',#6537);
#6537 = CARTESIAN_POINT('',(144.,-90.,1.51));
#6538 = CIRCLE('',#6539,1.99999850585);
#6539 = AXIS2_PLACEMENT_3D('',#6540,#6541,#6542);
#6540 = CARTESIAN_POINT('',(145.99999850585,-89.99999850585,1.51));
#6541 = DIRECTION('',(0.,0.,-1.));
#6542 = DIRECTION('',(-1.,-7.470757349539E-07,-0.));
#6543 = ORIENTED_EDGE('',*,*,#6544,.F.);
#6544 = EDGE_CURVE('',#6545,#6536,#6547,.T.);
#6545 = VERTEX_POINT('',#6546);
#6546 = CARTESIAN_POINT('',(144.,-118.,1.51));
#6547 = LINE('',#6548,#6549);
#6548 = CARTESIAN_POINT('',(144.,-118.,1.51));
#6549 = VECTOR('',#6550,1.);
#6550 = DIRECTION('',(0.,1.,0.));
#6551 = ORIENTED_EDGE('',*,*,#6552,.F.);
#6552 = EDGE_CURVE('',#6553,#6545,#6555,.T.);
#6553 = VERTEX_POINT('',#6554);
#6554 = CARTESIAN_POINT('',(146.,-120.,1.51));
#6555 = CIRCLE('',#6556,1.99999850585);
#6556 = AXIS2_PLACEMENT_3D('',#6557,#6558,#6559);
#6557 = CARTESIAN_POINT('',(145.99999850585,-118.0000014941,1.51));
#6558 = DIRECTION('',(0.,0.,-1.));
#6559 = DIRECTION('',(7.470757349539E-07,-1.,0.));
#6560 = ORIENTED_EDGE('',*,*,#6561,.F.);
#6561 = EDGE_CURVE('',#6562,#6553,#6564,.T.);
#6562 = VERTEX_POINT('',#6563);
#6563 = CARTESIAN_POINT('',(182.,-120.,1.51));
#6564 = LINE('',#6565,#6566);
#6565 = CARTESIAN_POINT('',(182.,-120.,1.51));
#6566 = VECTOR('',#6567,1.);
#6567 = DIRECTION('',(-1.,0.,0.));
#6568 = ORIENTED_EDGE('',*,*,#6569,.F.);
#6569 = EDGE_CURVE('',#6342,#6562,#6570,.T.);
#6570 = CIRCLE('',#6571,1.99999850585);
#6571 = AXIS2_PLACEMENT_3D('',#6572,#6573,#6574);
#6572 = CARTESIAN_POINT('',(182.00000149415,-118.0000014941,1.51));
#6573 = DIRECTION('',(0.,0.,-1.));
#6574 = DIRECTION('',(1.,7.470757349539E-07,0.));
#6575 = ORIENTED_EDGE('',*,*,#6341,.F.);
#6576 = FACE_BOUND('',#6577,.T.);
#6577 = EDGE_LOOP('',(#6578));
#6578 = ORIENTED_EDGE('',*,*,#6579,.F.);
#6579 = EDGE_CURVE('',#6580,#6580,#6582,.T.);
#6580 = VERTEX_POINT('',#6581);
#6581 = CARTESIAN_POINT('',(147.,-118.,1.51));
#6582 = CIRCLE('',#6583,1.);
#6583 = AXIS2_PLACEMENT_3D('',#6584,#6585,#6586);
#6584 = CARTESIAN_POINT('',(146.,-118.,1.51));
#6585 = DIRECTION('',(0.,0.,1.));
#6586 = DIRECTION('',(1.,0.,-0.));
#6587 = FACE_BOUND('',#6588,.T.);
#6588 = EDGE_LOOP('',(#6589));
#6589 = ORIENTED_EDGE('',*,*,#6590,.T.);
#6590 = EDGE_CURVE('',#6591,#6591,#6593,.T.);
#6591 = VERTEX_POINT('',#6592);
#6592 = CARTESIAN_POINT('',(146.5,-107.04,1.51));
#6593 = CIRCLE('',#6594,0.5);
#6594 = AXIS2_PLACEMENT_3D('',#6595,#6596,#6597);
#6595 = CARTESIAN_POINT('',(146.5,-106.54,1.51));
#6596 = DIRECTION('',(-0.,0.,-1.));
#6597 = DIRECTION('',(-0.,-1.,0.));
#6598 = FACE_BOUND('',#6599,.T.);
#6599 = EDGE_LOOP('',(#6600));
#6600 = ORIENTED_EDGE('',*,*,#6601,.F.);
#6601 = EDGE_CURVE('',#6602,#6602,#6604,.T.);
#6602 = VERTEX_POINT('',#6603);
#6603 = CARTESIAN_POINT('',(183.,-118.,1.51));
#6604 = CIRCLE('',#6605,1.);
#6605 = AXIS2_PLACEMENT_3D('',#6606,#6607,#6608);
#6606 = CARTESIAN_POINT('',(182.,-118.,1.51));
#6607 = DIRECTION('',(0.,0.,1.));
#6608 = DIRECTION('',(1.,0.,-0.));
#6609 = FACE_BOUND('',#6610,.T.);
#6610 = EDGE_LOOP('',(#6611));
#6611 = ORIENTED_EDGE('',*,*,#6612,.T.);
#6612 = EDGE_CURVE('',#6613,#6613,#6615,.T.);
#6613 = VERTEX_POINT('',#6614);
#6614 = CARTESIAN_POINT('',(181.5,-107.04,1.51));
#6615 = CIRCLE('',#6616,0.5);
#6616 = AXIS2_PLACEMENT_3D('',#6617,#6618,#6619);
#6617 = CARTESIAN_POINT('',(181.5,-106.54,1.51));
#6618 = DIRECTION('',(-0.,0.,-1.));
#6619 = DIRECTION('',(-0.,-1.,0.));
#6620 = FACE_BOUND('',#6621,.T.);
#6621 = EDGE_LOOP('',(#6622));
#6622 = ORIENTED_EDGE('',*,*,#6623,.T.);
#6623 = EDGE_CURVE('',#6624,#6624,#6626,.T.);
#6624 = VERTEX_POINT('',#6625);
#6625 = CARTESIAN_POINT('',(146.5,-104.5,1.51));
#6626 = CIRCLE('',#6627,0.5);
#6627 = AXIS2_PLACEMENT_3D('',#6628,#6629,#6630);
#6628 = CARTESIAN_POINT('',(146.5,-104.,1.51));
#6629 = DIRECTION('',(-0.,0.,-1.));
#6630 = DIRECTION('',(-0.,-1.,0.));
#6631 = FACE_BOUND('',#6632,.T.);
#6632 = EDGE_LOOP('',(#6633));
#6633 = ORIENTED_EDGE('',*,*,#6634,.T.);
#6634 = EDGE_CURVE('',#6635,#6635,#6637,.T.);
#6635 = VERTEX_POINT('',#6636);
#6636 = CARTESIAN_POINT('',(146.5,-101.96,1.51));
#6637 = CIRCLE('',#6638,0.5);
#6638 = AXIS2_PLACEMENT_3D('',#6639,#6640,#6641);
#6639 = CARTESIAN_POINT('',(146.5,-101.46,1.51));
#6640 = DIRECTION('',(-0.,0.,-1.));
#6641 = DIRECTION('',(-0.,-1.,0.));
#6642 = FACE_BOUND('',#6643,.T.);
#6643 = EDGE_LOOP('',(#6644));
#6644 = ORIENTED_EDGE('',*,*,#6645,.F.);
#6645 = EDGE_CURVE('',#6646,#6646,#6648,.T.);
#6646 = VERTEX_POINT('',#6647);
#6647 = CARTESIAN_POINT('',(147.,-90.,1.51));
#6648 = CIRCLE('',#6649,1.);
#6649 = AXIS2_PLACEMENT_3D('',#6650,#6651,#6652);
#6650 = CARTESIAN_POINT('',(146.,-90.,1.51));
#6651 = DIRECTION('',(0.,0.,1.));
#6652 = DIRECTION('',(1.,0.,-0.));
#6653 = FACE_BOUND('',#6654,.T.);
#6654 = EDGE_LOOP('',(#6655));
#6655 = ORIENTED_EDGE('',*,*,#6656,.T.);
#6656 = EDGE_CURVE('',#6657,#6657,#6659,.T.);
#6657 = VERTEX_POINT('',#6658);
#6658 = CARTESIAN_POINT('',(181.5,-104.5,1.51));
#6659 = CIRCLE('',#6660,0.5);
#6660 = AXIS2_PLACEMENT_3D('',#6661,#6662,#6663);
#6661 = CARTESIAN_POINT('',(181.5,-104.,1.51));
#6662 = DIRECTION('',(-0.,0.,-1.));
#6663 = DIRECTION('',(-0.,-1.,0.));
#6664 = FACE_BOUND('',#6665,.T.);
#6665 = EDGE_LOOP('',(#6666));
#6666 = ORIENTED_EDGE('',*,*,#6667,.T.);
#6667 = EDGE_CURVE('',#6668,#6668,#6670,.T.);
#6668 = VERTEX_POINT('',#6669);
#6669 = CARTESIAN_POINT('',(181.5,-101.96,1.51));
#6670 = CIRCLE('',#6671,0.5);
#6671 = AXIS2_PLACEMENT_3D('',#6672,#6673,#6674);
#6672 = CARTESIAN_POINT('',(181.5,-101.46,1.51));
#6673 = DIRECTION('',(-0.,0.,-1.));
#6674 = DIRECTION('',(-0.,-1.,0.));
#6675 = FACE_BOUND('',#6676,.T.);
#6676 = EDGE_LOOP('',(#6677));
#6677 = ORIENTED_EDGE('',*,*,#6678,.F.);
#6678 = EDGE_CURVE('',#6679,#6679,#6681,.T.);
#6679 = VERTEX_POINT('',#6680);
#6680 = CARTESIAN_POINT('',(183.,-90.,1.51));
#6681 = CIRCLE('',#6682,1.);
#6682 = AXIS2_PLACEMENT_3D('',#6683,#6684,#6685);
#6683 = CARTESIAN_POINT('',(182.,-90.,1.51));
#6684 = DIRECTION('',(0.,0.,1.));
#6685 = DIRECTION('',(1.,0.,-0.));
#6686 = PLANE('',#6687);
#6687 = AXIS2_PLACEMENT_3D('',#6688,#6689,#6690);
#6688 = CARTESIAN_POINT('',(0.,0.,1.51));
#6689 = DIRECTION('',(0.,0.,1.));
#6690 = DIRECTION('',(1.,0.,-0.));
#6691 = ADVANCED_FACE('',(#6692),#6703,.T.);
#6692 = FACE_BOUND('',#6693,.T.);
#6693 = EDGE_LOOP('',(#6694,#6700,#6701,#6702));
#6694 = ORIENTED_EDGE('',*,*,#6695,.T.);
#6695 = EDGE_CURVE('',#6374,#6536,#6696,.T.);
#6696 = LINE('',#6697,#6698);
#6697 = CARTESIAN_POINT('',(144.,-90.,0.));
#6698 = VECTOR('',#6699,1.);
#6699 = DIRECTION('',(0.,0.,1.));
#6700 = ORIENTED_EDGE('',*,*,#6535,.T.);
#6701 = ORIENTED_EDGE('',*,*,#6309,.F.);
#6702 = ORIENTED_EDGE('',*,*,#6373,.F.);
#6703 = CYLINDRICAL_SURFACE('',#6704,1.99999850585);
#6704 = AXIS2_PLACEMENT_3D('',#6705,#6706,#6707);
#6705 = CARTESIAN_POINT('',(145.99999850585,-89.99999850585,0.));
#6706 = DIRECTION('',(0.,0.,-1.));
#6707 = DIRECTION('',(-1.,-7.470757349539E-07,-0.));
#6708 = ADVANCED_FACE('',(#6709),#6720,.T.);
#6709 = FACE_BOUND('',#6710,.T.);
#6710 = EDGE_LOOP('',(#6711,#6712,#6713,#6719));
#6711 = ORIENTED_EDGE('',*,*,#6349,.T.);
#6712 = ORIENTED_EDGE('',*,*,#6569,.T.);
#6713 = ORIENTED_EDGE('',*,*,#6714,.F.);
#6714 = EDGE_CURVE('',#6400,#6562,#6715,.T.);
#6715 = LINE('',#6716,#6717);
#6716 = CARTESIAN_POINT('',(182.,-120.,0.));
#6717 = VECTOR('',#6718,1.);
#6718 = DIRECTION('',(0.,0.,1.));
#6719 = ORIENTED_EDGE('',*,*,#6407,.F.);
#6720 = CYLINDRICAL_SURFACE('',#6721,1.99999850585);
#6721 = AXIS2_PLACEMENT_3D('',#6722,#6723,#6724);
#6722 = CARTESIAN_POINT('',(182.00000149415,-118.0000014941,0.));
#6723 = DIRECTION('',(0.,0.,-1.));
#6724 = DIRECTION('',(1.,7.470757349539E-07,0.));
#6725 = ADVANCED_FACE('',(#6726),#6737,.T.);
#6726 = FACE_BOUND('',#6727,.T.);
#6727 = EDGE_LOOP('',(#6728,#6734,#6735,#6736));
#6728 = ORIENTED_EDGE('',*,*,#6729,.T.);
#6729 = EDGE_CURVE('',#6383,#6545,#6730,.T.);
#6730 = LINE('',#6731,#6732);
#6731 = CARTESIAN_POINT('',(144.,-118.,0.));
#6732 = VECTOR('',#6733,1.);
#6733 = DIRECTION('',(0.,0.,1.));
#6734 = ORIENTED_EDGE('',*,*,#6544,.T.);
#6735 = ORIENTED_EDGE('',*,*,#6695,.F.);
#6736 = ORIENTED_EDGE('',*,*,#6382,.F.);
#6737 = PLANE('',#6738);
#6738 = AXIS2_PLACEMENT_3D('',#6739,#6740,#6741);
#6739 = CARTESIAN_POINT('',(144.,-118.,0.));
#6740 = DIRECTION('',(-1.,0.,0.));
#6741 = DIRECTION('',(0.,1.,0.));
#6742 = ADVANCED_FACE('',(#6743),#6754,.T.);
#6743 = FACE_BOUND('',#6744,.T.);
#6744 = EDGE_LOOP('',(#6745,#6746,#6747,#6753));
#6745 = ORIENTED_EDGE('',*,*,#6714,.T.);
#6746 = ORIENTED_EDGE('',*,*,#6561,.T.);
#6747 = ORIENTED_EDGE('',*,*,#6748,.F.);
#6748 = EDGE_CURVE('',#6391,#6553,#6749,.T.);
#6749 = LINE('',#6750,#6751);
#6750 = CARTESIAN_POINT('',(146.,-120.,0.));
#6751 = VECTOR('',#6752,1.);
#6752 = DIRECTION('',(0.,0.,1.));
#6753 = ORIENTED_EDGE('',*,*,#6399,.F.);
#6754 = PLANE('',#6755);
#6755 = AXIS2_PLACEMENT_3D('',#6756,#6757,#6758);
#6756 = CARTESIAN_POINT('',(182.,-120.,0.));
#6757 = DIRECTION('',(0.,-1.,0.));
#6758 = DIRECTION('',(-1.,0.,0.));
#6759 = ADVANCED_FACE('',(#6760),#6766,.T.);
#6760 = FACE_BOUND('',#6761,.T.);
#6761 = EDGE_LOOP('',(#6762,#6763,#6764,#6765));
#6762 = ORIENTED_EDGE('',*,*,#6748,.T.);
#6763 = ORIENTED_EDGE('',*,*,#6552,.T.);
#6764 = ORIENTED_EDGE('',*,*,#6729,.F.);
#6765 = ORIENTED_EDGE('',*,*,#6390,.F.);
#6766 = CYLINDRICAL_SURFACE('',#6767,1.99999850585);
#6767 = AXIS2_PLACEMENT_3D('',#6768,#6769,#6770);
#6768 = CARTESIAN_POINT('',(145.99999850585,-118.0000014941,0.));
#6769 = DIRECTION('',(0.,0.,-1.));
#6770 = DIRECTION('',(7.470757349539E-07,-1.,0.));
#6771 = ADVANCED_FACE('',(#6772),#6783,.F.);
#6772 = FACE_BOUND('',#6773,.T.);
#6773 = EDGE_LOOP('',(#6774,#6780,#6781,#6782));
#6774 = ORIENTED_EDGE('',*,*,#6775,.T.);
#6775 = EDGE_CURVE('',#6418,#6580,#6776,.T.);
#6776 = LINE('',#6777,#6778);
#6777 = CARTESIAN_POINT('',(147.,-118.,0.));
#6778 = VECTOR('',#6779,1.);
#6779 = DIRECTION('',(0.,0.,1.));
#6780 = ORIENTED_EDGE('',*,*,#6579,.T.);
#6781 = ORIENTED_EDGE('',*,*,#6775,.F.);
#6782 = ORIENTED_EDGE('',*,*,#6417,.F.);
#6783 = CYLINDRICAL_SURFACE('',#6784,1.);
#6784 = AXIS2_PLACEMENT_3D('',#6785,#6786,#6787);
#6785 = CARTESIAN_POINT('',(146.,-118.,0.));
#6786 = DIRECTION('',(-0.,-0.,-1.));
#6787 = DIRECTION('',(1.,0.,-0.));
#6788 = ADVANCED_FACE('',(#6789),#6800,.F.);
#6789 = FACE_BOUND('',#6790,.T.);
#6790 = EDGE_LOOP('',(#6791,#6792,#6798,#6799));
#6791 = ORIENTED_EDGE('',*,*,#6428,.T.);
#6792 = ORIENTED_EDGE('',*,*,#6793,.T.);
#6793 = EDGE_CURVE('',#6429,#6591,#6794,.T.);
#6794 = LINE('',#6795,#6796);
#6795 = CARTESIAN_POINT('',(146.5,-107.04,-4.6E-02));
#6796 = VECTOR('',#6797,1.);
#6797 = DIRECTION('',(0.,0.,1.));
#6798 = ORIENTED_EDGE('',*,*,#6590,.F.);
#6799 = ORIENTED_EDGE('',*,*,#6793,.F.);
#6800 = CYLINDRICAL_SURFACE('',#6801,0.5);
#6801 = AXIS2_PLACEMENT_3D('',#6802,#6803,#6804);
#6802 = CARTESIAN_POINT('',(146.5,-106.54,-4.6E-02));
#6803 = DIRECTION('',(-0.,-0.,-1.));
#6804 = DIRECTION('',(-0.,-1.,0.));
#6805 = ADVANCED_FACE('',(#6806),#6817,.F.);
#6806 = FACE_BOUND('',#6807,.T.);
#6807 = EDGE_LOOP('',(#6808,#6814,#6815,#6816));
#6808 = ORIENTED_EDGE('',*,*,#6809,.T.);
#6809 = EDGE_CURVE('',#6440,#6602,#6810,.T.);
#6810 = LINE('',#6811,#6812);
#6811 = CARTESIAN_POINT('',(183.,-118.,0.));
#6812 = VECTOR('',#6813,1.);
#6813 = DIRECTION('',(0.,0.,1.));
#6814 = ORIENTED_EDGE('',*,*,#6601,.T.);
#6815 = ORIENTED_EDGE('',*,*,#6809,.F.);
#6816 = ORIENTED_EDGE('',*,*,#6439,.F.);
#6817 = CYLINDRICAL_SURFACE('',#6818,1.);
#6818 = AXIS2_PLACEMENT_3D('',#6819,#6820,#6821);
#6819 = CARTESIAN_POINT('',(182.,-118.,0.));
#6820 = DIRECTION('',(-0.,-0.,-1.));
#6821 = DIRECTION('',(1.,0.,-0.));
#6822 = ADVANCED_FACE('',(#6823),#6834,.F.);
#6823 = FACE_BOUND('',#6824,.T.);
#6824 = EDGE_LOOP('',(#6825,#6826,#6832,#6833));
#6825 = ORIENTED_EDGE('',*,*,#6450,.T.);
#6826 = ORIENTED_EDGE('',*,*,#6827,.T.);
#6827 = EDGE_CURVE('',#6451,#6613,#6828,.T.);
#6828 = LINE('',#6829,#6830);
#6829 = CARTESIAN_POINT('',(181.5,-107.04,-4.6E-02));
#6830 = VECTOR('',#6831,1.);
#6831 = DIRECTION('',(0.,0.,1.));
#6832 = ORIENTED_EDGE('',*,*,#6612,.F.);
#6833 = ORIENTED_EDGE('',*,*,#6827,.F.);
#6834 = CYLINDRICAL_SURFACE('',#6835,0.5);
#6835 = AXIS2_PLACEMENT_3D('',#6836,#6837,#6838);
#6836 = CARTESIAN_POINT('',(181.5,-106.54,-4.6E-02));
#6837 = DIRECTION('',(-0.,-0.,-1.));
#6838 = DIRECTION('',(-0.,-1.,0.));
#6839 = ADVANCED_FACE('',(#6840),#6851,.F.);
#6840 = FACE_BOUND('',#6841,.T.);
#6841 = EDGE_LOOP('',(#6842,#6843,#6849,#6850));
#6842 = ORIENTED_EDGE('',*,*,#6461,.T.);
#6843 = ORIENTED_EDGE('',*,*,#6844,.T.);
#6844 = EDGE_CURVE('',#6462,#6624,#6845,.T.);
#6845 = LINE('',#6846,#6847);
#6846 = CARTESIAN_POINT('',(146.5,-104.5,-4.6E-02));
#6847 = VECTOR('',#6848,1.);
#6848 = DIRECTION('',(0.,0.,1.));
#6849 = ORIENTED_EDGE('',*,*,#6623,.F.);
#6850 = ORIENTED_EDGE('',*,*,#6844,.F.);
#6851 = CYLINDRICAL_SURFACE('',#6852,0.5);
#6852 = AXIS2_PLACEMENT_3D('',#6853,#6854,#6855);
#6853 = CARTESIAN_POINT('',(146.5,-104.,-4.6E-02));
#6854 = DIRECTION('',(-0.,-0.,-1.));
#6855 = DIRECTION('',(-0.,-1.,0.));
#6856 = ADVANCED_FACE('',(#6857),#6868,.F.);
#6857 = FACE_BOUND('',#6858,.T.);
#6858 = EDGE_LOOP('',(#6859,#6860,#6866,#6867));
#6859 = ORIENTED_EDGE('',*,*,#6472,.T.);
#6860 = ORIENTED_EDGE('',*,*,#6861,.T.);
#6861 = EDGE_CURVE('',#6473,#6635,#6862,.T.);
#6862 = LINE('',#6863,#6864);
#6863 = CARTESIAN_POINT('',(146.5,-101.96,-4.6E-02));
#6864 = VECTOR('',#6865,1.);
#6865 = DIRECTION('',(0.,0.,1.));
#6866 = ORIENTED_EDGE('',*,*,#6634,.F.);
#6867 = ORIENTED_EDGE('',*,*,#6861,.F.);
#6868 = CYLINDRICAL_SURFACE('',#6869,0.5);
#6869 = AXIS2_PLACEMENT_3D('',#6870,#6871,#6872);
#6870 = CARTESIAN_POINT('',(146.5,-101.46,-4.6E-02));
#6871 = DIRECTION('',(-0.,-0.,-1.));
#6872 = DIRECTION('',(-0.,-1.,0.));
#6873 = ADVANCED_FACE('',(#6874),#6885,.F.);
#6874 = FACE_BOUND('',#6875,.T.);
#6875 = EDGE_LOOP('',(#6876,#6882,#6883,#6884));
#6876 = ORIENTED_EDGE('',*,*,#6877,.T.);
#6877 = EDGE_CURVE('',#6484,#6646,#6878,.T.);
#6878 = LINE('',#6879,#6880);
#6879 = CARTESIAN_POINT('',(147.,-90.,0.));
#6880 = VECTOR('',#6881,1.);
#6881 = DIRECTION('',(0.,0.,1.));
#6882 = ORIENTED_EDGE('',*,*,#6645,.T.);
#6883 = ORIENTED_EDGE('',*,*,#6877,.F.);
#6884 = ORIENTED_EDGE('',*,*,#6483,.F.);
#6885 = CYLINDRICAL_SURFACE('',#6886,1.);
#6886 = AXIS2_PLACEMENT_3D('',#6887,#6888,#6889);
#6887 = CARTESIAN_POINT('',(146.,-90.,0.));
#6888 = DIRECTION('',(-0.,-0.,-1.));
#6889 = DIRECTION('',(1.,0.,-0.));
#6890 = ADVANCED_FACE('',(#6891),#6902,.F.);
#6891 = FACE_BOUND('',#6892,.T.);
#6892 = EDGE_LOOP('',(#6893,#6894,#6900,#6901));
#6893 = ORIENTED_EDGE('',*,*,#6494,.T.);
#6894 = ORIENTED_EDGE('',*,*,#6895,.T.);
#6895 = EDGE_CURVE('',#6495,#6657,#6896,.T.);
#6896 = LINE('',#6897,#6898);
#6897 = CARTESIAN_POINT('',(181.5,-104.5,-4.6E-02));
#6898 = VECTOR('',#6899,1.);
#6899 = DIRECTION('',(0.,0.,1.));
#6900 = ORIENTED_EDGE('',*,*,#6656,.F.);
#6901 = ORIENTED_EDGE('',*,*,#6895,.F.);
#6902 = CYLINDRICAL_SURFACE('',#6903,0.5);
#6903 = AXIS2_PLACEMENT_3D('',#6904,#6905,#6906);
#6904 = CARTESIAN_POINT('',(181.5,-104.,-4.6E-02));
#6905 = DIRECTION('',(-0.,-0.,-1.));
#6906 = DIRECTION('',(-0.,-1.,0.));
#6907 = ADVANCED_FACE('',(#6908),#6919,.F.);
#6908 = FACE_BOUND('',#6909,.T.);
#6909 = EDGE_LOOP('',(#6910,#6911,#6917,#6918));
#6910 = ORIENTED_EDGE('',*,*,#6505,.T.);
#6911 = ORIENTED_EDGE('',*,*,#6912,.T.);
#6912 = EDGE_CURVE('',#6506,#6668,#6913,.T.);
#6913 = LINE('',#6914,#6915);
#6914 = CARTESIAN_POINT('',(181.5,-101.96,-4.6E-02));
#6915 = VECTOR('',#6916,1.);
#6916 = DIRECTION('',(0.,0.,1.));
#6917 = ORIENTED_EDGE('',*,*,#6667,.F.);
#6918 = ORIENTED_EDGE('',*,*,#6912,.F.);
#6919 = CYLINDRICAL_SURFACE('',#6920,0.5);
#6920 = AXIS2_PLACEMENT_3D('',#6921,#6922,#6923);
#6921 = CARTESIAN_POINT('',(181.5,-101.46,-4.6E-02));
#6922 = DIRECTION('',(-0.,-0.,-1.));
#6923 = DIRECTION('',(-0.,-1.,0.));
#6924 = ADVANCED_FACE('',(#6925),#6936,.F.);
#6925 = FACE_BOUND('',#6926,.T.);
#6926 = EDGE_LOOP('',(#6927,#6933,#6934,#6935));
#6927 = ORIENTED_EDGE('',*,*,#6928,.T.);
#6928 = EDGE_CURVE('',#6517,#6679,#6929,.T.);
#6929 = LINE('',#6930,#6931);
#6930 = CARTESIAN_POINT('',(183.,-90.,0.));
#6931 = VECTOR('',#6932,1.);
#6932 = DIRECTION('',(0.,0.,1.));
#6933 = ORIENTED_EDGE('',*,*,#6678,.T.);
#6934 = ORIENTED_EDGE('',*,*,#6928,.F.);
#6935 = ORIENTED_EDGE('',*,*,#6516,.F.);
#6936 = CYLINDRICAL_SURFACE('',#6937,1.);
#6937 = AXIS2_PLACEMENT_3D('',#6938,#6939,#6940);
#6938 = CARTESIAN_POINT('',(182.,-90.,0.));
#6939 = DIRECTION('',(-0.,-0.,-1.));
#6940 = DIRECTION('',(1.,0.,-0.));
#6941 = ( GEOMETRIC_REPRESENTATION_CONTEXT(3) 
GLOBAL_UNCERTAINTY_ASSIGNED_CONTEXT((#6945)) 
GLOBAL_UNIT_ASSIGNED_CONTEXT((#6942,#6943,#6944)) REPRESENTATION_CONTEXT
('Context #1','3D Context with UNIT and UNCERTAINTY') );
#6942 = ( LENGTH_UNIT() NAMED_UNIT(*) SI_UNIT(.MILLI.,.METRE.) );
#6943 = ( NAMED_UNIT(*) PLANE_ANGLE_UNIT() SI_UNIT($,.RADIAN.) );
#6944 = ( NAMED_UNIT(*) SI_UNIT($,.STERADIAN.) SOLID_ANGLE_UNIT() );
#6945 = UNCERTAINTY_MEASURE_WITH_UNIT(LENGTH_MEASURE(1.E-07),#6942,
  'distance_accuracy_value','confusion accuracy');
#6946 = CONTEXT_DEPENDENT_SHAPE_REPRESENTATION(#6947,#6949);
#6947 = ( REPRESENTATION_RELATIONSHIP('','',#6260,#10) 
REPRESENTATION_RELATIONSHIP_WITH_TRANSFORMATION(#6948) 
SHAPE_REPRESENTATION_RELATIONSHIP() );
#6948 = ITEM_DEFINED_TRANSFORMATION('','',#11,#535);
#6949 = PRODUCT_DEFINITION_SHAPE('Placement','Placement of an item',
  #6950);
#6950 = NEXT_ASSEMBLY_USAGE_OCCURRENCE('131','=>[0:1:1:5]','',#5,#6255,$
  );
#6951 = PRODUCT_RELATED_PRODUCT_CATEGORY('part',$,(#6257));
#6952 = MECHANICAL_DESIGN_GEOMETRIC_PRESENTATION_REPRESENTATION('',(
    #6953,#6961,#6968,#6975,#6982,#6989,#6996,#7003,#7010,#7017,#7024,
    #7032,#7039,#7046,#7053,#7060,#7067,#7074,#7081,#7088,#7095,#7102,
    #7109,#7116,#7123,#7130,#7137,#7144),#3797);
#6953 = STYLED_ITEM('color',(#6954),#2945);
#6954 = PRESENTATION_STYLE_ASSIGNMENT((#6955));
#6955 = SURFACE_STYLE_USAGE(.BOTH.,#6956);
#6956 = SURFACE_SIDE_STYLE('',(#6957));
#6957 = SURFACE_STYLE_FILL_AREA(#6958);
#6958 = FILL_AREA_STYLE('',(#6959));
#6959 = FILL_AREA_STYLE_COLOUR('',#6960);
#6960 = COLOUR_RGB('',0.823999987314,0.819999987296,0.781000009244);
#6961 = STYLED_ITEM('color',(#6962),#3021);
#6962 = PRESENTATION_STYLE_ASSIGNMENT((#6963));
#6963 = SURFACE_STYLE_USAGE(.BOTH.,#6964);
#6964 = SURFACE_SIDE_STYLE('',(#6965));
#6965 = SURFACE_STYLE_FILL_AREA(#6966);
#6966 = FILL_AREA_STYLE('',(#6967));
#6967 = FILL_AREA_STYLE_COLOUR('',#6960);
#6968 = STYLED_ITEM('color',(#6969),#3052);
#6969 = PRESENTATION_STYLE_ASSIGNMENT((#6970));
#6970 = SURFACE_STYLE_USAGE(.BOTH.,#6971);
#6971 = SURFACE_SIDE_STYLE('',(#6972));
#6972 = SURFACE_STYLE_FILL_AREA(#6973);
#6973 = FILL_AREA_STYLE('',(#6974));
#6974 = FILL_AREA_STYLE_COLOUR('',#6960);
#6975 = STYLED_ITEM('color',(#6976),#3077);
#6976 = PRESENTATION_STYLE_ASSIGNMENT((#6977));
#6977 = SURFACE_STYLE_USAGE(.BOTH.,#6978);
#6978 = SURFACE_SIDE_STYLE('',(#6979));
#6979 = SURFACE_STYLE_FILL_AREA(#6980);
#6980 = FILL_AREA_STYLE('',(#6981));
#6981 = FILL_AREA_STYLE_COLOUR('',#6960);
#6982 = STYLED_ITEM('color',(#6983),#3102);
#6983 = PRESENTATION_STYLE_ASSIGNMENT((#6984));
#6984 = SURFACE_STYLE_USAGE(.BOTH.,#6985);
#6985 = SURFACE_SIDE_STYLE('',(#6986));
#6986 = SURFACE_STYLE_FILL_AREA(#6987);
#6987 = FILL_AREA_STYLE('',(#6988));
#6988 = FILL_AREA_STYLE_COLOUR('',#6960);
#6989 = STYLED_ITEM('color',(#6990),#3126);
#6990 = PRESENTATION_STYLE_ASSIGNMENT((#6991));
#6991 = SURFACE_STYLE_USAGE(.BOTH.,#6992);
#6992 = SURFACE_SIDE_STYLE('',(#6993));
#6993 = SURFACE_STYLE_FILL_AREA(#6994);
#6994 = FILL_AREA_STYLE('',(#6995));
#6995 = FILL_AREA_STYLE_COLOUR('',#6960);
#6996 = STYLED_ITEM('color',(#6997),#3150);
#6997 = PRESENTATION_STYLE_ASSIGNMENT((#6998));
#6998 = SURFACE_STYLE_USAGE(.BOTH.,#6999);
#6999 = SURFACE_SIDE_STYLE('',(#7000));
#7000 = SURFACE_STYLE_FILL_AREA(#7001);
#7001 = FILL_AREA_STYLE('',(#7002));
#7002 = FILL_AREA_STYLE_COLOUR('',#6960);
#7003 = STYLED_ITEM('color',(#7004),#3175);
#7004 = PRESENTATION_STYLE_ASSIGNMENT((#7005));
#7005 = SURFACE_STYLE_USAGE(.BOTH.,#7006);
#7006 = SURFACE_SIDE_STYLE('',(#7007));
#7007 = SURFACE_STYLE_FILL_AREA(#7008);
#7008 = FILL_AREA_STYLE('',(#7009));
#7009 = FILL_AREA_STYLE_COLOUR('',#6960);
#7010 = STYLED_ITEM('color',(#7011),#3200);
#7011 = PRESENTATION_STYLE_ASSIGNMENT((#7012));
#7012 = SURFACE_STYLE_USAGE(.BOTH.,#7013);
#7013 = SURFACE_SIDE_STYLE('',(#7014));
#7014 = SURFACE_STYLE_FILL_AREA(#7015);
#7015 = FILL_AREA_STYLE('',(#7016));
#7016 = FILL_AREA_STYLE_COLOUR('',#6960);
#7017 = STYLED_ITEM('color',(#7018),#3217);
#7018 = PRESENTATION_STYLE_ASSIGNMENT((#7019));
#7019 = SURFACE_STYLE_USAGE(.BOTH.,#7020);
#7020 = SURFACE_SIDE_STYLE('',(#7021));
#7021 = SURFACE_STYLE_FILL_AREA(#7022);
#7022 = FILL_AREA_STYLE('',(#7023));
#7023 = FILL_AREA_STYLE_COLOUR('',#6960);
#7024 = STYLED_ITEM('color',(#7025),#3303);
#7025 = PRESENTATION_STYLE_ASSIGNMENT((#7026));
#7026 = SURFACE_STYLE_USAGE(.BOTH.,#7027);
#7027 = SURFACE_SIDE_STYLE('',(#7028));
#7028 = SURFACE_STYLE_FILL_AREA(#7029);
#7029 = FILL_AREA_STYLE('',(#7030));
#7030 = FILL_AREA_STYLE_COLOUR('',#7031);
#7031 = COLOUR_RGB('',0.379000005575,0.270000008848,0.214999999939);
#7032 = STYLED_ITEM('color',(#7033),#3335);
#7033 = PRESENTATION_STYLE_ASSIGNMENT((#7034));
#7034 = SURFACE_STYLE_USAGE(.BOTH.,#7035);
#7035 = SURFACE_SIDE_STYLE('',(#7036));
#7036 = SURFACE_STYLE_FILL_AREA(#7037);
#7037 = FILL_AREA_STYLE('',(#7038));
#7038 = FILL_AREA_STYLE_COLOUR('',#7031);
#7039 = STYLED_ITEM('color',(#7040),#3359);
#7040 = PRESENTATION_STYLE_ASSIGNMENT((#7041));
#7041 = SURFACE_STYLE_USAGE(.BOTH.,#7042);
#7042 = SURFACE_SIDE_STYLE('',(#7043));
#7043 = SURFACE_STYLE_FILL_AREA(#7044);
#7044 = FILL_AREA_STYLE('',(#7045));
#7045 = FILL_AREA_STYLE_COLOUR('',#7031);
#7046 = STYLED_ITEM('color',(#7047),#3384);
#7047 = PRESENTATION_STYLE_ASSIGNMENT((#7048));
#7048 = SURFACE_STYLE_USAGE(.BOTH.,#7049);
#7049 = SURFACE_SIDE_STYLE('',(#7050));
#7050 = SURFACE_STYLE_FILL_AREA(#7051);
#7051 = FILL_AREA_STYLE('',(#7052));
#7052 = FILL_AREA_STYLE_COLOUR('',#7031);
#7053 = STYLED_ITEM('color',(#7054),#3408);
#7054 = PRESENTATION_STYLE_ASSIGNMENT((#7055));
#7055 = SURFACE_STYLE_USAGE(.BOTH.,#7056);
#7056 = SURFACE_SIDE_STYLE('',(#7057));
#7057 = SURFACE_STYLE_FILL_AREA(#7058);
#7058 = FILL_AREA_STYLE('',(#7059));
#7059 = FILL_AREA_STYLE_COLOUR('',#7031);
#7060 = STYLED_ITEM('color',(#7061),#3433);
#7061 = PRESENTATION_STYLE_ASSIGNMENT((#7062));
#7062 = SURFACE_STYLE_USAGE(.BOTH.,#7063);
#7063 = SURFACE_SIDE_STYLE('',(#7064));
#7064 = SURFACE_STYLE_FILL_AREA(#7065);
#7065 = FILL_AREA_STYLE('',(#7066));
#7066 = FILL_AREA_STYLE_COLOUR('',#7031);
#7067 = STYLED_ITEM('color',(#7068),#3457);
#7068 = PRESENTATION_STYLE_ASSIGNMENT((#7069));
#7069 = SURFACE_STYLE_USAGE(.BOTH.,#7070);
#7070 = SURFACE_SIDE_STYLE('',(#7071));
#7071 = SURFACE_STYLE_FILL_AREA(#7072);
#7072 = FILL_AREA_STYLE('',(#7073));
#7073 = FILL_AREA_STYLE_COLOUR('',#7031);
#7074 = STYLED_ITEM('color',(#7075),#3482);
#7075 = PRESENTATION_STYLE_ASSIGNMENT((#7076));
#7076 = SURFACE_STYLE_USAGE(.BOTH.,#7077);
#7077 = SURFACE_SIDE_STYLE('',(#7078));
#7078 = SURFACE_STYLE_FILL_AREA(#7079);
#7079 = FILL_AREA_STYLE('',(#7080));
#7080 = FILL_AREA_STYLE_COLOUR('',#7031);
#7081 = STYLED_ITEM('color',(#7082),#3499);
#7082 = PRESENTATION_STYLE_ASSIGNMENT((#7083));
#7083 = SURFACE_STYLE_USAGE(.BOTH.,#7084);
#7084 = SURFACE_SIDE_STYLE('',(#7085));
#7085 = SURFACE_STYLE_FILL_AREA(#7086);
#7086 = FILL_AREA_STYLE('',(#7087));
#7087 = FILL_AREA_STYLE_COLOUR('',#6960);
#7088 = STYLED_ITEM('color',(#7089),#3585);
#7089 = PRESENTATION_STYLE_ASSIGNMENT((#7090));
#7090 = SURFACE_STYLE_USAGE(.BOTH.,#7091);
#7091 = SURFACE_SIDE_STYLE('',(#7092));
#7092 = SURFACE_STYLE_FILL_AREA(#7093);
#7093 = FILL_AREA_STYLE('',(#7094));
#7094 = FILL_AREA_STYLE_COLOUR('',#6960);
#7095 = STYLED_ITEM('color',(#7096),#3616);
#7096 = PRESENTATION_STYLE_ASSIGNMENT((#7097));
#7097 = SURFACE_STYLE_USAGE(.BOTH.,#7098);
#7098 = SURFACE_SIDE_STYLE('',(#7099));
#7099 = SURFACE_STYLE_FILL_AREA(#7100);
#7100 = FILL_AREA_STYLE('',(#7101));
#7101 = FILL_AREA_STYLE_COLOUR('',#6960);
#7102 = STYLED_ITEM('color',(#7103),#3641);
#7103 = PRESENTATION_STYLE_ASSIGNMENT((#7104));
#7104 = SURFACE_STYLE_USAGE(.BOTH.,#7105);
#7105 = SURFACE_SIDE_STYLE('',(#7106));
#7106 = SURFACE_STYLE_FILL_AREA(#7107);
#7107 = FILL_AREA_STYLE('',(#7108));
#7108 = FILL_AREA_STYLE_COLOUR('',#6960);
#7109 = STYLED_ITEM('color',(#7110),#3666);
#7110 = PRESENTATION_STYLE_ASSIGNMENT((#7111));
#7111 = SURFACE_STYLE_USAGE(.BOTH.,#7112);
#7112 = SURFACE_SIDE_STYLE('',(#7113));
#7113 = SURFACE_STYLE_FILL_AREA(#7114);
#7114 = FILL_AREA_STYLE('',(#7115));
#7115 = FILL_AREA_STYLE_COLOUR('',#6960);
#7116 = STYLED_ITEM('color',(#7117),#3690);
#7117 = PRESENTATION_STYLE_ASSIGNMENT((#7118));
#7118 = SURFACE_STYLE_USAGE(.BOTH.,#7119);
#7119 = SURFACE_SIDE_STYLE('',(#7120));
#7120 = SURFACE_STYLE_FILL_AREA(#7121);
#7121 = FILL_AREA_STYLE('',(#7122));
#7122 = FILL_AREA_STYLE_COLOUR('',#6960);
#7123 = STYLED_ITEM('color',(#7124),#3714);
#7124 = PRESENTATION_STYLE_ASSIGNMENT((#7125));
#7125 = SURFACE_STYLE_USAGE(.BOTH.,#7126);
#7126 = SURFACE_SIDE_STYLE('',(#7127));
#7127 = SURFACE_STYLE_FILL_AREA(#7128);
#7128 = FILL_AREA_STYLE('',(#7129));
#7129 = FILL_AREA_STYLE_COLOUR('',#6960);
#7130 = STYLED_ITEM('color',(#7131),#3739);
#7131 = PRESENTATION_STYLE_ASSIGNMENT((#7132));
#7132 = SURFACE_STYLE_USAGE(.BOTH.,#7133);
#7133 = SURFACE_SIDE_STYLE('',(#7134));
#7134 = SURFACE_STYLE_FILL_AREA(#7135);
#7135 = FILL_AREA_STYLE('',(#7136));
#7136 = FILL_AREA_STYLE_COLOUR('',#6960);
#7137 = STYLED_ITEM('color',(#7138),#3764);
#7138 = PRESENTATION_STYLE_ASSIGNMENT((#7139));
#7139 = SURFACE_STYLE_USAGE(.BOTH.,#7140);
#7140 = SURFACE_SIDE_STYLE('',(#7141));
#7141 = SURFACE_STYLE_FILL_AREA(#7142);
#7142 = FILL_AREA_STYLE('',(#7143));
#7143 = FILL_AREA_STYLE_COLOUR('',#6960);
#7144 = STYLED_ITEM('color',(#7145),#3781);
#7145 = PRESENTATION_STYLE_ASSIGNMENT((#7146));
#7146 = SURFACE_STYLE_USAGE(.BOTH.,#7147);
#7147 = SURFACE_SIDE_STYLE('',(#7148));
#7148 = SURFACE_STYLE_FILL_AREA(#7149);
#7149 = FILL_AREA_STYLE('',(#7150));
#7150 = FILL_AREA_STYLE_COLOUR('',#6960);
#7151 = MECHANICAL_DESIGN_GEOMETRIC_PRESENTATION_REPRESENTATION('',(
    #7152,#7160,#7167,#7174,#7181,#7188,#7195,#7202,#7209,#7216,#7223,
    #7230,#7237,#7244,#7251,#7258,#7265,#7272,#7279,#7286,#7293,#7300,
    #7307,#7315,#7322,#7329,#7336,#7343,#7350,#7357,#7364,#7371,#7378,
    #7385,#7392,#7399,#7406,#7413,#7420,#7427,#7434,#7441,#7448,#7455,
    #7462,#7469,#7476,#7483,#7490,#7497,#7504,#7511,#7518,#7525,#7532,
    #7539,#7546,#7553,#7560,#7567,#7574,#7581,#7588,#7595,#7602,#7609,
    #7616,#7623,#7630,#7637,#7644,#7651,#7658,#7665,#7672,#7679),#6092);
#7152 = STYLED_ITEM('color',(#7153),#3988);
#7153 = PRESENTATION_STYLE_ASSIGNMENT((#7154));
#7154 = SURFACE_STYLE_USAGE(.BOTH.,#7155);
#7155 = SURFACE_SIDE_STYLE('',(#7156));
#7156 = SURFACE_STYLE_FILL_AREA(#7157);
#7157 = FILL_AREA_STYLE('',(#7158));
#7158 = FILL_AREA_STYLE_COLOUR('',#7159);
#7159 = COLOUR_RGB('',0.147999998088,0.144999993226,0.144999993226);
#7160 = STYLED_ITEM('color',(#7161),#4028);
#7161 = PRESENTATION_STYLE_ASSIGNMENT((#7162));
#7162 = SURFACE_STYLE_USAGE(.BOTH.,#7163);
#7163 = SURFACE_SIDE_STYLE('',(#7164));
#7164 = SURFACE_STYLE_FILL_AREA(#7165);
#7165 = FILL_AREA_STYLE('',(#7166));
#7166 = FILL_AREA_STYLE_COLOUR('',#7159);
#7167 = STYLED_ITEM('color',(#7168),#4059);
#7168 = PRESENTATION_STYLE_ASSIGNMENT((#7169));
#7169 = SURFACE_STYLE_USAGE(.BOTH.,#7170);
#7170 = SURFACE_SIDE_STYLE('',(#7171));
#7171 = SURFACE_STYLE_FILL_AREA(#7172);
#7172 = FILL_AREA_STYLE('',(#7173));
#7173 = FILL_AREA_STYLE_COLOUR('',#7159);
#7174 = STYLED_ITEM('color',(#7175),#4090);
#7175 = PRESENTATION_STYLE_ASSIGNMENT((#7176));
#7176 = SURFACE_STYLE_USAGE(.BOTH.,#7177);
#7177 = SURFACE_SIDE_STYLE('',(#7178));
#7178 = SURFACE_STYLE_FILL_AREA(#7179);
#7179 = FILL_AREA_STYLE('',(#7180));
#7180 = FILL_AREA_STYLE_COLOUR('',#7159);
#7181 = STYLED_ITEM('color',(#7182),#4337);
#7182 = PRESENTATION_STYLE_ASSIGNMENT((#7183));
#7183 = SURFACE_STYLE_USAGE(.BOTH.,#7184);
#7184 = SURFACE_SIDE_STYLE('',(#7185));
#7185 = SURFACE_STYLE_FILL_AREA(#7186);
#7186 = FILL_AREA_STYLE('',(#7187));
#7187 = FILL_AREA_STYLE_COLOUR('',#7159);
#7188 = STYLED_ITEM('color',(#7189),#4584);
#7189 = PRESENTATION_STYLE_ASSIGNMENT((#7190));
#7190 = SURFACE_STYLE_USAGE(.BOTH.,#7191);
#7191 = SURFACE_SIDE_STYLE('',(#7192));
#7192 = SURFACE_STYLE_FILL_AREA(#7193);
#7193 = FILL_AREA_STYLE('',(#7194));
#7194 = FILL_AREA_STYLE_COLOUR('',#7159);
#7195 = STYLED_ITEM('color',(#7196),#4601);
#7196 = PRESENTATION_STYLE_ASSIGNMENT((#7197));
#7197 = SURFACE_STYLE_USAGE(.BOTH.,#7198);
#7198 = SURFACE_SIDE_STYLE('',(#7199));
#7199 = SURFACE_STYLE_FILL_AREA(#7200);
#7200 = FILL_AREA_STYLE('',(#7201));
#7201 = FILL_AREA_STYLE_COLOUR('',#7159);
#7202 = STYLED_ITEM('color',(#7203),#4618);
#7203 = PRESENTATION_STYLE_ASSIGNMENT((#7204));
#7204 = SURFACE_STYLE_USAGE(.BOTH.,#7205);
#7205 = SURFACE_SIDE_STYLE('',(#7206));
#7206 = SURFACE_STYLE_FILL_AREA(#7207);
#7207 = FILL_AREA_STYLE('',(#7208));
#7208 = FILL_AREA_STYLE_COLOUR('',#7159);
#7209 = STYLED_ITEM('color',(#7210),#4635);
#7210 = PRESENTATION_STYLE_ASSIGNMENT((#7211));
#7211 = SURFACE_STYLE_USAGE(.BOTH.,#7212);
#7212 = SURFACE_SIDE_STYLE('',(#7213));
#7213 = SURFACE_STYLE_FILL_AREA(#7214);
#7214 = FILL_AREA_STYLE('',(#7215));
#7215 = FILL_AREA_STYLE_COLOUR('',#7159);
#7216 = STYLED_ITEM('color',(#7217),#4652);
#7217 = PRESENTATION_STYLE_ASSIGNMENT((#7218));
#7218 = SURFACE_STYLE_USAGE(.BOTH.,#7219);
#7219 = SURFACE_SIDE_STYLE('',(#7220));
#7220 = SURFACE_STYLE_FILL_AREA(#7221);
#7221 = FILL_AREA_STYLE('',(#7222));
#7222 = FILL_AREA_STYLE_COLOUR('',#7159);
#7223 = STYLED_ITEM('color',(#7224),#4669);
#7224 = PRESENTATION_STYLE_ASSIGNMENT((#7225));
#7225 = SURFACE_STYLE_USAGE(.BOTH.,#7226);
#7226 = SURFACE_SIDE_STYLE('',(#7227));
#7227 = SURFACE_STYLE_FILL_AREA(#7228);
#7228 = FILL_AREA_STYLE('',(#7229));
#7229 = FILL_AREA_STYLE_COLOUR('',#7159);
#7230 = STYLED_ITEM('color',(#7231),#4686);
#7231 = PRESENTATION_STYLE_ASSIGNMENT((#7232));
#7232 = SURFACE_STYLE_USAGE(.BOTH.,#7233);
#7233 = SURFACE_SIDE_STYLE('',(#7234));
#7234 = SURFACE_STYLE_FILL_AREA(#7235);
#7235 = FILL_AREA_STYLE('',(#7236));
#7236 = FILL_AREA_STYLE_COLOUR('',#7159);
#7237 = STYLED_ITEM('color',(#7238),#4703);
#7238 = PRESENTATION_STYLE_ASSIGNMENT((#7239));
#7239 = SURFACE_STYLE_USAGE(.BOTH.,#7240);
#7240 = SURFACE_SIDE_STYLE('',(#7241));
#7241 = SURFACE_STYLE_FILL_AREA(#7242);
#7242 = FILL_AREA_STYLE('',(#7243));
#7243 = FILL_AREA_STYLE_COLOUR('',#7159);
#7244 = STYLED_ITEM('color',(#7245),#4720);
#7245 = PRESENTATION_STYLE_ASSIGNMENT((#7246));
#7246 = SURFACE_STYLE_USAGE(.BOTH.,#7247);
#7247 = SURFACE_SIDE_STYLE('',(#7248));
#7248 = SURFACE_STYLE_FILL_AREA(#7249);
#7249 = FILL_AREA_STYLE('',(#7250));
#7250 = FILL_AREA_STYLE_COLOUR('',#7159);
#7251 = STYLED_ITEM('color',(#7252),#4737);
#7252 = PRESENTATION_STYLE_ASSIGNMENT((#7253));
#7253 = SURFACE_STYLE_USAGE(.BOTH.,#7254);
#7254 = SURFACE_SIDE_STYLE('',(#7255));
#7255 = SURFACE_STYLE_FILL_AREA(#7256);
#7256 = FILL_AREA_STYLE('',(#7257));
#7257 = FILL_AREA_STYLE_COLOUR('',#7159);
#7258 = STYLED_ITEM('color',(#7259),#4754);
#7259 = PRESENTATION_STYLE_ASSIGNMENT((#7260));
#7260 = SURFACE_STYLE_USAGE(.BOTH.,#7261);
#7261 = SURFACE_SIDE_STYLE('',(#7262));
#7262 = SURFACE_STYLE_FILL_AREA(#7263);
#7263 = FILL_AREA_STYLE('',(#7264));
#7264 = FILL_AREA_STYLE_COLOUR('',#7159);
#7265 = STYLED_ITEM('color',(#7266),#4771);
#7266 = PRESENTATION_STYLE_ASSIGNMENT((#7267));
#7267 = SURFACE_STYLE_USAGE(.BOTH.,#7268);
#7268 = SURFACE_SIDE_STYLE('',(#7269));
#7269 = SURFACE_STYLE_FILL_AREA(#7270);
#7270 = FILL_AREA_STYLE('',(#7271));
#7271 = FILL_AREA_STYLE_COLOUR('',#7159);
#7272 = STYLED_ITEM('color',(#7273),#4788);
#7273 = PRESENTATION_STYLE_ASSIGNMENT((#7274));
#7274 = SURFACE_STYLE_USAGE(.BOTH.,#7275);
#7275 = SURFACE_SIDE_STYLE('',(#7276));
#7276 = SURFACE_STYLE_FILL_AREA(#7277);
#7277 = FILL_AREA_STYLE('',(#7278));
#7278 = FILL_AREA_STYLE_COLOUR('',#7159);
#7279 = STYLED_ITEM('color',(#7280),#4805);
#7280 = PRESENTATION_STYLE_ASSIGNMENT((#7281));
#7281 = SURFACE_STYLE_USAGE(.BOTH.,#7282);
#7282 = SURFACE_SIDE_STYLE('',(#7283));
#7283 = SURFACE_STYLE_FILL_AREA(#7284);
#7284 = FILL_AREA_STYLE('',(#7285));
#7285 = FILL_AREA_STYLE_COLOUR('',#7159);
#7286 = STYLED_ITEM('color',(#7287),#4822);
#7287 = PRESENTATION_STYLE_ASSIGNMENT((#7288));
#7288 = SURFACE_STYLE_USAGE(.BOTH.,#7289);
#7289 = SURFACE_SIDE_STYLE('',(#7290));
#7290 = SURFACE_STYLE_FILL_AREA(#7291);
#7291 = FILL_AREA_STYLE('',(#7292));
#7292 = FILL_AREA_STYLE_COLOUR('',#7159);
#7293 = STYLED_ITEM('color',(#7294),#4839);
#7294 = PRESENTATION_STYLE_ASSIGNMENT((#7295));
#7295 = SURFACE_STYLE_USAGE(.BOTH.,#7296);
#7296 = SURFACE_SIDE_STYLE('',(#7297));
#7297 = SURFACE_STYLE_FILL_AREA(#7298);
#7298 = FILL_AREA_STYLE('',(#7299));
#7299 = FILL_AREA_STYLE_COLOUR('',#7159);
#7300 = STYLED_ITEM('color',(#7301),#4856);
#7301 = PRESENTATION_STYLE_ASSIGNMENT((#7302));
#7302 = SURFACE_STYLE_USAGE(.BOTH.,#7303);
#7303 = SURFACE_SIDE_STYLE('',(#7304));
#7304 = SURFACE_STYLE_FILL_AREA(#7305);
#7305 = FILL_AREA_STYLE('',(#7306));
#7306 = FILL_AREA_STYLE_COLOUR('',#7159);
#7307 = STYLED_ITEM('color',(#7308),#4868);
#7308 = PRESENTATION_STYLE_ASSIGNMENT((#7309));
#7309 = SURFACE_STYLE_USAGE(.BOTH.,#7310);
#7310 = SURFACE_SIDE_STYLE('',(#7311));
#7311 = SURFACE_STYLE_FILL_AREA(#7312);
#7312 = FILL_AREA_STYLE('',(#7313));
#7313 = FILL_AREA_STYLE_COLOUR('',#7314);
#7314 = COLOUR_RGB('',0.859000020776,0.737999965183,0.495999988746);
#7315 = STYLED_ITEM('color',(#7316),#4899);
#7316 = PRESENTATION_STYLE_ASSIGNMENT((#7317));
#7317 = SURFACE_STYLE_USAGE(.BOTH.,#7318);
#7318 = SURFACE_SIDE_STYLE('',(#7319));
#7319 = SURFACE_STYLE_FILL_AREA(#7320);
#7320 = FILL_AREA_STYLE('',(#7321));
#7321 = FILL_AREA_STYLE_COLOUR('',#7314);
#7322 = STYLED_ITEM('color',(#7323),#4923);
#7323 = PRESENTATION_STYLE_ASSIGNMENT((#7324));
#7324 = SURFACE_STYLE_USAGE(.BOTH.,#7325);
#7325 = SURFACE_SIDE_STYLE('',(#7326));
#7326 = SURFACE_STYLE_FILL_AREA(#7327);
#7327 = FILL_AREA_STYLE('',(#7328));
#7328 = FILL_AREA_STYLE_COLOUR('',#7314);
#7329 = STYLED_ITEM('color',(#7330),#4947);
#7330 = PRESENTATION_STYLE_ASSIGNMENT((#7331));
#7331 = SURFACE_STYLE_USAGE(.BOTH.,#7332);
#7332 = SURFACE_SIDE_STYLE('',(#7333));
#7333 = SURFACE_STYLE_FILL_AREA(#7334);
#7334 = FILL_AREA_STYLE('',(#7335));
#7335 = FILL_AREA_STYLE_COLOUR('',#7314);
#7336 = STYLED_ITEM('color',(#7337),#4964);
#7337 = PRESENTATION_STYLE_ASSIGNMENT((#7338));
#7338 = SURFACE_STYLE_USAGE(.BOTH.,#7339);
#7339 = SURFACE_SIDE_STYLE('',(#7340));
#7340 = SURFACE_STYLE_FILL_AREA(#7341);
#7341 = FILL_AREA_STYLE('',(#7342));
#7342 = FILL_AREA_STYLE_COLOUR('',#7314);
#7343 = STYLED_ITEM('color',(#7344),#4995);
#7344 = PRESENTATION_STYLE_ASSIGNMENT((#7345));
#7345 = SURFACE_STYLE_USAGE(.BOTH.,#7346);
#7346 = SURFACE_SIDE_STYLE('',(#7347));
#7347 = SURFACE_STYLE_FILL_AREA(#7348);
#7348 = FILL_AREA_STYLE('',(#7349));
#7349 = FILL_AREA_STYLE_COLOUR('',#7314);
#7350 = STYLED_ITEM('color',(#7351),#5019);
#7351 = PRESENTATION_STYLE_ASSIGNMENT((#7352));
#7352 = SURFACE_STYLE_USAGE(.BOTH.,#7353);
#7353 = SURFACE_SIDE_STYLE('',(#7354));
#7354 = SURFACE_STYLE_FILL_AREA(#7355);
#7355 = FILL_AREA_STYLE('',(#7356));
#7356 = FILL_AREA_STYLE_COLOUR('',#7314);
#7357 = STYLED_ITEM('color',(#7358),#5043);
#7358 = PRESENTATION_STYLE_ASSIGNMENT((#7359));
#7359 = SURFACE_STYLE_USAGE(.BOTH.,#7360);
#7360 = SURFACE_SIDE_STYLE('',(#7361));
#7361 = SURFACE_STYLE_FILL_AREA(#7362);
#7362 = FILL_AREA_STYLE('',(#7363));
#7363 = FILL_AREA_STYLE_COLOUR('',#7314);
#7364 = STYLED_ITEM('color',(#7365),#5060);
#7365 = PRESENTATION_STYLE_ASSIGNMENT((#7366));
#7366 = SURFACE_STYLE_USAGE(.BOTH.,#7367);
#7367 = SURFACE_SIDE_STYLE('',(#7368));
#7368 = SURFACE_STYLE_FILL_AREA(#7369);
#7369 = FILL_AREA_STYLE('',(#7370));
#7370 = FILL_AREA_STYLE_COLOUR('',#7314);
#7371 = STYLED_ITEM('color',(#7372),#5091);
#7372 = PRESENTATION_STYLE_ASSIGNMENT((#7373));
#7373 = SURFACE_STYLE_USAGE(.BOTH.,#7374);
#7374 = SURFACE_SIDE_STYLE('',(#7375));
#7375 = SURFACE_STYLE_FILL_AREA(#7376);
#7376 = FILL_AREA_STYLE('',(#7377));
#7377 = FILL_AREA_STYLE_COLOUR('',#7314);
#7378 = STYLED_ITEM('color',(#7379),#5115);
#7379 = PRESENTATION_STYLE_ASSIGNMENT((#7380));
#7380 = SURFACE_STYLE_USAGE(.BOTH.,#7381);
#7381 = SURFACE_SIDE_STYLE('',(#7382));
#7382 = SURFACE_STYLE_FILL_AREA(#7383);
#7383 = FILL_AREA_STYLE('',(#7384));
#7384 = FILL_AREA_STYLE_COLOUR('',#7314);
#7385 = STYLED_ITEM('color',(#7386),#5139);
#7386 = PRESENTATION_STYLE_ASSIGNMENT((#7387));
#7387 = SURFACE_STYLE_USAGE(.BOTH.,#7388);
#7388 = SURFACE_SIDE_STYLE('',(#7389));
#7389 = SURFACE_STYLE_FILL_AREA(#7390);
#7390 = FILL_AREA_STYLE('',(#7391));
#7391 = FILL_AREA_STYLE_COLOUR('',#7314);
#7392 = STYLED_ITEM('color',(#7393),#5156);
#7393 = PRESENTATION_STYLE_ASSIGNMENT((#7394));
#7394 = SURFACE_STYLE_USAGE(.BOTH.,#7395);
#7395 = SURFACE_SIDE_STYLE('',(#7396));
#7396 = SURFACE_STYLE_FILL_AREA(#7397);
#7397 = FILL_AREA_STYLE('',(#7398));
#7398 = FILL_AREA_STYLE_COLOUR('',#7314);
#7399 = STYLED_ITEM('color',(#7400),#5187);
#7400 = PRESENTATION_STYLE_ASSIGNMENT((#7401));
#7401 = SURFACE_STYLE_USAGE(.BOTH.,#7402);
#7402 = SURFACE_SIDE_STYLE('',(#7403));
#7403 = SURFACE_STYLE_FILL_AREA(#7404);
#7404 = FILL_AREA_STYLE('',(#7405));
#7405 = FILL_AREA_STYLE_COLOUR('',#7314);
#7406 = STYLED_ITEM('color',(#7407),#5211);
#7407 = PRESENTATION_STYLE_ASSIGNMENT((#7408));
#7408 = SURFACE_STYLE_USAGE(.BOTH.,#7409);
#7409 = SURFACE_SIDE_STYLE('',(#7410));
#7410 = SURFACE_STYLE_FILL_AREA(#7411);
#7411 = FILL_AREA_STYLE('',(#7412));
#7412 = FILL_AREA_STYLE_COLOUR('',#7314);
#7413 = STYLED_ITEM('color',(#7414),#5235);
#7414 = PRESENTATION_STYLE_ASSIGNMENT((#7415));
#7415 = SURFACE_STYLE_USAGE(.BOTH.,#7416);
#7416 = SURFACE_SIDE_STYLE('',(#7417));
#7417 = SURFACE_STYLE_FILL_AREA(#7418);
#7418 = FILL_AREA_STYLE('',(#7419));
#7419 = FILL_AREA_STYLE_COLOUR('',#7314);
#7420 = STYLED_ITEM('color',(#7421),#5252);
#7421 = PRESENTATION_STYLE_ASSIGNMENT((#7422));
#7422 = SURFACE_STYLE_USAGE(.BOTH.,#7423);
#7423 = SURFACE_SIDE_STYLE('',(#7424));
#7424 = SURFACE_STYLE_FILL_AREA(#7425);
#7425 = FILL_AREA_STYLE('',(#7426));
#7426 = FILL_AREA_STYLE_COLOUR('',#7314);
#7427 = STYLED_ITEM('color',(#7428),#5283);
#7428 = PRESENTATION_STYLE_ASSIGNMENT((#7429));
#7429 = SURFACE_STYLE_USAGE(.BOTH.,#7430);
#7430 = SURFACE_SIDE_STYLE('',(#7431));
#7431 = SURFACE_STYLE_FILL_AREA(#7432);
#7432 = FILL_AREA_STYLE('',(#7433));
#7433 = FILL_AREA_STYLE_COLOUR('',#7314);
#7434 = STYLED_ITEM('color',(#7435),#5307);
#7435 = PRESENTATION_STYLE_ASSIGNMENT((#7436));
#7436 = SURFACE_STYLE_USAGE(.BOTH.,#7437);
#7437 = SURFACE_SIDE_STYLE('',(#7438));
#7438 = SURFACE_STYLE_FILL_AREA(#7439);
#7439 = FILL_AREA_STYLE('',(#7440));
#7440 = FILL_AREA_STYLE_COLOUR('',#7314);
#7441 = STYLED_ITEM('color',(#7442),#5331);
#7442 = PRESENTATION_STYLE_ASSIGNMENT((#7443));
#7443 = SURFACE_STYLE_USAGE(.BOTH.,#7444);
#7444 = SURFACE_SIDE_STYLE('',(#7445));
#7445 = SURFACE_STYLE_FILL_AREA(#7446);
#7446 = FILL_AREA_STYLE('',(#7447));
#7447 = FILL_AREA_STYLE_COLOUR('',#7314);
#7448 = STYLED_ITEM('color',(#7449),#5348);
#7449 = PRESENTATION_STYLE_ASSIGNMENT((#7450));
#7450 = SURFACE_STYLE_USAGE(.BOTH.,#7451);
#7451 = SURFACE_SIDE_STYLE('',(#7452));
#7452 = SURFACE_STYLE_FILL_AREA(#7453);
#7453 = FILL_AREA_STYLE('',(#7454));
#7454 = FILL_AREA_STYLE_COLOUR('',#7314);
#7455 = STYLED_ITEM('color',(#7456),#5379);
#7456 = PRESENTATION_STYLE_ASSIGNMENT((#7457));
#7457 = SURFACE_STYLE_USAGE(.BOTH.,#7458);
#7458 = SURFACE_SIDE_STYLE('',(#7459));
#7459 = SURFACE_STYLE_FILL_AREA(#7460);
#7460 = FILL_AREA_STYLE('',(#7461));
#7461 = FILL_AREA_STYLE_COLOUR('',#7314);
#7462 = STYLED_ITEM('color',(#7463),#5403);
#7463 = PRESENTATION_STYLE_ASSIGNMENT((#7464));
#7464 = SURFACE_STYLE_USAGE(.BOTH.,#7465);
#7465 = SURFACE_SIDE_STYLE('',(#7466));
#7466 = SURFACE_STYLE_FILL_AREA(#7467);
#7467 = FILL_AREA_STYLE('',(#7468));
#7468 = FILL_AREA_STYLE_COLOUR('',#7314);
#7469 = STYLED_ITEM('color',(#7470),#5427);
#7470 = PRESENTATION_STYLE_ASSIGNMENT((#7471));
#7471 = SURFACE_STYLE_USAGE(.BOTH.,#7472);
#7472 = SURFACE_SIDE_STYLE('',(#7473));
#7473 = SURFACE_STYLE_FILL_AREA(#7474);
#7474 = FILL_AREA_STYLE('',(#7475));
#7475 = FILL_AREA_STYLE_COLOUR('',#7314);
#7476 = STYLED_ITEM('color',(#7477),#5444);
#7477 = PRESENTATION_STYLE_ASSIGNMENT((#7478));
#7478 = SURFACE_STYLE_USAGE(.BOTH.,#7479);
#7479 = SURFACE_SIDE_STYLE('',(#7480));
#7480 = SURFACE_STYLE_FILL_AREA(#7481);
#7481 = FILL_AREA_STYLE('',(#7482));
#7482 = FILL_AREA_STYLE_COLOUR('',#7314);
#7483 = STYLED_ITEM('color',(#7484),#5475);
#7484 = PRESENTATION_STYLE_ASSIGNMENT((#7485));
#7485 = SURFACE_STYLE_USAGE(.BOTH.,#7486);
#7486 = SURFACE_SIDE_STYLE('',(#7487));
#7487 = SURFACE_STYLE_FILL_AREA(#7488);
#7488 = FILL_AREA_STYLE('',(#7489));
#7489 = FILL_AREA_STYLE_COLOUR('',#7314);
#7490 = STYLED_ITEM('color',(#7491),#5499);
#7491 = PRESENTATION_STYLE_ASSIGNMENT((#7492));
#7492 = SURFACE_STYLE_USAGE(.BOTH.,#7493);
#7493 = SURFACE_SIDE_STYLE('',(#7494));
#7494 = SURFACE_STYLE_FILL_AREA(#7495);
#7495 = FILL_AREA_STYLE('',(#7496));
#7496 = FILL_AREA_STYLE_COLOUR('',#7314);
#7497 = STYLED_ITEM('color',(#7498),#5523);
#7498 = PRESENTATION_STYLE_ASSIGNMENT((#7499));
#7499 = SURFACE_STYLE_USAGE(.BOTH.,#7500);
#7500 = SURFACE_SIDE_STYLE('',(#7501));
#7501 = SURFACE_STYLE_FILL_AREA(#7502);
#7502 = FILL_AREA_STYLE('',(#7503));
#7503 = FILL_AREA_STYLE_COLOUR('',#7314);
#7504 = STYLED_ITEM('color',(#7505),#5540);
#7505 = PRESENTATION_STYLE_ASSIGNMENT((#7506));
#7506 = SURFACE_STYLE_USAGE(.BOTH.,#7507);
#7507 = SURFACE_SIDE_STYLE('',(#7508));
#7508 = SURFACE_STYLE_FILL_AREA(#7509);
#7509 = FILL_AREA_STYLE('',(#7510));
#7510 = FILL_AREA_STYLE_COLOUR('',#7314);
#7511 = STYLED_ITEM('color',(#7512),#5571);
#7512 = PRESENTATION_STYLE_ASSIGNMENT((#7513));
#7513 = SURFACE_STYLE_USAGE(.BOTH.,#7514);
#7514 = SURFACE_SIDE_STYLE('',(#7515));
#7515 = SURFACE_STYLE_FILL_AREA(#7516);
#7516 = FILL_AREA_STYLE('',(#7517));
#7517 = FILL_AREA_STYLE_COLOUR('',#7314);
#7518 = STYLED_ITEM('color',(#7519),#5595);
#7519 = PRESENTATION_STYLE_ASSIGNMENT((#7520));
#7520 = SURFACE_STYLE_USAGE(.BOTH.,#7521);
#7521 = SURFACE_SIDE_STYLE('',(#7522));
#7522 = SURFACE_STYLE_FILL_AREA(#7523);
#7523 = FILL_AREA_STYLE('',(#7524));
#7524 = FILL_AREA_STYLE_COLOUR('',#7314);
#7525 = STYLED_ITEM('color',(#7526),#5619);
#7526 = PRESENTATION_STYLE_ASSIGNMENT((#7527));
#7527 = SURFACE_STYLE_USAGE(.BOTH.,#7528);
#7528 = SURFACE_SIDE_STYLE('',(#7529));
#7529 = SURFACE_STYLE_FILL_AREA(#7530);
#7530 = FILL_AREA_STYLE('',(#7531));
#7531 = FILL_AREA_STYLE_COLOUR('',#7314);
#7532 = STYLED_ITEM('color',(#7533),#5636);
#7533 = PRESENTATION_STYLE_ASSIGNMENT((#7534));
#7534 = SURFACE_STYLE_USAGE(.BOTH.,#7535);
#7535 = SURFACE_SIDE_STYLE('',(#7536));
#7536 = SURFACE_STYLE_FILL_AREA(#7537);
#7537 = FILL_AREA_STYLE('',(#7538));
#7538 = FILL_AREA_STYLE_COLOUR('',#7314);
#7539 = STYLED_ITEM('color',(#7540),#5667);
#7540 = PRESENTATION_STYLE_ASSIGNMENT((#7541));
#7541 = SURFACE_STYLE_USAGE(.BOTH.,#7542);
#7542 = SURFACE_SIDE_STYLE('',(#7543));
#7543 = SURFACE_STYLE_FILL_AREA(#7544);
#7544 = FILL_AREA_STYLE('',(#7545));
#7545 = FILL_AREA_STYLE_COLOUR('',#7314);
#7546 = STYLED_ITEM('color',(#7547),#5691);
#7547 = PRESENTATION_STYLE_ASSIGNMENT((#7548));
#7548 = SURFACE_STYLE_USAGE(.BOTH.,#7549);
#7549 = SURFACE_SIDE_STYLE('',(#7550));
#7550 = SURFACE_STYLE_FILL_AREA(#7551);
#7551 = FILL_AREA_STYLE('',(#7552));
#7552 = FILL_AREA_STYLE_COLOUR('',#7314);
#7553 = STYLED_ITEM('color',(#7554),#5715);
#7554 = PRESENTATION_STYLE_ASSIGNMENT((#7555));
#7555 = SURFACE_STYLE_USAGE(.BOTH.,#7556);
#7556 = SURFACE_SIDE_STYLE('',(#7557));
#7557 = SURFACE_STYLE_FILL_AREA(#7558);
#7558 = FILL_AREA_STYLE('',(#7559));
#7559 = FILL_AREA_STYLE_COLOUR('',#7314);
#7560 = STYLED_ITEM('color',(#7561),#5732);
#7561 = PRESENTATION_STYLE_ASSIGNMENT((#7562));
#7562 = SURFACE_STYLE_USAGE(.BOTH.,#7563);
#7563 = SURFACE_SIDE_STYLE('',(#7564));
#7564 = SURFACE_STYLE_FILL_AREA(#7565);
#7565 = FILL_AREA_STYLE('',(#7566));
#7566 = FILL_AREA_STYLE_COLOUR('',#7314);
#7567 = STYLED_ITEM('color',(#7568),#5763);
#7568 = PRESENTATION_STYLE_ASSIGNMENT((#7569));
#7569 = SURFACE_STYLE_USAGE(.BOTH.,#7570);
#7570 = SURFACE_SIDE_STYLE('',(#7571));
#7571 = SURFACE_STYLE_FILL_AREA(#7572);
#7572 = FILL_AREA_STYLE('',(#7573));
#7573 = FILL_AREA_STYLE_COLOUR('',#7314);
#7574 = STYLED_ITEM('color',(#7575),#5787);
#7575 = PRESENTATION_STYLE_ASSIGNMENT((#7576));
#7576 = SURFACE_STYLE_USAGE(.BOTH.,#7577);
#7577 = SURFACE_SIDE_STYLE('',(#7578));
#7578 = SURFACE_STYLE_FILL_AREA(#7579);
#7579 = FILL_AREA_STYLE('',(#7580));
#7580 = FILL_AREA_STYLE_COLOUR('',#7314);
#7581 = STYLED_ITEM('color',(#7582),#5811);
#7582 = PRESENTATION_STYLE_ASSIGNMENT((#7583));
#7583 = SURFACE_STYLE_USAGE(.BOTH.,#7584);
#7584 = SURFACE_SIDE_STYLE('',(#7585));
#7585 = SURFACE_STYLE_FILL_AREA(#7586);
#7586 = FILL_AREA_STYLE('',(#7587));
#7587 = FILL_AREA_STYLE_COLOUR('',#7314);
#7588 = STYLED_ITEM('color',(#7589),#5828);
#7589 = PRESENTATION_STYLE_ASSIGNMENT((#7590));
#7590 = SURFACE_STYLE_USAGE(.BOTH.,#7591);
#7591 = SURFACE_SIDE_STYLE('',(#7592));
#7592 = SURFACE_STYLE_FILL_AREA(#7593);
#7593 = FILL_AREA_STYLE('',(#7594));
#7594 = FILL_AREA_STYLE_COLOUR('',#7314);
#7595 = STYLED_ITEM('color',(#7596),#5859);
#7596 = PRESENTATION_STYLE_ASSIGNMENT((#7597));
#7597 = SURFACE_STYLE_USAGE(.BOTH.,#7598);
#7598 = SURFACE_SIDE_STYLE('',(#7599));
#7599 = SURFACE_STYLE_FILL_AREA(#7600);
#7600 = FILL_AREA_STYLE('',(#7601));
#7601 = FILL_AREA_STYLE_COLOUR('',#7314);
#7602 = STYLED_ITEM('color',(#7603),#5883);
#7603 = PRESENTATION_STYLE_ASSIGNMENT((#7604));
#7604 = SURFACE_STYLE_USAGE(.BOTH.,#7605);
#7605 = SURFACE_SIDE_STYLE('',(#7606));
#7606 = SURFACE_STYLE_FILL_AREA(#7607);
#7607 = FILL_AREA_STYLE('',(#7608));
#7608 = FILL_AREA_STYLE_COLOUR('',#7314);
#7609 = STYLED_ITEM('color',(#7610),#5907);
#7610 = PRESENTATION_STYLE_ASSIGNMENT((#7611));
#7611 = SURFACE_STYLE_USAGE(.BOTH.,#7612);
#7612 = SURFACE_SIDE_STYLE('',(#7613));
#7613 = SURFACE_STYLE_FILL_AREA(#7614);
#7614 = FILL_AREA_STYLE('',(#7615));
#7615 = FILL_AREA_STYLE_COLOUR('',#7314);
#7616 = STYLED_ITEM('color',(#7617),#5924);
#7617 = PRESENTATION_STYLE_ASSIGNMENT((#7618));
#7618 = SURFACE_STYLE_USAGE(.BOTH.,#7619);
#7619 = SURFACE_SIDE_STYLE('',(#7620));
#7620 = SURFACE_STYLE_FILL_AREA(#7621);
#7621 = FILL_AREA_STYLE('',(#7622));
#7622 = FILL_AREA_STYLE_COLOUR('',#7314);
#7623 = STYLED_ITEM('color',(#7624),#5955);
#7624 = PRESENTATION_STYLE_ASSIGNMENT((#7625));
#7625 = SURFACE_STYLE_USAGE(.BOTH.,#7626);
#7626 = SURFACE_SIDE_STYLE('',(#7627));
#7627 = SURFACE_STYLE_FILL_AREA(#7628);
#7628 = FILL_AREA_STYLE('',(#7629));
#7629 = FILL_AREA_STYLE_COLOUR('',#7314);
#7630 = STYLED_ITEM('color',(#7631),#5979);
#7631 = PRESENTATION_STYLE_ASSIGNMENT((#7632));
#7632 = SURFACE_STYLE_USAGE(.BOTH.,#7633);
#7633 = SURFACE_SIDE_STYLE('',(#7634));
#7634 = SURFACE_STYLE_FILL_AREA(#7635);
#7635 = FILL_AREA_STYLE('',(#7636));
#7636 = FILL_AREA_STYLE_COLOUR('',#7314);
#7637 = STYLED_ITEM('color',(#7638),#6003);
#7638 = PRESENTATION_STYLE_ASSIGNMENT((#7639));
#7639 = SURFACE_STYLE_USAGE(.BOTH.,#7640);
#7640 = SURFACE_SIDE_STYLE('',(#7641));
#7641 = SURFACE_STYLE_FILL_AREA(#7642);
#7642 = FILL_AREA_STYLE('',(#7643));
#7643 = FILL_AREA_STYLE_COLOUR('',#7314);
#7644 = STYLED_ITEM('color',(#7645),#6020);
#7645 = PRESENTATION_STYLE_ASSIGNMENT((#7646));
#7646 = SURFACE_STYLE_USAGE(.BOTH.,#7647);
#7647 = SURFACE_SIDE_STYLE('',(#7648));
#7648 = SURFACE_STYLE_FILL_AREA(#7649);
#7649 = FILL_AREA_STYLE('',(#7650));
#7650 = FILL_AREA_STYLE_COLOUR('',#7314);
#7651 = STYLED_ITEM('color',(#7652),#6032);
#7652 = PRESENTATION_STYLE_ASSIGNMENT((#7653));
#7653 = SURFACE_STYLE_USAGE(.BOTH.,#7654);
#7654 = SURFACE_SIDE_STYLE('',(#7655));
#7655 = SURFACE_STYLE_FILL_AREA(#7656);
#7656 = FILL_AREA_STYLE('',(#7657));
#7657 = FILL_AREA_STYLE_COLOUR('',#7314);
#7658 = STYLED_ITEM('color',(#7659),#6044);
#7659 = PRESENTATION_STYLE_ASSIGNMENT((#7660));
#7660 = SURFACE_STYLE_USAGE(.BOTH.,#7661);
#7661 = SURFACE_SIDE_STYLE('',(#7662));
#7662 = SURFACE_STYLE_FILL_AREA(#7663);
#7663 = FILL_AREA_STYLE('',(#7664));
#7664 = FILL_AREA_STYLE_COLOUR('',#7314);
#7665 = STYLED_ITEM('color',(#7666),#6056);
#7666 = PRESENTATION_STYLE_ASSIGNMENT((#7667));
#7667 = SURFACE_STYLE_USAGE(.BOTH.,#7668);
#7668 = SURFACE_SIDE_STYLE('',(#7669));
#7669 = SURFACE_STYLE_FILL_AREA(#7670);
#7670 = FILL_AREA_STYLE('',(#7671));
#7671 = FILL_AREA_STYLE_COLOUR('',#7314);
#7672 = STYLED_ITEM('color',(#7673),#6068);
#7673 = PRESENTATION_STYLE_ASSIGNMENT((#7674));
#7674 = SURFACE_STYLE_USAGE(.BOTH.,#7675);
#7675 = SURFACE_SIDE_STYLE('',(#7676));
#7676 = SURFACE_STYLE_FILL_AREA(#7677);
#7677 = FILL_AREA_STYLE('',(#7678));
#7678 = FILL_AREA_STYLE_COLOUR('',#7314);
#7679 = STYLED_ITEM('color',(#7680),#6080);
#7680 = PRESENTATION_STYLE_ASSIGNMENT((#7681));
#7681 = SURFACE_STYLE_USAGE(.BOTH.,#7682);
#7682 = SURFACE_SIDE_STYLE('',(#7683));
#7683 = SURFACE_STYLE_FILL_AREA(#7684);
#7684 = FILL_AREA_STYLE('',(#7685));
#7685 = FILL_AREA_STYLE_COLOUR('',#7314);
#7686 = MECHANICAL_DESIGN_GEOMETRIC_PRESENTATION_REPRESENTATION('',(
    #7687),#6941);
#7687 = STYLED_ITEM('color',(#7688),#6261);
#7688 = PRESENTATION_STYLE_ASSIGNMENT((#7689));
#7689 = SURFACE_STYLE_USAGE(.BOTH.,#7690);
#7690 = SURFACE_SIDE_STYLE('',(#7691));
#7691 = SURFACE_STYLE_FILL_AREA(#7692);
#7692 = FILL_AREA_STYLE('',(#7693));
#7693 = FILL_AREA_STYLE_COLOUR('',#7694);
#7694 = COLOUR_RGB('',0.313304153717,0.484529207832,0.410020903123);
#7695 = MECHANICAL_DESIGN_GEOMETRIC_PRESENTATION_REPRESENTATION('',(
    #7696,#7704,#7712,#7719,#7727,#7734,#7741,#7748,#7755,#7762,#7769,
    #7776,#7783,#7790,#7797,#7804,#7811,#7818,#7825,#7832,#7839,#7846,
    #7853,#7860,#7867,#7874,#7881,#7888,#7895,#7902,#7909,#7916,#7923,
    #7930,#7937,#7944,#7951,#7958,#7965,#7972,#7979,#7986,#7994,#8001,
    #8008,#8015,#8022,#8029,#8036,#8043,#8050,#8057,#8064,#8071,#8078,
    #8086,#8093,#8100,#8107,#8114,#8121,#8128,#8135,#8142),#2609);
#7696 = STYLED_ITEM('color',(#7697),#553);
#7697 = PRESENTATION_STYLE_ASSIGNMENT((#7698));
#7698 = SURFACE_STYLE_USAGE(.BOTH.,#7699);
#7699 = SURFACE_SIDE_STYLE('',(#7700));
#7700 = SURFACE_STYLE_FILL_AREA(#7701);
#7701 = FILL_AREA_STYLE('',(#7702));
#7702 = FILL_AREA_STYLE_COLOUR('',#7703);
#7703 = DRAUGHTING_PRE_DEFINED_COLOUR('white');
#7704 = OVER_RIDING_STYLED_ITEM('overriding color',(#7705),#555,#7696);
#7705 = PRESENTATION_STYLE_ASSIGNMENT((#7706));
#7706 = SURFACE_STYLE_USAGE(.BOTH.,#7707);
#7707 = SURFACE_SIDE_STYLE('',(#7708));
#7708 = SURFACE_STYLE_FILL_AREA(#7709);
#7709 = FILL_AREA_STYLE('',(#7710));
#7710 = FILL_AREA_STYLE_COLOUR('',#7711);
#7711 = COLOUR_RGB('',0.286274508045,0.662745088828,0.329411759782);
#7712 = OVER_RIDING_STYLED_ITEM('overriding color',(#7713),#597,#7696);
#7713 = PRESENTATION_STYLE_ASSIGNMENT((#7714));
#7714 = SURFACE_STYLE_USAGE(.BOTH.,#7715);
#7715 = SURFACE_SIDE_STYLE('',(#7716));
#7716 = SURFACE_STYLE_FILL_AREA(#7717);
#7717 = FILL_AREA_STYLE('',(#7718));
#7718 = FILL_AREA_STYLE_COLOUR('',#7703);
#7719 = OVER_RIDING_STYLED_ITEM('overriding color',(#7720),#800,#7696);
#7720 = PRESENTATION_STYLE_ASSIGNMENT((#7721));
#7721 = SURFACE_STYLE_USAGE(.BOTH.,#7722);
#7722 = SURFACE_SIDE_STYLE('',(#7723));
#7723 = SURFACE_STYLE_FILL_AREA(#7724);
#7724 = FILL_AREA_STYLE('',(#7725));
#7725 = FILL_AREA_STYLE_COLOUR('',#7726);
#7726 = COLOUR_RGB('',0.83137256512,0.67058823534,0.129411764627);
#7727 = OVER_RIDING_STYLED_ITEM('overriding color',(#7728),#862,#7696);
#7728 = PRESENTATION_STYLE_ASSIGNMENT((#7729));
#7729 = SURFACE_STYLE_USAGE(.BOTH.,#7730);
#7730 = SURFACE_SIDE_STYLE('',(#7731));
#7731 = SURFACE_STYLE_FILL_AREA(#7732);
#7732 = FILL_AREA_STYLE('',(#7733));
#7733 = FILL_AREA_STYLE_COLOUR('',#7703);
#7734 = OVER_RIDING_STYLED_ITEM('overriding color',(#7735),#1138,#7696);
#7735 = PRESENTATION_STYLE_ASSIGNMENT((#7736));
#7736 = SURFACE_STYLE_USAGE(.BOTH.,#7737);
#7737 = SURFACE_SIDE_STYLE('',(#7738));
#7738 = SURFACE_STYLE_FILL_AREA(#7739);
#7739 = FILL_AREA_STYLE('',(#7740));
#7740 = FILL_AREA_STYLE_COLOUR('',#7703);
#7741 = OVER_RIDING_STYLED_ITEM('overriding color',(#7742),#1160,#7696);
#7742 = PRESENTATION_STYLE_ASSIGNMENT((#7743));
#7743 = SURFACE_STYLE_USAGE(.BOTH.,#7744);
#7744 = SURFACE_SIDE_STYLE('',(#7745));
#7745 = SURFACE_STYLE_FILL_AREA(#7746);
#7746 = FILL_AREA_STYLE('',(#7747));
#7747 = FILL_AREA_STYLE_COLOUR('',#7703);
#7748 = OVER_RIDING_STYLED_ITEM('overriding color',(#7749),#1182,#7696);
#7749 = PRESENTATION_STYLE_ASSIGNMENT((#7750));
#7750 = SURFACE_STYLE_USAGE(.BOTH.,#7751);
#7751 = SURFACE_SIDE_STYLE('',(#7752));
#7752 = SURFACE_STYLE_FILL_AREA(#7753);
#7753 = FILL_AREA_STYLE('',(#7754));
#7754 = FILL_AREA_STYLE_COLOUR('',#7726);
#7755 = OVER_RIDING_STYLED_ITEM('overriding color',(#7756),#1222,#7696);
#7756 = PRESENTATION_STYLE_ASSIGNMENT((#7757));
#7757 = SURFACE_STYLE_USAGE(.BOTH.,#7758);
#7758 = SURFACE_SIDE_STYLE('',(#7759));
#7759 = SURFACE_STYLE_FILL_AREA(#7760);
#7760 = FILL_AREA_STYLE('',(#7761));
#7761 = FILL_AREA_STYLE_COLOUR('',#7726);
#7762 = OVER_RIDING_STYLED_ITEM('overriding color',(#7763),#1268,#7696);
#7763 = PRESENTATION_STYLE_ASSIGNMENT((#7764));
#7764 = SURFACE_STYLE_USAGE(.BOTH.,#7765);
#7765 = SURFACE_SIDE_STYLE('',(#7766));
#7766 = SURFACE_STYLE_FILL_AREA(#7767);
#7767 = FILL_AREA_STYLE('',(#7768));
#7768 = FILL_AREA_STYLE_COLOUR('',#7726);
#7769 = OVER_RIDING_STYLED_ITEM('overriding color',(#7770),#1314,#7696);
#7770 = PRESENTATION_STYLE_ASSIGNMENT((#7771));
#7771 = SURFACE_STYLE_USAGE(.BOTH.,#7772);
#7772 = SURFACE_SIDE_STYLE('',(#7773));
#7773 = SURFACE_STYLE_FILL_AREA(#7774);
#7774 = FILL_AREA_STYLE('',(#7775));
#7775 = FILL_AREA_STYLE_COLOUR('',#7726);
#7776 = OVER_RIDING_STYLED_ITEM('overriding color',(#7777),#1360,#7696);
#7777 = PRESENTATION_STYLE_ASSIGNMENT((#7778));
#7778 = SURFACE_STYLE_USAGE(.BOTH.,#7779);
#7779 = SURFACE_SIDE_STYLE('',(#7780));
#7780 = SURFACE_STYLE_FILL_AREA(#7781);
#7781 = FILL_AREA_STYLE('',(#7782));
#7782 = FILL_AREA_STYLE_COLOUR('',#7726);
#7783 = OVER_RIDING_STYLED_ITEM('overriding color',(#7784),#1406,#7696);
#7784 = PRESENTATION_STYLE_ASSIGNMENT((#7785));
#7785 = SURFACE_STYLE_USAGE(.BOTH.,#7786);
#7786 = SURFACE_SIDE_STYLE('',(#7787));
#7787 = SURFACE_STYLE_FILL_AREA(#7788);
#7788 = FILL_AREA_STYLE('',(#7789));
#7789 = FILL_AREA_STYLE_COLOUR('',#7726);
#7790 = OVER_RIDING_STYLED_ITEM('overriding color',(#7791),#1452,#7696);
#7791 = PRESENTATION_STYLE_ASSIGNMENT((#7792));
#7792 = SURFACE_STYLE_USAGE(.BOTH.,#7793);
#7793 = SURFACE_SIDE_STYLE('',(#7794));
#7794 = SURFACE_STYLE_FILL_AREA(#7795);
#7795 = FILL_AREA_STYLE('',(#7796));
#7796 = FILL_AREA_STYLE_COLOUR('',#7726);
#7797 = OVER_RIDING_STYLED_ITEM('overriding color',(#7798),#1498,#7696);
#7798 = PRESENTATION_STYLE_ASSIGNMENT((#7799));
#7799 = SURFACE_STYLE_USAGE(.BOTH.,#7800);
#7800 = SURFACE_SIDE_STYLE('',(#7801));
#7801 = SURFACE_STYLE_FILL_AREA(#7802);
#7802 = FILL_AREA_STYLE('',(#7803));
#7803 = FILL_AREA_STYLE_COLOUR('',#7726);
#7804 = OVER_RIDING_STYLED_ITEM('overriding color',(#7805),#1538,#7696);
#7805 = PRESENTATION_STYLE_ASSIGNMENT((#7806));
#7806 = SURFACE_STYLE_USAGE(.BOTH.,#7807);
#7807 = SURFACE_SIDE_STYLE('',(#7808));
#7808 = SURFACE_STYLE_FILL_AREA(#7809);
#7809 = FILL_AREA_STYLE('',(#7810));
#7810 = FILL_AREA_STYLE_COLOUR('',#7726);
#7811 = OVER_RIDING_STYLED_ITEM('overriding color',(#7812),#1562,#7696);
#7812 = PRESENTATION_STYLE_ASSIGNMENT((#7813));
#7813 = SURFACE_STYLE_USAGE(.BOTH.,#7814);
#7814 = SURFACE_SIDE_STYLE('',(#7815));
#7815 = SURFACE_STYLE_FILL_AREA(#7816);
#7816 = FILL_AREA_STYLE('',(#7817));
#7817 = FILL_AREA_STYLE_COLOUR('',#7726);
#7818 = OVER_RIDING_STYLED_ITEM('overriding color',(#7819),#1593,#7696);
#7819 = PRESENTATION_STYLE_ASSIGNMENT((#7820));
#7820 = SURFACE_STYLE_USAGE(.BOTH.,#7821);
#7821 = SURFACE_SIDE_STYLE('',(#7822));
#7822 = SURFACE_STYLE_FILL_AREA(#7823);
#7823 = FILL_AREA_STYLE('',(#7824));
#7824 = FILL_AREA_STYLE_COLOUR('',#7726);
#7825 = OVER_RIDING_STYLED_ITEM('overriding color',(#7826),#1617,#7696);
#7826 = PRESENTATION_STYLE_ASSIGNMENT((#7827));
#7827 = SURFACE_STYLE_USAGE(.BOTH.,#7828);
#7828 = SURFACE_SIDE_STYLE('',(#7829));
#7829 = SURFACE_STYLE_FILL_AREA(#7830);
#7830 = FILL_AREA_STYLE('',(#7831));
#7831 = FILL_AREA_STYLE_COLOUR('',#7726);
#7832 = OVER_RIDING_STYLED_ITEM('overriding color',(#7833),#1641,#7696);
#7833 = PRESENTATION_STYLE_ASSIGNMENT((#7834));
#7834 = SURFACE_STYLE_USAGE(.BOTH.,#7835);
#7835 = SURFACE_SIDE_STYLE('',(#7836));
#7836 = SURFACE_STYLE_FILL_AREA(#7837);
#7837 = FILL_AREA_STYLE('',(#7838));
#7838 = FILL_AREA_STYLE_COLOUR('',#7726);
#7839 = OVER_RIDING_STYLED_ITEM('overriding color',(#7840),#1655,#7696);
#7840 = PRESENTATION_STYLE_ASSIGNMENT((#7841));
#7841 = SURFACE_STYLE_USAGE(.BOTH.,#7842);
#7842 = SURFACE_SIDE_STYLE('',(#7843));
#7843 = SURFACE_STYLE_FILL_AREA(#7844);
#7844 = FILL_AREA_STYLE('',(#7845));
#7845 = FILL_AREA_STYLE_COLOUR('',#7726);
#7846 = OVER_RIDING_STYLED_ITEM('overriding color',(#7847),#1679,#7696);
#7847 = PRESENTATION_STYLE_ASSIGNMENT((#7848));
#7848 = SURFACE_STYLE_USAGE(.BOTH.,#7849);
#7849 = SURFACE_SIDE_STYLE('',(#7850));
#7850 = SURFACE_STYLE_FILL_AREA(#7851);
#7851 = FILL_AREA_STYLE('',(#7852));
#7852 = FILL_AREA_STYLE_COLOUR('',#7726);
#7853 = OVER_RIDING_STYLED_ITEM('overriding color',(#7854),#1716,#7696);
#7854 = PRESENTATION_STYLE_ASSIGNMENT((#7855));
#7855 = SURFACE_STYLE_USAGE(.BOTH.,#7856);
#7856 = SURFACE_SIDE_STYLE('',(#7857));
#7857 = SURFACE_STYLE_FILL_AREA(#7858);
#7858 = FILL_AREA_STYLE('',(#7859));
#7859 = FILL_AREA_STYLE_COLOUR('',#7726);
#7860 = OVER_RIDING_STYLED_ITEM('overriding color',(#7861),#1740,#7696);
#7861 = PRESENTATION_STYLE_ASSIGNMENT((#7862));
#7862 = SURFACE_STYLE_USAGE(.BOTH.,#7863);
#7863 = SURFACE_SIDE_STYLE('',(#7864));
#7864 = SURFACE_STYLE_FILL_AREA(#7865);
#7865 = FILL_AREA_STYLE('',(#7866));
#7866 = FILL_AREA_STYLE_COLOUR('',#7726);
#7867 = OVER_RIDING_STYLED_ITEM('overriding color',(#7868),#1770,#7696);
#7868 = PRESENTATION_STYLE_ASSIGNMENT((#7869));
#7869 = SURFACE_STYLE_USAGE(.BOTH.,#7870);
#7870 = SURFACE_SIDE_STYLE('',(#7871));
#7871 = SURFACE_STYLE_FILL_AREA(#7872);
#7872 = FILL_AREA_STYLE('',(#7873));
#7873 = FILL_AREA_STYLE_COLOUR('',#7726);
#7874 = OVER_RIDING_STYLED_ITEM('overriding color',(#7875),#1784,#7696);
#7875 = PRESENTATION_STYLE_ASSIGNMENT((#7876));
#7876 = SURFACE_STYLE_USAGE(.BOTH.,#7877);
#7877 = SURFACE_SIDE_STYLE('',(#7878));
#7878 = SURFACE_STYLE_FILL_AREA(#7879);
#7879 = FILL_AREA_STYLE('',(#7880));
#7880 = FILL_AREA_STYLE_COLOUR('',#7726);
#7881 = OVER_RIDING_STYLED_ITEM('overriding color',(#7882),#1808,#7696);
#7882 = PRESENTATION_STYLE_ASSIGNMENT((#7883));
#7883 = SURFACE_STYLE_USAGE(.BOTH.,#7884);
#7884 = SURFACE_SIDE_STYLE('',(#7885));
#7885 = SURFACE_STYLE_FILL_AREA(#7886);
#7886 = FILL_AREA_STYLE('',(#7887));
#7887 = FILL_AREA_STYLE_COLOUR('',#7726);
#7888 = OVER_RIDING_STYLED_ITEM('overriding color',(#7889),#1839,#7696);
#7889 = PRESENTATION_STYLE_ASSIGNMENT((#7890));
#7890 = SURFACE_STYLE_USAGE(.BOTH.,#7891);
#7891 = SURFACE_SIDE_STYLE('',(#7892));
#7892 = SURFACE_STYLE_FILL_AREA(#7893);
#7893 = FILL_AREA_STYLE('',(#7894));
#7894 = FILL_AREA_STYLE_COLOUR('',#7726);
#7895 = OVER_RIDING_STYLED_ITEM('overriding color',(#7896),#1863,#7696);
#7896 = PRESENTATION_STYLE_ASSIGNMENT((#7897));
#7897 = SURFACE_STYLE_USAGE(.BOTH.,#7898);
#7898 = SURFACE_SIDE_STYLE('',(#7899));
#7899 = SURFACE_STYLE_FILL_AREA(#7900);
#7900 = FILL_AREA_STYLE('',(#7901));
#7901 = FILL_AREA_STYLE_COLOUR('',#7726);
#7902 = OVER_RIDING_STYLED_ITEM('overriding color',(#7903),#1887,#7696);
#7903 = PRESENTATION_STYLE_ASSIGNMENT((#7904));
#7904 = SURFACE_STYLE_USAGE(.BOTH.,#7905);
#7905 = SURFACE_SIDE_STYLE('',(#7906));
#7906 = SURFACE_STYLE_FILL_AREA(#7907);
#7907 = FILL_AREA_STYLE('',(#7908));
#7908 = FILL_AREA_STYLE_COLOUR('',#7726);
#7909 = OVER_RIDING_STYLED_ITEM('overriding color',(#7910),#1901,#7696);
#7910 = PRESENTATION_STYLE_ASSIGNMENT((#7911));
#7911 = SURFACE_STYLE_USAGE(.BOTH.,#7912);
#7912 = SURFACE_SIDE_STYLE('',(#7913));
#7913 = SURFACE_STYLE_FILL_AREA(#7914);
#7914 = FILL_AREA_STYLE('',(#7915));
#7915 = FILL_AREA_STYLE_COLOUR('',#7726);
#7916 = OVER_RIDING_STYLED_ITEM('overriding color',(#7917),#1925,#7696);
#7917 = PRESENTATION_STYLE_ASSIGNMENT((#7918));
#7918 = SURFACE_STYLE_USAGE(.BOTH.,#7919);
#7919 = SURFACE_SIDE_STYLE('',(#7920));
#7920 = SURFACE_STYLE_FILL_AREA(#7921);
#7921 = FILL_AREA_STYLE('',(#7922));
#7922 = FILL_AREA_STYLE_COLOUR('',#7726);
#7923 = OVER_RIDING_STYLED_ITEM('overriding color',(#7924),#1956,#7696);
#7924 = PRESENTATION_STYLE_ASSIGNMENT((#7925));
#7925 = SURFACE_STYLE_USAGE(.BOTH.,#7926);
#7926 = SURFACE_SIDE_STYLE('',(#7927));
#7927 = SURFACE_STYLE_FILL_AREA(#7928);
#7928 = FILL_AREA_STYLE('',(#7929));
#7929 = FILL_AREA_STYLE_COLOUR('',#7726);
#7930 = OVER_RIDING_STYLED_ITEM('overriding color',(#7931),#1980,#7696);
#7931 = PRESENTATION_STYLE_ASSIGNMENT((#7932));
#7932 = SURFACE_STYLE_USAGE(.BOTH.,#7933);
#7933 = SURFACE_SIDE_STYLE('',(#7934));
#7934 = SURFACE_STYLE_FILL_AREA(#7935);
#7935 = FILL_AREA_STYLE('',(#7936));
#7936 = FILL_AREA_STYLE_COLOUR('',#7726);
#7937 = OVER_RIDING_STYLED_ITEM('overriding color',(#7938),#2004,#7696);
#7938 = PRESENTATION_STYLE_ASSIGNMENT((#7939));
#7939 = SURFACE_STYLE_USAGE(.BOTH.,#7940);
#7940 = SURFACE_SIDE_STYLE('',(#7941));
#7941 = SURFACE_STYLE_FILL_AREA(#7942);
#7942 = FILL_AREA_STYLE('',(#7943));
#7943 = FILL_AREA_STYLE_COLOUR('',#7726);
#7944 = OVER_RIDING_STYLED_ITEM('overriding color',(#7945),#2018,#7696);
#7945 = PRESENTATION_STYLE_ASSIGNMENT((#7946));
#7946 = SURFACE_STYLE_USAGE(.BOTH.,#7947);
#7947 = SURFACE_SIDE_STYLE('',(#7948));
#7948 = SURFACE_STYLE_FILL_AREA(#7949);
#7949 = FILL_AREA_STYLE('',(#7950));
#7950 = FILL_AREA_STYLE_COLOUR('',#7703);
#7951 = OVER_RIDING_STYLED_ITEM('overriding color',(#7952),#2030,#7696);
#7952 = PRESENTATION_STYLE_ASSIGNMENT((#7953));
#7953 = SURFACE_STYLE_USAGE(.BOTH.,#7954);
#7954 = SURFACE_SIDE_STYLE('',(#7955));
#7955 = SURFACE_STYLE_FILL_AREA(#7956);
#7956 = FILL_AREA_STYLE('',(#7957));
#7957 = FILL_AREA_STYLE_COLOUR('',#7703);
#7958 = OVER_RIDING_STYLED_ITEM('overriding color',(#7959),#2042,#7696);
#7959 = PRESENTATION_STYLE_ASSIGNMENT((#7960));
#7960 = SURFACE_STYLE_USAGE(.BOTH.,#7961);
#7961 = SURFACE_SIDE_STYLE('',(#7962));
#7962 = SURFACE_STYLE_FILL_AREA(#7963);
#7963 = FILL_AREA_STYLE('',(#7964));
#7964 = FILL_AREA_STYLE_COLOUR('',#7703);
#7965 = OVER_RIDING_STYLED_ITEM('overriding color',(#7966),#2054,#7696);
#7966 = PRESENTATION_STYLE_ASSIGNMENT((#7967));
#7967 = SURFACE_STYLE_USAGE(.BOTH.,#7968);
#7968 = SURFACE_SIDE_STYLE('',(#7969));
#7969 = SURFACE_STYLE_FILL_AREA(#7970);
#7970 = FILL_AREA_STYLE('',(#7971));
#7971 = FILL_AREA_STYLE_COLOUR('',#7703);
#7972 = OVER_RIDING_STYLED_ITEM('overriding color',(#7973),#2066,#7696);
#7973 = PRESENTATION_STYLE_ASSIGNMENT((#7974));
#7974 = SURFACE_STYLE_USAGE(.BOTH.,#7975);
#7975 = SURFACE_SIDE_STYLE('',(#7976));
#7976 = SURFACE_STYLE_FILL_AREA(#7977);
#7977 = FILL_AREA_STYLE('',(#7978));
#7978 = FILL_AREA_STYLE_COLOUR('',#7703);
#7979 = OVER_RIDING_STYLED_ITEM('overriding color',(#7980),#2078,#7696);
#7980 = PRESENTATION_STYLE_ASSIGNMENT((#7981));
#7981 = SURFACE_STYLE_USAGE(.BOTH.,#7982);
#7982 = SURFACE_SIDE_STYLE('',(#7983));
#7983 = SURFACE_STYLE_FILL_AREA(#7984);
#7984 = FILL_AREA_STYLE('',(#7985));
#7985 = FILL_AREA_STYLE_COLOUR('',#7703);
#7986 = OVER_RIDING_STYLED_ITEM('overriding color',(#7987),#2090,#7696);
#7987 = PRESENTATION_STYLE_ASSIGNMENT((#7988));
#7988 = SURFACE_STYLE_USAGE(.BOTH.,#7989);
#7989 = SURFACE_SIDE_STYLE('',(#7990));
#7990 = SURFACE_STYLE_FILL_AREA(#7991);
#7991 = FILL_AREA_STYLE('',(#7992));
#7992 = FILL_AREA_STYLE_COLOUR('',#7993);
#7993 = COLOUR_RGB('',0.101960784187,0.101960784187,0.101960784187);
#7994 = OVER_RIDING_STYLED_ITEM('overriding color',(#7995),#2102,#7696);
#7995 = PRESENTATION_STYLE_ASSIGNMENT((#7996));
#7996 = SURFACE_STYLE_USAGE(.BOTH.,#7997);
#7997 = SURFACE_SIDE_STYLE('',(#7998));
#7998 = SURFACE_STYLE_FILL_AREA(#7999);
#7999 = FILL_AREA_STYLE('',(#8000));
#8000 = FILL_AREA_STYLE_COLOUR('',#7726);
#8001 = OVER_RIDING_STYLED_ITEM('overriding color',(#8002),#2120,#7696);
#8002 = PRESENTATION_STYLE_ASSIGNMENT((#8003));
#8003 = SURFACE_STYLE_USAGE(.BOTH.,#8004);
#8004 = SURFACE_SIDE_STYLE('',(#8005));
#8005 = SURFACE_STYLE_FILL_AREA(#8006);
#8006 = FILL_AREA_STYLE('',(#8007));
#8007 = FILL_AREA_STYLE_COLOUR('',#7726);
#8008 = OVER_RIDING_STYLED_ITEM('overriding color',(#8009),#2132,#7696);
#8009 = PRESENTATION_STYLE_ASSIGNMENT((#8010));
#8010 = SURFACE_STYLE_USAGE(.BOTH.,#8011);
#8011 = SURFACE_SIDE_STYLE('',(#8012));
#8012 = SURFACE_STYLE_FILL_AREA(#8013);
#8013 = FILL_AREA_STYLE('',(#8014));
#8014 = FILL_AREA_STYLE_COLOUR('',#7726);
#8015 = OVER_RIDING_STYLED_ITEM('overriding color',(#8016),#2150,#7696);
#8016 = PRESENTATION_STYLE_ASSIGNMENT((#8017));
#8017 = SURFACE_STYLE_USAGE(.BOTH.,#8018);
#8018 = SURFACE_SIDE_STYLE('',(#8019));
#8019 = SURFACE_STYLE_FILL_AREA(#8020);
#8020 = FILL_AREA_STYLE('',(#8021));
#8021 = FILL_AREA_STYLE_COLOUR('',#7726);
#8022 = OVER_RIDING_STYLED_ITEM('overriding color',(#8023),#2162,#7696);
#8023 = PRESENTATION_STYLE_ASSIGNMENT((#8024));
#8024 = SURFACE_STYLE_USAGE(.BOTH.,#8025);
#8025 = SURFACE_SIDE_STYLE('',(#8026));
#8026 = SURFACE_STYLE_FILL_AREA(#8027);
#8027 = FILL_AREA_STYLE('',(#8028));
#8028 = FILL_AREA_STYLE_COLOUR('',#7726);
#8029 = OVER_RIDING_STYLED_ITEM('overriding color',(#8030),#2180,#7696);
#8030 = PRESENTATION_STYLE_ASSIGNMENT((#8031));
#8031 = SURFACE_STYLE_USAGE(.BOTH.,#8032);
#8032 = SURFACE_SIDE_STYLE('',(#8033));
#8033 = SURFACE_STYLE_FILL_AREA(#8034);
#8034 = FILL_AREA_STYLE('',(#8035));
#8035 = FILL_AREA_STYLE_COLOUR('',#7726);
#8036 = OVER_RIDING_STYLED_ITEM('overriding color',(#8037),#2192,#7696);
#8037 = PRESENTATION_STYLE_ASSIGNMENT((#8038));
#8038 = SURFACE_STYLE_USAGE(.BOTH.,#8039);
#8039 = SURFACE_SIDE_STYLE('',(#8040));
#8040 = SURFACE_STYLE_FILL_AREA(#8041);
#8041 = FILL_AREA_STYLE('',(#8042));
#8042 = FILL_AREA_STYLE_COLOUR('',#7726);
#8043 = OVER_RIDING_STYLED_ITEM('overriding color',(#8044),#2206,#7696);
#8044 = PRESENTATION_STYLE_ASSIGNMENT((#8045));
#8045 = SURFACE_STYLE_USAGE(.BOTH.,#8046);
#8046 = SURFACE_SIDE_STYLE('',(#8047));
#8047 = SURFACE_STYLE_FILL_AREA(#8048);
#8048 = FILL_AREA_STYLE('',(#8049));
#8049 = FILL_AREA_STYLE_COLOUR('',#7993);
#8050 = OVER_RIDING_STYLED_ITEM('overriding color',(#8051),#2246,#7696);
#8051 = PRESENTATION_STYLE_ASSIGNMENT((#8052));
#8052 = SURFACE_STYLE_USAGE(.BOTH.,#8053);
#8053 = SURFACE_SIDE_STYLE('',(#8054));
#8054 = SURFACE_STYLE_FILL_AREA(#8055);
#8055 = FILL_AREA_STYLE('',(#8056));
#8056 = FILL_AREA_STYLE_COLOUR('',#7993);
#8057 = OVER_RIDING_STYLED_ITEM('overriding color',(#8058),#2277,#7696);
#8058 = PRESENTATION_STYLE_ASSIGNMENT((#8059));
#8059 = SURFACE_STYLE_USAGE(.BOTH.,#8060);
#8060 = SURFACE_SIDE_STYLE('',(#8061));
#8061 = SURFACE_STYLE_FILL_AREA(#8062);
#8062 = FILL_AREA_STYLE('',(#8063));
#8063 = FILL_AREA_STYLE_COLOUR('',#7993);
#8064 = OVER_RIDING_STYLED_ITEM('overriding color',(#8065),#2308,#7696);
#8065 = PRESENTATION_STYLE_ASSIGNMENT((#8066));
#8066 = SURFACE_STYLE_USAGE(.BOTH.,#8067);
#8067 = SURFACE_SIDE_STYLE('',(#8068));
#8068 = SURFACE_STYLE_FILL_AREA(#8069);
#8069 = FILL_AREA_STYLE('',(#8070));
#8070 = FILL_AREA_STYLE_COLOUR('',#7993);
#8071 = OVER_RIDING_STYLED_ITEM('overriding color',(#8072),#2330,#7696);
#8072 = PRESENTATION_STYLE_ASSIGNMENT((#8073));
#8073 = SURFACE_STYLE_USAGE(.BOTH.,#8074);
#8074 = SURFACE_SIDE_STYLE('',(#8075));
#8075 = SURFACE_STYLE_FILL_AREA(#8076);
#8076 = FILL_AREA_STYLE('',(#8077));
#8077 = FILL_AREA_STYLE_COLOUR('',#7993);
#8078 = OVER_RIDING_STYLED_ITEM('overriding color',(#8079),#2342,#7696);
#8079 = PRESENTATION_STYLE_ASSIGNMENT((#8080));
#8080 = SURFACE_STYLE_USAGE(.BOTH.,#8081);
#8081 = SURFACE_SIDE_STYLE('',(#8082));
#8082 = SURFACE_STYLE_FILL_AREA(#8083);
#8083 = FILL_AREA_STYLE('',(#8084));
#8084 = FILL_AREA_STYLE_COLOUR('',#8085);
#8085 = COLOUR_RGB('',0.858823514405,0.858823514405,0.858823514405);
#8086 = OVER_RIDING_STYLED_ITEM('overriding color',(#8087),#2382,#7696);
#8087 = PRESENTATION_STYLE_ASSIGNMENT((#8088));
#8088 = SURFACE_STYLE_USAGE(.BOTH.,#8089);
#8089 = SURFACE_SIDE_STYLE('',(#8090));
#8090 = SURFACE_STYLE_FILL_AREA(#8091);
#8091 = FILL_AREA_STYLE('',(#8092));
#8092 = FILL_AREA_STYLE_COLOUR('',#8085);
#8093 = OVER_RIDING_STYLED_ITEM('overriding color',(#8094),#2413,#7696);
#8094 = PRESENTATION_STYLE_ASSIGNMENT((#8095));
#8095 = SURFACE_STYLE_USAGE(.BOTH.,#8096);
#8096 = SURFACE_SIDE_STYLE('',(#8097));
#8097 = SURFACE_STYLE_FILL_AREA(#8098);
#8098 = FILL_AREA_STYLE('',(#8099));
#8099 = FILL_AREA_STYLE_COLOUR('',#8085);
#8100 = OVER_RIDING_STYLED_ITEM('overriding color',(#8101),#2437,#7696);
#8101 = PRESENTATION_STYLE_ASSIGNMENT((#8102));
#8102 = SURFACE_STYLE_USAGE(.BOTH.,#8103);
#8103 = SURFACE_SIDE_STYLE('',(#8104));
#8104 = SURFACE_STYLE_FILL_AREA(#8105);
#8105 = FILL_AREA_STYLE('',(#8106));
#8106 = FILL_AREA_STYLE_COLOUR('',#8085);
#8107 = OVER_RIDING_STYLED_ITEM('overriding color',(#8108),#2468,#7696);
#8108 = PRESENTATION_STYLE_ASSIGNMENT((#8109));
#8109 = SURFACE_STYLE_USAGE(.BOTH.,#8110);
#8110 = SURFACE_SIDE_STYLE('',(#8111));
#8111 = SURFACE_STYLE_FILL_AREA(#8112);
#8112 = FILL_AREA_STYLE('',(#8113));
#8113 = FILL_AREA_STYLE_COLOUR('',#8085);
#8114 = OVER_RIDING_STYLED_ITEM('overriding color',(#8115),#2505,#7696);
#8115 = PRESENTATION_STYLE_ASSIGNMENT((#8116));
#8116 = SURFACE_STYLE_USAGE(.BOTH.,#8117);
#8117 = SURFACE_SIDE_STYLE('',(#8118));
#8118 = SURFACE_STYLE_FILL_AREA(#8119);
#8119 = FILL_AREA_STYLE('',(#8120));
#8120 = FILL_AREA_STYLE_COLOUR('',#7711);
#8121 = OVER_RIDING_STYLED_ITEM('overriding color',(#8122),#2530,#7696);
#8122 = PRESENTATION_STYLE_ASSIGNMENT((#8123));
#8123 = SURFACE_STYLE_USAGE(.BOTH.,#8124);
#8124 = SURFACE_SIDE_STYLE('',(#8125));
#8125 = SURFACE_STYLE_FILL_AREA(#8126);
#8126 = FILL_AREA_STYLE('',(#8127));
#8127 = FILL_AREA_STYLE_COLOUR('',#7711);
#8128 = OVER_RIDING_STYLED_ITEM('overriding color',(#8129),#2554,#7696);
#8129 = PRESENTATION_STYLE_ASSIGNMENT((#8130));
#8130 = SURFACE_STYLE_USAGE(.BOTH.,#8131);
#8131 = SURFACE_SIDE_STYLE('',(#8132));
#8132 = SURFACE_STYLE_FILL_AREA(#8133);
#8133 = FILL_AREA_STYLE('',(#8134));
#8134 = FILL_AREA_STYLE_COLOUR('',#7711);
#8135 = OVER_RIDING_STYLED_ITEM('overriding color',(#8136),#2579,#7696);
#8136 = PRESENTATION_STYLE_ASSIGNMENT((#8137));
#8137 = SURFACE_STYLE_USAGE(.BOTH.,#8138);
#8138 = SURFACE_SIDE_STYLE('',(#8139));
#8139 = SURFACE_STYLE_FILL_AREA(#8140);
#8140 = FILL_AREA_STYLE('',(#8141));
#8141 = FILL_AREA_STYLE_COLOUR('',#7711);
#8142 = OVER_RIDING_STYLED_ITEM('overriding color',(#8143),#2596,#7696);
#8143 = PRESENTATION_STYLE_ASSIGNMENT((#8144));
#8144 = SURFACE_STYLE_USAGE(.BOTH.,#8145);
#8145 = SURFACE_SIDE_STYLE('',(#8146));
#8146 = SURFACE_STYLE_FILL_AREA(#8147);
#8147 = FILL_AREA_STYLE('',(#8148));
#8148 = FILL_AREA_STYLE_COLOUR('',#7711);
ENDSEC;
END-ISO-10303-21;
